NDIME= 2
NELEM= 15048
9 0 100 101 1
9 1 101 102 2
9 2 102 103 3
9 3 103 104 4
9 4 104 105 5
9 5 105 106 6
9 6 106 107 7
9 7 107 108 8
9 8 108 109 9
9 9 109 110 10
9 10 110 111 11
9 11 111 112 12
9 12 112 113 13
9 13 113 114 14
9 14 114 115 15
9 15 115 116 16
9 16 116 117 17
9 17 117 118 18
9 18 118 119 19
9 19 119 120 20
9 20 120 121 21
9 21 121 122 22
9 22 122 123 23
9 23 123 124 24
9 24 124 125 25
9 25 125 126 26
9 26 126 127 27
9 27 127 128 28
9 28 128 129 29
9 29 129 130 30
9 30 130 131 31
9 31 131 132 32
9 32 132 133 33
9 33 133 134 34
9 34 134 135 35
9 35 135 136 36
9 36 136 137 37
9 37 137 138 38
9 38 138 139 39
9 39 139 140 40
9 40 140 141 41
9 41 141 142 42
9 42 142 143 43
9 43 143 144 44
9 44 144 145 45
9 45 145 146 46
9 46 146 147 47
9 47 147 148 48
9 48 148 149 49
9 49 149 150 50
9 50 150 151 51
9 51 151 152 52
9 52 152 153 53
9 53 153 154 54
9 54 154 155 55
9 55 155 156 56
9 56 156 157 57
9 57 157 158 58
9 58 158 159 59
9 59 159 160 60
9 60 160 161 61
9 61 161 162 62
9 62 162 163 63
9 63 163 164 64
9 64 164 165 65
9 65 165 166 66
9 66 166 167 67
9 67 167 168 68
9 68 168 169 69
9 69 169 170 70
9 70 170 171 71
9 71 171 172 72
9 72 172 173 73
9 73 173 174 74
9 74 174 175 75
9 75 175 176 76
9 76 176 177 77
9 77 177 178 78
9 78 178 179 79
9 79 179 180 80
9 80 180 181 81
9 81 181 182 82
9 82 182 183 83
9 83 183 184 84
9 84 184 185 85
9 85 185 186 86
9 86 186 187 87
9 87 187 188 88
9 88 188 189 89
9 89 189 190 90
9 90 190 191 91
9 91 191 192 92
9 92 192 193 93
9 93 193 194 94
9 94 194 195 95
9 95 195 196 96
9 96 196 197 97
9 97 197 198 98
9 98 198 199 99
9 100 200 201 101
9 101 201 202 102
9 102 202 203 103
9 103 203 204 104
9 104 204 205 105
9 105 205 206 106
9 106 206 207 107
9 107 207 208 108
9 108 208 209 109
9 109 209 210 110
9 110 210 211 111
9 111 211 212 112
9 112 212 213 113
9 113 213 214 114
9 114 214 215 115
9 115 215 216 116
9 116 216 217 117
9 117 217 218 118
9 118 218 219 119
9 119 219 220 120
9 120 220 221 121
9 121 221 222 122
9 122 222 223 123
9 123 223 224 124
9 124 224 225 125
9 125 225 226 126
9 126 226 227 127
9 127 227 228 128
9 128 228 229 129
9 129 229 230 130
9 130 230 231 131
9 131 231 232 132
9 132 232 233 133
9 133 233 234 134
9 134 234 235 135
9 135 235 236 136
9 136 236 237 137
9 137 237 238 138
9 138 238 239 139
9 139 239 240 140
9 140 240 241 141
9 141 241 242 142
9 142 242 243 143
9 143 243 244 144
9 144 244 245 145
9 145 245 246 146
9 146 246 247 147
9 147 247 248 148
9 148 248 249 149
9 149 249 250 150
9 150 250 251 151
9 151 251 252 152
9 152 252 253 153
9 153 253 254 154
9 154 254 255 155
9 155 255 256 156
9 156 256 257 157
9 157 257 258 158
9 158 258 259 159
9 159 259 260 160
9 160 260 261 161
9 161 261 262 162
9 162 262 263 163
9 163 263 264 164
9 164 264 265 165
9 165 265 266 166
9 166 266 267 167
9 167 267 268 168
9 168 268 269 169
9 169 269 270 170
9 170 270 271 171
9 171 271 272 172
9 172 272 273 173
9 173 273 274 174
9 174 274 275 175
9 175 275 276 176
9 176 276 277 177
9 177 277 278 178
9 178 278 279 179
9 179 279 280 180
9 180 280 281 181
9 181 281 282 182
9 182 282 283 183
9 183 283 284 184
9 184 284 285 185
9 185 285 286 186
9 186 286 287 187
9 187 287 288 188
9 188 288 289 189
9 189 289 290 190
9 190 290 291 191
9 191 291 292 192
9 192 292 293 193
9 193 293 294 194
9 194 294 295 195
9 195 295 296 196
9 196 296 297 197
9 197 297 298 198
9 198 298 299 199
9 200 300 301 201
9 201 301 302 202
9 202 302 303 203
9 203 303 304 204
9 204 304 305 205
9 205 305 306 206
9 206 306 307 207
9 207 307 308 208
9 208 308 309 209
9 209 309 310 210
9 210 310 311 211
9 211 311 312 212
9 212 312 313 213
9 213 313 314 214
9 214 314 315 215
9 215 315 316 216
9 216 316 317 217
9 217 317 318 218
9 218 318 319 219
9 219 319 320 220
9 220 320 321 221
9 221 321 322 222
9 222 322 323 223
9 223 323 324 224
9 224 324 325 225
9 225 325 326 226
9 226 326 327 227
9 227 327 328 228
9 228 328 329 229
9 229 329 330 230
9 230 330 331 231
9 231 331 332 232
9 232 332 333 233
9 233 333 334 234
9 234 334 335 235
9 235 335 336 236
9 236 336 337 237
9 237 337 338 238
9 238 338 339 239
9 239 339 340 240
9 240 340 341 241
9 241 341 342 242
9 242 342 343 243
9 243 343 344 244
9 244 344 345 245
9 245 345 346 246
9 246 346 347 247
9 247 347 348 248
9 248 348 349 249
9 249 349 350 250
9 250 350 351 251
9 251 351 352 252
9 252 352 353 253
9 253 353 354 254
9 254 354 355 255
9 255 355 356 256
9 256 356 357 257
9 257 357 358 258
9 258 358 359 259
9 259 359 360 260
9 260 360 361 261
9 261 361 362 262
9 262 362 363 263
9 263 363 364 264
9 264 364 365 265
9 265 365 366 266
9 266 366 367 267
9 267 367 368 268
9 268 368 369 269
9 269 369 370 270
9 270 370 371 271
9 271 371 372 272
9 272 372 373 273
9 273 373 374 274
9 274 374 375 275
9 275 375 376 276
9 276 376 377 277
9 277 377 378 278
9 278 378 379 279
9 279 379 380 280
9 280 380 381 281
9 281 381 382 282
9 282 382 383 283
9 283 383 384 284
9 284 384 385 285
9 285 385 386 286
9 286 386 387 287
9 287 387 388 288
9 288 388 389 289
9 289 389 390 290
9 290 390 391 291
9 291 391 392 292
9 292 392 393 293
9 293 393 394 294
9 294 394 395 295
9 295 395 396 296
9 296 396 397 297
9 297 397 398 298
9 298 398 399 299
9 300 400 401 301
9 301 401 402 302
9 302 402 403 303
9 303 403 404 304
9 304 404 405 305
9 305 405 406 306
9 306 406 407 307
9 307 407 408 308
9 308 408 409 309
9 309 409 410 310
9 310 410 411 311
9 311 411 412 312
9 312 412 413 313
9 313 413 414 314
9 314 414 415 315
9 315 415 416 316
9 316 416 417 317
9 317 417 418 318
9 318 418 419 319
9 319 419 420 320
9 320 420 421 321
9 321 421 422 322
9 322 422 423 323
9 323 423 424 324
9 324 424 425 325
9 325 425 426 326
9 326 426 427 327
9 327 427 428 328
9 328 428 429 329
9 329 429 430 330
9 330 430 431 331
9 331 431 432 332
9 332 432 433 333
9 333 433 434 334
9 334 434 435 335
9 335 435 436 336
9 336 436 437 337
9 337 437 438 338
9 338 438 439 339
9 339 439 440 340
9 340 440 441 341
9 341 441 442 342
9 342 442 443 343
9 343 443 444 344
9 344 444 445 345
9 345 445 446 346
9 346 446 447 347
9 347 447 448 348
9 348 448 449 349
9 349 449 450 350
9 350 450 451 351
9 351 451 452 352
9 352 452 453 353
9 353 453 454 354
9 354 454 455 355
9 355 455 456 356
9 356 456 457 357
9 357 457 458 358
9 358 458 459 359
9 359 459 460 360
9 360 460 461 361
9 361 461 462 362
9 362 462 463 363
9 363 463 464 364
9 364 464 465 365
9 365 465 466 366
9 366 466 467 367
9 367 467 468 368
9 368 468 469 369
9 369 469 470 370
9 370 470 471 371
9 371 471 472 372
9 372 472 473 373
9 373 473 474 374
9 374 474 475 375
9 375 475 476 376
9 376 476 477 377
9 377 477 478 378
9 378 478 479 379
9 379 479 480 380
9 380 480 481 381
9 381 481 482 382
9 382 482 483 383
9 383 483 484 384
9 384 484 485 385
9 385 485 486 386
9 386 486 487 387
9 387 487 488 388
9 388 488 489 389
9 389 489 490 390
9 390 490 491 391
9 391 491 492 392
9 392 492 493 393
9 393 493 494 394
9 394 494 495 395
9 395 495 496 396
9 396 496 497 397
9 397 497 498 398
9 398 498 499 399
9 400 500 501 401
9 401 501 502 402
9 402 502 503 403
9 403 503 504 404
9 404 504 505 405
9 405 505 506 406
9 406 506 507 407
9 407 507 508 408
9 408 508 509 409
9 409 509 510 410
9 410 510 511 411
9 411 511 512 412
9 412 512 513 413
9 413 513 514 414
9 414 514 515 415
9 415 515 516 416
9 416 516 517 417
9 417 517 518 418
9 418 518 519 419
9 419 519 520 420
9 420 520 521 421
9 421 521 522 422
9 422 522 523 423
9 423 523 524 424
9 424 524 525 425
9 425 525 526 426
9 426 526 527 427
9 427 527 528 428
9 428 528 529 429
9 429 529 530 430
9 430 530 531 431
9 431 531 532 432
9 432 532 533 433
9 433 533 534 434
9 434 534 535 435
9 435 535 536 436
9 436 536 537 437
9 437 537 538 438
9 438 538 539 439
9 439 539 540 440
9 440 540 541 441
9 441 541 542 442
9 442 542 543 443
9 443 543 544 444
9 444 544 545 445
9 445 545 546 446
9 446 546 547 447
9 447 547 548 448
9 448 548 549 449
9 449 549 550 450
9 450 550 551 451
9 451 551 552 452
9 452 552 553 453
9 453 553 554 454
9 454 554 555 455
9 455 555 556 456
9 456 556 557 457
9 457 557 558 458
9 458 558 559 459
9 459 559 560 460
9 460 560 561 461
9 461 561 562 462
9 462 562 563 463
9 463 563 564 464
9 464 564 565 465
9 465 565 566 466
9 466 566 567 467
9 467 567 568 468
9 468 568 569 469
9 469 569 570 470
9 470 570 571 471
9 471 571 572 472
9 472 572 573 473
9 473 573 574 474
9 474 574 575 475
9 475 575 576 476
9 476 576 577 477
9 477 577 578 478
9 478 578 579 479
9 479 579 580 480
9 480 580 581 481
9 481 581 582 482
9 482 582 583 483
9 483 583 584 484
9 484 584 585 485
9 485 585 586 486
9 486 586 587 487
9 487 587 588 488
9 488 588 589 489
9 489 589 590 490
9 490 590 591 491
9 491 591 592 492
9 492 592 593 493
9 493 593 594 494
9 494 594 595 495
9 495 595 596 496
9 496 596 597 497
9 497 597 598 498
9 498 598 599 499
9 500 600 601 501
9 501 601 602 502
9 502 602 603 503
9 503 603 604 504
9 504 604 605 505
9 505 605 606 506
9 506 606 607 507
9 507 607 608 508
9 508 608 609 509
9 509 609 610 510
9 510 610 611 511
9 511 611 612 512
9 512 612 613 513
9 513 613 614 514
9 514 614 615 515
9 515 615 616 516
9 516 616 617 517
9 517 617 618 518
9 518 618 619 519
9 519 619 620 520
9 520 620 621 521
9 521 621 622 522
9 522 622 623 523
9 523 623 624 524
9 524 624 625 525
9 525 625 626 526
9 526 626 627 527
9 527 627 628 528
9 528 628 629 529
9 529 629 630 530
9 530 630 631 531
9 531 631 632 532
9 532 632 633 533
9 533 633 634 534
9 534 634 635 535
9 535 635 636 536
9 536 636 637 537
9 537 637 638 538
9 538 638 639 539
9 539 639 640 540
9 540 640 641 541
9 541 641 642 542
9 542 642 643 543
9 543 643 644 544
9 544 644 645 545
9 545 645 646 546
9 546 646 647 547
9 547 647 648 548
9 548 648 649 549
9 549 649 650 550
9 550 650 651 551
9 551 651 652 552
9 552 652 653 553
9 553 653 654 554
9 554 654 655 555
9 555 655 656 556
9 556 656 657 557
9 557 657 658 558
9 558 658 659 559
9 559 659 660 560
9 560 660 661 561
9 561 661 662 562
9 562 662 663 563
9 563 663 664 564
9 564 664 665 565
9 565 665 666 566
9 566 666 667 567
9 567 667 668 568
9 568 668 669 569
9 569 669 670 570
9 570 670 671 571
9 571 671 672 572
9 572 672 673 573
9 573 673 674 574
9 574 674 675 575
9 575 675 676 576
9 576 676 677 577
9 577 677 678 578
9 578 678 679 579
9 579 679 680 580
9 580 680 681 581
9 581 681 682 582
9 582 682 683 583
9 583 683 684 584
9 584 684 685 585
9 585 685 686 586
9 586 686 687 587
9 587 687 688 588
9 588 688 689 589
9 589 689 690 590
9 590 690 691 591
9 591 691 692 592
9 592 692 693 593
9 593 693 694 594
9 594 694 695 595
9 595 695 696 596
9 596 696 697 597
9 597 697 698 598
9 598 698 699 599
9 600 700 701 601
9 601 701 702 602
9 602 702 703 603
9 603 703 704 604
9 604 704 705 605
9 605 705 706 606
9 606 706 707 607
9 607 707 708 608
9 608 708 709 609
9 609 709 710 610
9 610 710 711 611
9 611 711 712 612
9 612 712 713 613
9 613 713 714 614
9 614 714 715 615
9 615 715 716 616
9 616 716 717 617
9 617 717 718 618
9 618 718 719 619
9 619 719 720 620
9 620 720 721 621
9 621 721 722 622
9 622 722 723 623
9 623 723 724 624
9 624 724 725 625
9 625 725 726 626
9 626 726 727 627
9 627 727 728 628
9 628 728 729 629
9 629 729 730 630
9 630 730 731 631
9 631 731 732 632
9 632 732 733 633
9 633 733 734 634
9 634 734 735 635
9 635 735 736 636
9 636 736 737 637
9 637 737 738 638
9 638 738 739 639
9 639 739 740 640
9 640 740 741 641
9 641 741 742 642
9 642 742 743 643
9 643 743 744 644
9 644 744 745 645
9 645 745 746 646
9 646 746 747 647
9 647 747 748 648
9 648 748 749 649
9 649 749 750 650
9 650 750 751 651
9 651 751 752 652
9 652 752 753 653
9 653 753 754 654
9 654 754 755 655
9 655 755 756 656
9 656 756 757 657
9 657 757 758 658
9 658 758 759 659
9 659 759 760 660
9 660 760 761 661
9 661 761 762 662
9 662 762 763 663
9 663 763 764 664
9 664 764 765 665
9 665 765 766 666
9 666 766 767 667
9 667 767 768 668
9 668 768 769 669
9 669 769 770 670
9 670 770 771 671
9 671 771 772 672
9 672 772 773 673
9 673 773 774 674
9 674 774 775 675
9 675 775 776 676
9 676 776 777 677
9 677 777 778 678
9 678 778 779 679
9 679 779 780 680
9 680 780 781 681
9 681 781 782 682
9 682 782 783 683
9 683 783 784 684
9 684 784 785 685
9 685 785 786 686
9 686 786 787 687
9 687 787 788 688
9 688 788 789 689
9 689 789 790 690
9 690 790 791 691
9 691 791 792 692
9 692 792 793 693
9 693 793 794 694
9 694 794 795 695
9 695 795 796 696
9 696 796 797 697
9 697 797 798 698
9 698 798 799 699
9 700 800 801 701
9 701 801 802 702
9 702 802 803 703
9 703 803 804 704
9 704 804 805 705
9 705 805 806 706
9 706 806 807 707
9 707 807 808 708
9 708 808 809 709
9 709 809 810 710
9 710 810 811 711
9 711 811 812 712
9 712 812 813 713
9 713 813 814 714
9 714 814 815 715
9 715 815 816 716
9 716 816 817 717
9 717 817 818 718
9 718 818 819 719
9 719 819 820 720
9 720 820 821 721
9 721 821 822 722
9 722 822 823 723
9 723 823 824 724
9 724 824 825 725
9 725 825 826 726
9 726 826 827 727
9 727 827 828 728
9 728 828 829 729
9 729 829 830 730
9 730 830 831 731
9 731 831 832 732
9 732 832 833 733
9 733 833 834 734
9 734 834 835 735
9 735 835 836 736
9 736 836 837 737
9 737 837 838 738
9 738 838 839 739
9 739 839 840 740
9 740 840 841 741
9 741 841 842 742
9 742 842 843 743
9 743 843 844 744
9 744 844 845 745
9 745 845 846 746
9 746 846 847 747
9 747 847 848 748
9 748 848 849 749
9 749 849 850 750
9 750 850 851 751
9 751 851 852 752
9 752 852 853 753
9 753 853 854 754
9 754 854 855 755
9 755 855 856 756
9 756 856 857 757
9 757 857 858 758
9 758 858 859 759
9 759 859 860 760
9 760 860 861 761
9 761 861 862 762
9 762 862 863 763
9 763 863 864 764
9 764 864 865 765
9 765 865 866 766
9 766 866 867 767
9 767 867 868 768
9 768 868 869 769
9 769 869 870 770
9 770 870 871 771
9 771 871 872 772
9 772 872 873 773
9 773 873 874 774
9 774 874 875 775
9 775 875 876 776
9 776 876 877 777
9 777 877 878 778
9 778 878 879 779
9 779 879 880 780
9 780 880 881 781
9 781 881 882 782
9 782 882 883 783
9 783 883 884 784
9 784 884 885 785
9 785 885 886 786
9 786 886 887 787
9 787 887 888 788
9 788 888 889 789
9 789 889 890 790
9 790 890 891 791
9 791 891 892 792
9 792 892 893 793
9 793 893 894 794
9 794 894 895 795
9 795 895 896 796
9 796 896 897 797
9 797 897 898 798
9 798 898 899 799
9 800 900 901 801
9 801 901 902 802
9 802 902 903 803
9 803 903 904 804
9 804 904 905 805
9 805 905 906 806
9 806 906 907 807
9 807 907 908 808
9 808 908 909 809
9 809 909 910 810
9 810 910 911 811
9 811 911 912 812
9 812 912 913 813
9 813 913 914 814
9 814 914 915 815
9 815 915 916 816
9 816 916 917 817
9 817 917 918 818
9 818 918 919 819
9 819 919 920 820
9 820 920 921 821
9 821 921 922 822
9 822 922 923 823
9 823 923 924 824
9 824 924 925 825
9 825 925 926 826
9 826 926 927 827
9 827 927 928 828
9 828 928 929 829
9 829 929 930 830
9 830 930 931 831
9 831 931 932 832
9 832 932 933 833
9 833 933 934 834
9 834 934 935 835
9 835 935 936 836
9 836 936 937 837
9 837 937 938 838
9 838 938 939 839
9 839 939 940 840
9 840 940 941 841
9 841 941 942 842
9 842 942 943 843
9 843 943 944 844
9 844 944 945 845
9 845 945 946 846
9 846 946 947 847
9 847 947 948 848
9 848 948 949 849
9 849 949 950 850
9 850 950 951 851
9 851 951 952 852
9 852 952 953 853
9 853 953 954 854
9 854 954 955 855
9 855 955 956 856
9 856 956 957 857
9 857 957 958 858
9 858 958 959 859
9 859 959 960 860
9 860 960 961 861
9 861 961 962 862
9 862 962 963 863
9 863 963 964 864
9 864 964 965 865
9 865 965 966 866
9 866 966 967 867
9 867 967 968 868
9 868 968 969 869
9 869 969 970 870
9 870 970 971 871
9 871 971 972 872
9 872 972 973 873
9 873 973 974 874
9 874 974 975 875
9 875 975 976 876
9 876 976 977 877
9 877 977 978 878
9 878 978 979 879
9 879 979 980 880
9 880 980 981 881
9 881 981 982 882
9 882 982 983 883
9 883 983 984 884
9 884 984 985 885
9 885 985 986 886
9 886 986 987 887
9 887 987 988 888
9 888 988 989 889
9 889 989 990 890
9 890 990 991 891
9 891 991 992 892
9 892 992 993 893
9 893 993 994 894
9 894 994 995 895
9 895 995 996 896
9 896 996 997 897
9 897 997 998 898
9 898 998 999 899
9 900 1000 1001 901
9 901 1001 1002 902
9 902 1002 1003 903
9 903 1003 1004 904
9 904 1004 1005 905
9 905 1005 1006 906
9 906 1006 1007 907
9 907 1007 1008 908
9 908 1008 1009 909
9 909 1009 1010 910
9 910 1010 1011 911
9 911 1011 1012 912
9 912 1012 1013 913
9 913 1013 1014 914
9 914 1014 1015 915
9 915 1015 1016 916
9 916 1016 1017 917
9 917 1017 1018 918
9 918 1018 1019 919
9 919 1019 1020 920
9 920 1020 1021 921
9 921 1021 1022 922
9 922 1022 1023 923
9 923 1023 1024 924
9 924 1024 1025 925
9 925 1025 1026 926
9 926 1026 1027 927
9 927 1027 1028 928
9 928 1028 1029 929
9 929 1029 1030 930
9 930 1030 1031 931
9 931 1031 1032 932
9 932 1032 1033 933
9 933 1033 1034 934
9 934 1034 1035 935
9 935 1035 1036 936
9 936 1036 1037 937
9 937 1037 1038 938
9 938 1038 1039 939
9 939 1039 1040 940
9 940 1040 1041 941
9 941 1041 1042 942
9 942 1042 1043 943
9 943 1043 1044 944
9 944 1044 1045 945
9 945 1045 1046 946
9 946 1046 1047 947
9 947 1047 1048 948
9 948 1048 1049 949
9 949 1049 1050 950
9 950 1050 1051 951
9 951 1051 1052 952
9 952 1052 1053 953
9 953 1053 1054 954
9 954 1054 1055 955
9 955 1055 1056 956
9 956 1056 1057 957
9 957 1057 1058 958
9 958 1058 1059 959
9 959 1059 1060 960
9 960 1060 1061 961
9 961 1061 1062 962
9 962 1062 1063 963
9 963 1063 1064 964
9 964 1064 1065 965
9 965 1065 1066 966
9 966 1066 1067 967
9 967 1067 1068 968
9 968 1068 1069 969
9 969 1069 1070 970
9 970 1070 1071 971
9 971 1071 1072 972
9 972 1072 1073 973
9 973 1073 1074 974
9 974 1074 1075 975
9 975 1075 1076 976
9 976 1076 1077 977
9 977 1077 1078 978
9 978 1078 1079 979
9 979 1079 1080 980
9 980 1080 1081 981
9 981 1081 1082 982
9 982 1082 1083 983
9 983 1083 1084 984
9 984 1084 1085 985
9 985 1085 1086 986
9 986 1086 1087 987
9 987 1087 1088 988
9 988 1088 1089 989
9 989 1089 1090 990
9 990 1090 1091 991
9 991 1091 1092 992
9 992 1092 1093 993
9 993 1093 1094 994
9 994 1094 1095 995
9 995 1095 1096 996
9 996 1096 1097 997
9 997 1097 1098 998
9 998 1098 1099 999
9 1000 1100 1101 1001
9 1001 1101 1102 1002
9 1002 1102 1103 1003
9 1003 1103 1104 1004
9 1004 1104 1105 1005
9 1005 1105 1106 1006
9 1006 1106 1107 1007
9 1007 1107 1108 1008
9 1008 1108 1109 1009
9 1009 1109 1110 1010
9 1010 1110 1111 1011
9 1011 1111 1112 1012
9 1012 1112 1113 1013
9 1013 1113 1114 1014
9 1014 1114 1115 1015
9 1015 1115 1116 1016
9 1016 1116 1117 1017
9 1017 1117 1118 1018
9 1018 1118 1119 1019
9 1019 1119 1120 1020
9 1020 1120 1121 1021
9 1021 1121 1122 1022
9 1022 1122 1123 1023
9 1023 1123 1124 1024
9 1024 1124 1125 1025
9 1025 1125 1126 1026
9 1026 1126 1127 1027
9 1027 1127 1128 1028
9 1028 1128 1129 1029
9 1029 1129 1130 1030
9 1030 1130 1131 1031
9 1031 1131 1132 1032
9 1032 1132 1133 1033
9 1033 1133 1134 1034
9 1034 1134 1135 1035
9 1035 1135 1136 1036
9 1036 1136 1137 1037
9 1037 1137 1138 1038
9 1038 1138 1139 1039
9 1039 1139 1140 1040
9 1040 1140 1141 1041
9 1041 1141 1142 1042
9 1042 1142 1143 1043
9 1043 1143 1144 1044
9 1044 1144 1145 1045
9 1045 1145 1146 1046
9 1046 1146 1147 1047
9 1047 1147 1148 1048
9 1048 1148 1149 1049
9 1049 1149 1150 1050
9 1050 1150 1151 1051
9 1051 1151 1152 1052
9 1052 1152 1153 1053
9 1053 1153 1154 1054
9 1054 1154 1155 1055
9 1055 1155 1156 1056
9 1056 1156 1157 1057
9 1057 1157 1158 1058
9 1058 1158 1159 1059
9 1059 1159 1160 1060
9 1060 1160 1161 1061
9 1061 1161 1162 1062
9 1062 1162 1163 1063
9 1063 1163 1164 1064
9 1064 1164 1165 1065
9 1065 1165 1166 1066
9 1066 1166 1167 1067
9 1067 1167 1168 1068
9 1068 1168 1169 1069
9 1069 1169 1170 1070
9 1070 1170 1171 1071
9 1071 1171 1172 1072
9 1072 1172 1173 1073
9 1073 1173 1174 1074
9 1074 1174 1175 1075
9 1075 1175 1176 1076
9 1076 1176 1177 1077
9 1077 1177 1178 1078
9 1078 1178 1179 1079
9 1079 1179 1180 1080
9 1080 1180 1181 1081
9 1081 1181 1182 1082
9 1082 1182 1183 1083
9 1083 1183 1184 1084
9 1084 1184 1185 1085
9 1085 1185 1186 1086
9 1086 1186 1187 1087
9 1087 1187 1188 1088
9 1088 1188 1189 1089
9 1089 1189 1190 1090
9 1090 1190 1191 1091
9 1091 1191 1192 1092
9 1092 1192 1193 1093
9 1093 1193 1194 1094
9 1094 1194 1195 1095
9 1095 1195 1196 1096
9 1096 1196 1197 1097
9 1097 1197 1198 1098
9 1098 1198 1199 1099
9 1100 1200 1201 1101
9 1101 1201 1202 1102
9 1102 1202 1203 1103
9 1103 1203 1204 1104
9 1104 1204 1205 1105
9 1105 1205 1206 1106
9 1106 1206 1207 1107
9 1107 1207 1208 1108
9 1108 1208 1209 1109
9 1109 1209 1210 1110
9 1110 1210 1211 1111
9 1111 1211 1212 1112
9 1112 1212 1213 1113
9 1113 1213 1214 1114
9 1114 1214 1215 1115
9 1115 1215 1216 1116
9 1116 1216 1217 1117
9 1117 1217 1218 1118
9 1118 1218 1219 1119
9 1119 1219 1220 1120
9 1120 1220 1221 1121
9 1121 1221 1222 1122
9 1122 1222 1223 1123
9 1123 1223 1224 1124
9 1124 1224 1225 1125
9 1125 1225 1226 1126
9 1126 1226 1227 1127
9 1127 1227 1228 1128
9 1128 1228 1229 1129
9 1129 1229 1230 1130
9 1130 1230 1231 1131
9 1131 1231 1232 1132
9 1132 1232 1233 1133
9 1133 1233 1234 1134
9 1134 1234 1235 1135
9 1135 1235 1236 1136
9 1136 1236 1237 1137
9 1137 1237 1238 1138
9 1138 1238 1239 1139
9 1139 1239 1240 1140
9 1140 1240 1241 1141
9 1141 1241 1242 1142
9 1142 1242 1243 1143
9 1143 1243 1244 1144
9 1144 1244 1245 1145
9 1145 1245 1246 1146
9 1146 1246 1247 1147
9 1147 1247 1248 1148
9 1148 1248 1249 1149
9 1149 1249 1250 1150
9 1150 1250 1251 1151
9 1151 1251 1252 1152
9 1152 1252 1253 1153
9 1153 1253 1254 1154
9 1154 1254 1255 1155
9 1155 1255 1256 1156
9 1156 1256 1257 1157
9 1157 1257 1258 1158
9 1158 1258 1259 1159
9 1159 1259 1260 1160
9 1160 1260 1261 1161
9 1161 1261 1262 1162
9 1162 1262 1263 1163
9 1163 1263 1264 1164
9 1164 1264 1265 1165
9 1165 1265 1266 1166
9 1166 1266 1267 1167
9 1167 1267 1268 1168
9 1168 1268 1269 1169
9 1169 1269 1270 1170
9 1170 1270 1271 1171
9 1171 1271 1272 1172
9 1172 1272 1273 1173
9 1173 1273 1274 1174
9 1174 1274 1275 1175
9 1175 1275 1276 1176
9 1176 1276 1277 1177
9 1177 1277 1278 1178
9 1178 1278 1279 1179
9 1179 1279 1280 1180
9 1180 1280 1281 1181
9 1181 1281 1282 1182
9 1182 1282 1283 1183
9 1183 1283 1284 1184
9 1184 1284 1285 1185
9 1185 1285 1286 1186
9 1186 1286 1287 1187
9 1187 1287 1288 1188
9 1188 1288 1289 1189
9 1189 1289 1290 1190
9 1190 1290 1291 1191
9 1191 1291 1292 1192
9 1192 1292 1293 1193
9 1193 1293 1294 1194
9 1194 1294 1295 1195
9 1195 1295 1296 1196
9 1196 1296 1297 1197
9 1197 1297 1298 1198
9 1198 1298 1299 1199
9 1200 1300 1301 1201
9 1201 1301 1302 1202
9 1202 1302 1303 1203
9 1203 1303 1304 1204
9 1204 1304 1305 1205
9 1205 1305 1306 1206
9 1206 1306 1307 1207
9 1207 1307 1308 1208
9 1208 1308 1309 1209
9 1209 1309 1310 1210
9 1210 1310 1311 1211
9 1211 1311 1312 1212
9 1212 1312 1313 1213
9 1213 1313 1314 1214
9 1214 1314 1315 1215
9 1215 1315 1316 1216
9 1216 1316 1317 1217
9 1217 1317 1318 1218
9 1218 1318 1319 1219
9 1219 1319 1320 1220
9 1220 1320 1321 1221
9 1221 1321 1322 1222
9 1222 1322 1323 1223
9 1223 1323 1324 1224
9 1224 1324 1325 1225
9 1225 1325 1326 1226
9 1226 1326 1327 1227
9 1227 1327 1328 1228
9 1228 1328 1329 1229
9 1229 1329 1330 1230
9 1230 1330 1331 1231
9 1231 1331 1332 1232
9 1232 1332 1333 1233
9 1233 1333 1334 1234
9 1234 1334 1335 1235
9 1235 1335 1336 1236
9 1236 1336 1337 1237
9 1237 1337 1338 1238
9 1238 1338 1339 1239
9 1239 1339 1340 1240
9 1240 1340 1341 1241
9 1241 1341 1342 1242
9 1242 1342 1343 1243
9 1243 1343 1344 1244
9 1244 1344 1345 1245
9 1245 1345 1346 1246
9 1246 1346 1347 1247
9 1247 1347 1348 1248
9 1248 1348 1349 1249
9 1249 1349 1350 1250
9 1250 1350 1351 1251
9 1251 1351 1352 1252
9 1252 1352 1353 1253
9 1253 1353 1354 1254
9 1254 1354 1355 1255
9 1255 1355 1356 1256
9 1256 1356 1357 1257
9 1257 1357 1358 1258
9 1258 1358 1359 1259
9 1259 1359 1360 1260
9 1260 1360 1361 1261
9 1261 1361 1362 1262
9 1262 1362 1363 1263
9 1263 1363 1364 1264
9 1264 1364 1365 1265
9 1265 1365 1366 1266
9 1266 1366 1367 1267
9 1267 1367 1368 1268
9 1268 1368 1369 1269
9 1269 1369 1370 1270
9 1270 1370 1371 1271
9 1271 1371 1372 1272
9 1272 1372 1373 1273
9 1273 1373 1374 1274
9 1274 1374 1375 1275
9 1275 1375 1376 1276
9 1276 1376 1377 1277
9 1277 1377 1378 1278
9 1278 1378 1379 1279
9 1279 1379 1380 1280
9 1280 1380 1381 1281
9 1281 1381 1382 1282
9 1282 1382 1383 1283
9 1283 1383 1384 1284
9 1284 1384 1385 1285
9 1285 1385 1386 1286
9 1286 1386 1387 1287
9 1287 1387 1388 1288
9 1288 1388 1389 1289
9 1289 1389 1390 1290
9 1290 1390 1391 1291
9 1291 1391 1392 1292
9 1292 1392 1393 1293
9 1293 1393 1394 1294
9 1294 1394 1395 1295
9 1295 1395 1396 1296
9 1296 1396 1397 1297
9 1297 1397 1398 1298
9 1298 1398 1399 1299
9 1300 1400 1401 1301
9 1301 1401 1402 1302
9 1302 1402 1403 1303
9 1303 1403 1404 1304
9 1304 1404 1405 1305
9 1305 1405 1406 1306
9 1306 1406 1407 1307
9 1307 1407 1408 1308
9 1308 1408 1409 1309
9 1309 1409 1410 1310
9 1310 1410 1411 1311
9 1311 1411 1412 1312
9 1312 1412 1413 1313
9 1313 1413 1414 1314
9 1314 1414 1415 1315
9 1315 1415 1416 1316
9 1316 1416 1417 1317
9 1317 1417 1418 1318
9 1318 1418 1419 1319
9 1319 1419 1420 1320
9 1320 1420 1421 1321
9 1321 1421 1422 1322
9 1322 1422 1423 1323
9 1323 1423 1424 1324
9 1324 1424 1425 1325
9 1325 1425 1426 1326
9 1326 1426 1427 1327
9 1327 1427 1428 1328
9 1328 1428 1429 1329
9 1329 1429 1430 1330
9 1330 1430 1431 1331
9 1331 1431 1432 1332
9 1332 1432 1433 1333
9 1333 1433 1434 1334
9 1334 1434 1435 1335
9 1335 1435 1436 1336
9 1336 1436 1437 1337
9 1337 1437 1438 1338
9 1338 1438 1439 1339
9 1339 1439 1440 1340
9 1340 1440 1441 1341
9 1341 1441 1442 1342
9 1342 1442 1443 1343
9 1343 1443 1444 1344
9 1344 1444 1445 1345
9 1345 1445 1446 1346
9 1346 1446 1447 1347
9 1347 1447 1448 1348
9 1348 1448 1449 1349
9 1349 1449 1450 1350
9 1350 1450 1451 1351
9 1351 1451 1452 1352
9 1352 1452 1453 1353
9 1353 1453 1454 1354
9 1354 1454 1455 1355
9 1355 1455 1456 1356
9 1356 1456 1457 1357
9 1357 1457 1458 1358
9 1358 1458 1459 1359
9 1359 1459 1460 1360
9 1360 1460 1461 1361
9 1361 1461 1462 1362
9 1362 1462 1463 1363
9 1363 1463 1464 1364
9 1364 1464 1465 1365
9 1365 1465 1466 1366
9 1366 1466 1467 1367
9 1367 1467 1468 1368
9 1368 1468 1469 1369
9 1369 1469 1470 1370
9 1370 1470 1471 1371
9 1371 1471 1472 1372
9 1372 1472 1473 1373
9 1373 1473 1474 1374
9 1374 1474 1475 1375
9 1375 1475 1476 1376
9 1376 1476 1477 1377
9 1377 1477 1478 1378
9 1378 1478 1479 1379
9 1379 1479 1480 1380
9 1380 1480 1481 1381
9 1381 1481 1482 1382
9 1382 1482 1483 1383
9 1383 1483 1484 1384
9 1384 1484 1485 1385
9 1385 1485 1486 1386
9 1386 1486 1487 1387
9 1387 1487 1488 1388
9 1388 1488 1489 1389
9 1389 1489 1490 1390
9 1390 1490 1491 1391
9 1391 1491 1492 1392
9 1392 1492 1493 1393
9 1393 1493 1494 1394
9 1394 1494 1495 1395
9 1395 1495 1496 1396
9 1396 1496 1497 1397
9 1397 1497 1498 1398
9 1398 1498 1499 1399
9 1400 1500 1501 1401
9 1401 1501 1502 1402
9 1402 1502 1503 1403
9 1403 1503 1504 1404
9 1404 1504 1505 1405
9 1405 1505 1506 1406
9 1406 1506 1507 1407
9 1407 1507 1508 1408
9 1408 1508 1509 1409
9 1409 1509 1510 1410
9 1410 1510 1511 1411
9 1411 1511 1512 1412
9 1412 1512 1513 1413
9 1413 1513 1514 1414
9 1414 1514 1515 1415
9 1415 1515 1516 1416
9 1416 1516 1517 1417
9 1417 1517 1518 1418
9 1418 1518 1519 1419
9 1419 1519 1520 1420
9 1420 1520 1521 1421
9 1421 1521 1522 1422
9 1422 1522 1523 1423
9 1423 1523 1524 1424
9 1424 1524 1525 1425
9 1425 1525 1526 1426
9 1426 1526 1527 1427
9 1427 1527 1528 1428
9 1428 1528 1529 1429
9 1429 1529 1530 1430
9 1430 1530 1531 1431
9 1431 1531 1532 1432
9 1432 1532 1533 1433
9 1433 1533 1534 1434
9 1434 1534 1535 1435
9 1435 1535 1536 1436
9 1436 1536 1537 1437
9 1437 1537 1538 1438
9 1438 1538 1539 1439
9 1439 1539 1540 1440
9 1440 1540 1541 1441
9 1441 1541 1542 1442
9 1442 1542 1543 1443
9 1443 1543 1544 1444
9 1444 1544 1545 1445
9 1445 1545 1546 1446
9 1446 1546 1547 1447
9 1447 1547 1548 1448
9 1448 1548 1549 1449
9 1449 1549 1550 1450
9 1450 1550 1551 1451
9 1451 1551 1552 1452
9 1452 1552 1553 1453
9 1453 1553 1554 1454
9 1454 1554 1555 1455
9 1455 1555 1556 1456
9 1456 1556 1557 1457
9 1457 1557 1558 1458
9 1458 1558 1559 1459
9 1459 1559 1560 1460
9 1460 1560 1561 1461
9 1461 1561 1562 1462
9 1462 1562 1563 1463
9 1463 1563 1564 1464
9 1464 1564 1565 1465
9 1465 1565 1566 1466
9 1466 1566 1567 1467
9 1467 1567 1568 1468
9 1468 1568 1569 1469
9 1469 1569 1570 1470
9 1470 1570 1571 1471
9 1471 1571 1572 1472
9 1472 1572 1573 1473
9 1473 1573 1574 1474
9 1474 1574 1575 1475
9 1475 1575 1576 1476
9 1476 1576 1577 1477
9 1477 1577 1578 1478
9 1478 1578 1579 1479
9 1479 1579 1580 1480
9 1480 1580 1581 1481
9 1481 1581 1582 1482
9 1482 1582 1583 1483
9 1483 1583 1584 1484
9 1484 1584 1585 1485
9 1485 1585 1586 1486
9 1486 1586 1587 1487
9 1487 1587 1588 1488
9 1488 1588 1589 1489
9 1489 1589 1590 1490
9 1490 1590 1591 1491
9 1491 1591 1592 1492
9 1492 1592 1593 1493
9 1493 1593 1594 1494
9 1494 1594 1595 1495
9 1495 1595 1596 1496
9 1496 1596 1597 1497
9 1497 1597 1598 1498
9 1498 1598 1599 1499
9 1500 1600 1601 1501
9 1501 1601 1602 1502
9 1502 1602 1603 1503
9 1503 1603 1604 1504
9 1504 1604 1605 1505
9 1505 1605 1606 1506
9 1506 1606 1607 1507
9 1507 1607 1608 1508
9 1508 1608 1609 1509
9 1509 1609 1610 1510
9 1510 1610 1611 1511
9 1511 1611 1612 1512
9 1512 1612 1613 1513
9 1513 1613 1614 1514
9 1514 1614 1615 1515
9 1515 1615 1616 1516
9 1516 1616 1617 1517
9 1517 1617 1618 1518
9 1518 1618 1619 1519
9 1519 1619 1620 1520
9 1520 1620 1621 1521
9 1521 1621 1622 1522
9 1522 1622 1623 1523
9 1523 1623 1624 1524
9 1524 1624 1625 1525
9 1525 1625 1626 1526
9 1526 1626 1627 1527
9 1527 1627 1628 1528
9 1528 1628 1629 1529
9 1529 1629 1630 1530
9 1530 1630 1631 1531
9 1531 1631 1632 1532
9 1532 1632 1633 1533
9 1533 1633 1634 1534
9 1534 1634 1635 1535
9 1535 1635 1636 1536
9 1536 1636 1637 1537
9 1537 1637 1638 1538
9 1538 1638 1639 1539
9 1539 1639 1640 1540
9 1540 1640 1641 1541
9 1541 1641 1642 1542
9 1542 1642 1643 1543
9 1543 1643 1644 1544
9 1544 1644 1645 1545
9 1545 1645 1646 1546
9 1546 1646 1647 1547
9 1547 1647 1648 1548
9 1548 1648 1649 1549
9 1549 1649 1650 1550
9 1550 1650 1651 1551
9 1551 1651 1652 1552
9 1552 1652 1653 1553
9 1553 1653 1654 1554
9 1554 1654 1655 1555
9 1555 1655 1656 1556
9 1556 1656 1657 1557
9 1557 1657 1658 1558
9 1558 1658 1659 1559
9 1559 1659 1660 1560
9 1560 1660 1661 1561
9 1561 1661 1662 1562
9 1562 1662 1663 1563
9 1563 1663 1664 1564
9 1564 1664 1665 1565
9 1565 1665 1666 1566
9 1566 1666 1667 1567
9 1567 1667 1668 1568
9 1568 1668 1669 1569
9 1569 1669 1670 1570
9 1570 1670 1671 1571
9 1571 1671 1672 1572
9 1572 1672 1673 1573
9 1573 1673 1674 1574
9 1574 1674 1675 1575
9 1575 1675 1676 1576
9 1576 1676 1677 1577
9 1577 1677 1678 1578
9 1578 1678 1679 1579
9 1579 1679 1680 1580
9 1580 1680 1681 1581
9 1581 1681 1682 1582
9 1582 1682 1683 1583
9 1583 1683 1684 1584
9 1584 1684 1685 1585
9 1585 1685 1686 1586
9 1586 1686 1687 1587
9 1587 1687 1688 1588
9 1588 1688 1689 1589
9 1589 1689 1690 1590
9 1590 1690 1691 1591
9 1591 1691 1692 1592
9 1592 1692 1693 1593
9 1593 1693 1694 1594
9 1594 1694 1695 1595
9 1595 1695 1696 1596
9 1596 1696 1697 1597
9 1597 1697 1698 1598
9 1598 1698 1699 1599
9 1600 1700 1701 1601
9 1601 1701 1702 1602
9 1602 1702 1703 1603
9 1603 1703 1704 1604
9 1604 1704 1705 1605
9 1605 1705 1706 1606
9 1606 1706 1707 1607
9 1607 1707 1708 1608
9 1608 1708 1709 1609
9 1609 1709 1710 1610
9 1610 1710 1711 1611
9 1611 1711 1712 1612
9 1612 1712 1713 1613
9 1613 1713 1714 1614
9 1614 1714 1715 1615
9 1615 1715 1716 1616
9 1616 1716 1717 1617
9 1617 1717 1718 1618
9 1618 1718 1719 1619
9 1619 1719 1720 1620
9 1620 1720 1721 1621
9 1621 1721 1722 1622
9 1622 1722 1723 1623
9 1623 1723 1724 1624
9 1624 1724 1725 1625
9 1625 1725 1726 1626
9 1626 1726 1727 1627
9 1627 1727 1728 1628
9 1628 1728 1729 1629
9 1629 1729 1730 1630
9 1630 1730 1731 1631
9 1631 1731 1732 1632
9 1632 1732 1733 1633
9 1633 1733 1734 1634
9 1634 1734 1735 1635
9 1635 1735 1736 1636
9 1636 1736 1737 1637
9 1637 1737 1738 1638
9 1638 1738 1739 1639
9 1639 1739 1740 1640
9 1640 1740 1741 1641
9 1641 1741 1742 1642
9 1642 1742 1743 1643
9 1643 1743 1744 1644
9 1644 1744 1745 1645
9 1645 1745 1746 1646
9 1646 1746 1747 1647
9 1647 1747 1748 1648
9 1648 1748 1749 1649
9 1649 1749 1750 1650
9 1650 1750 1751 1651
9 1651 1751 1752 1652
9 1652 1752 1753 1653
9 1653 1753 1754 1654
9 1654 1754 1755 1655
9 1655 1755 1756 1656
9 1656 1756 1757 1657
9 1657 1757 1758 1658
9 1658 1758 1759 1659
9 1659 1759 1760 1660
9 1660 1760 1761 1661
9 1661 1761 1762 1662
9 1662 1762 1763 1663
9 1663 1763 1764 1664
9 1664 1764 1765 1665
9 1665 1765 1766 1666
9 1666 1766 1767 1667
9 1667 1767 1768 1668
9 1668 1768 1769 1669
9 1669 1769 1770 1670
9 1670 1770 1771 1671
9 1671 1771 1772 1672
9 1672 1772 1773 1673
9 1673 1773 1774 1674
9 1674 1774 1775 1675
9 1675 1775 1776 1676
9 1676 1776 1777 1677
9 1677 1777 1778 1678
9 1678 1778 1779 1679
9 1679 1779 1780 1680
9 1680 1780 1781 1681
9 1681 1781 1782 1682
9 1682 1782 1783 1683
9 1683 1783 1784 1684
9 1684 1784 1785 1685
9 1685 1785 1786 1686
9 1686 1786 1787 1687
9 1687 1787 1788 1688
9 1688 1788 1789 1689
9 1689 1789 1790 1690
9 1690 1790 1791 1691
9 1691 1791 1792 1692
9 1692 1792 1793 1693
9 1693 1793 1794 1694
9 1694 1794 1795 1695
9 1695 1795 1796 1696
9 1696 1796 1797 1697
9 1697 1797 1798 1698
9 1698 1798 1799 1699
9 1700 1800 1801 1701
9 1701 1801 1802 1702
9 1702 1802 1803 1703
9 1703 1803 1804 1704
9 1704 1804 1805 1705
9 1705 1805 1806 1706
9 1706 1806 1807 1707
9 1707 1807 1808 1708
9 1708 1808 1809 1709
9 1709 1809 1810 1710
9 1710 1810 1811 1711
9 1711 1811 1812 1712
9 1712 1812 1813 1713
9 1713 1813 1814 1714
9 1714 1814 1815 1715
9 1715 1815 1816 1716
9 1716 1816 1817 1717
9 1717 1817 1818 1718
9 1718 1818 1819 1719
9 1719 1819 1820 1720
9 1720 1820 1821 1721
9 1721 1821 1822 1722
9 1722 1822 1823 1723
9 1723 1823 1824 1724
9 1724 1824 1825 1725
9 1725 1825 1826 1726
9 1726 1826 1827 1727
9 1727 1827 1828 1728
9 1728 1828 1829 1729
9 1729 1829 1830 1730
9 1730 1830 1831 1731
9 1731 1831 1832 1732
9 1732 1832 1833 1733
9 1733 1833 1834 1734
9 1734 1834 1835 1735
9 1735 1835 1836 1736
9 1736 1836 1837 1737
9 1737 1837 1838 1738
9 1738 1838 1839 1739
9 1739 1839 1840 1740
9 1740 1840 1841 1741
9 1741 1841 1842 1742
9 1742 1842 1843 1743
9 1743 1843 1844 1744
9 1744 1844 1845 1745
9 1745 1845 1846 1746
9 1746 1846 1847 1747
9 1747 1847 1848 1748
9 1748 1848 1849 1749
9 1749 1849 1850 1750
9 1750 1850 1851 1751
9 1751 1851 1852 1752
9 1752 1852 1853 1753
9 1753 1853 1854 1754
9 1754 1854 1855 1755
9 1755 1855 1856 1756
9 1756 1856 1857 1757
9 1757 1857 1858 1758
9 1758 1858 1859 1759
9 1759 1859 1860 1760
9 1760 1860 1861 1761
9 1761 1861 1862 1762
9 1762 1862 1863 1763
9 1763 1863 1864 1764
9 1764 1864 1865 1765
9 1765 1865 1866 1766
9 1766 1866 1867 1767
9 1767 1867 1868 1768
9 1768 1868 1869 1769
9 1769 1869 1870 1770
9 1770 1870 1871 1771
9 1771 1871 1872 1772
9 1772 1872 1873 1773
9 1773 1873 1874 1774
9 1774 1874 1875 1775
9 1775 1875 1876 1776
9 1776 1876 1877 1777
9 1777 1877 1878 1778
9 1778 1878 1879 1779
9 1779 1879 1880 1780
9 1780 1880 1881 1781
9 1781 1881 1882 1782
9 1782 1882 1883 1783
9 1783 1883 1884 1784
9 1784 1884 1885 1785
9 1785 1885 1886 1786
9 1786 1886 1887 1787
9 1787 1887 1888 1788
9 1788 1888 1889 1789
9 1789 1889 1890 1790
9 1790 1890 1891 1791
9 1791 1891 1892 1792
9 1792 1892 1893 1793
9 1793 1893 1894 1794
9 1794 1894 1895 1795
9 1795 1895 1896 1796
9 1796 1896 1897 1797
9 1797 1897 1898 1798
9 1798 1898 1899 1799
9 1800 1900 1901 1801
9 1801 1901 1902 1802
9 1802 1902 1903 1803
9 1803 1903 1904 1804
9 1804 1904 1905 1805
9 1805 1905 1906 1806
9 1806 1906 1907 1807
9 1807 1907 1908 1808
9 1808 1908 1909 1809
9 1809 1909 1910 1810
9 1810 1910 1911 1811
9 1811 1911 1912 1812
9 1812 1912 1913 1813
9 1813 1913 1914 1814
9 1814 1914 1915 1815
9 1815 1915 1916 1816
9 1816 1916 1917 1817
9 1817 1917 1918 1818
9 1818 1918 1919 1819
9 1819 1919 1920 1820
9 1820 1920 1921 1821
9 1821 1921 1922 1822
9 1822 1922 1923 1823
9 1823 1923 1924 1824
9 1824 1924 1925 1825
9 1825 1925 1926 1826
9 1826 1926 1927 1827
9 1827 1927 1928 1828
9 1828 1928 1929 1829
9 1829 1929 1930 1830
9 1830 1930 1931 1831
9 1831 1931 1932 1832
9 1832 1932 1933 1833
9 1833 1933 1934 1834
9 1834 1934 1935 1835
9 1835 1935 1936 1836
9 1836 1936 1937 1837
9 1837 1937 1938 1838
9 1838 1938 1939 1839
9 1839 1939 1940 1840
9 1840 1940 1941 1841
9 1841 1941 1942 1842
9 1842 1942 1943 1843
9 1843 1943 1944 1844
9 1844 1944 1945 1845
9 1845 1945 1946 1846
9 1846 1946 1947 1847
9 1847 1947 1948 1848
9 1848 1948 1949 1849
9 1849 1949 1950 1850
9 1850 1950 1951 1851
9 1851 1951 1952 1852
9 1852 1952 1953 1853
9 1853 1953 1954 1854
9 1854 1954 1955 1855
9 1855 1955 1956 1856
9 1856 1956 1957 1857
9 1857 1957 1958 1858
9 1858 1958 1959 1859
9 1859 1959 1960 1860
9 1860 1960 1961 1861
9 1861 1961 1962 1862
9 1862 1962 1963 1863
9 1863 1963 1964 1864
9 1864 1964 1965 1865
9 1865 1965 1966 1866
9 1866 1966 1967 1867
9 1867 1967 1968 1868
9 1868 1968 1969 1869
9 1869 1969 1970 1870
9 1870 1970 1971 1871
9 1871 1971 1972 1872
9 1872 1972 1973 1873
9 1873 1973 1974 1874
9 1874 1974 1975 1875
9 1875 1975 1976 1876
9 1876 1976 1977 1877
9 1877 1977 1978 1878
9 1878 1978 1979 1879
9 1879 1979 1980 1880
9 1880 1980 1981 1881
9 1881 1981 1982 1882
9 1882 1982 1983 1883
9 1883 1983 1984 1884
9 1884 1984 1985 1885
9 1885 1985 1986 1886
9 1886 1986 1987 1887
9 1887 1987 1988 1888
9 1888 1988 1989 1889
9 1889 1989 1990 1890
9 1890 1990 1991 1891
9 1891 1991 1992 1892
9 1892 1992 1993 1893
9 1893 1993 1994 1894
9 1894 1994 1995 1895
9 1895 1995 1996 1896
9 1896 1996 1997 1897
9 1897 1997 1998 1898
9 1898 1998 1999 1899
9 1900 2000 2001 1901
9 1901 2001 2002 1902
9 1902 2002 2003 1903
9 1903 2003 2004 1904
9 1904 2004 2005 1905
9 1905 2005 2006 1906
9 1906 2006 2007 1907
9 1907 2007 2008 1908
9 1908 2008 2009 1909
9 1909 2009 2010 1910
9 1910 2010 2011 1911
9 1911 2011 2012 1912
9 1912 2012 2013 1913
9 1913 2013 2014 1914
9 1914 2014 2015 1915
9 1915 2015 2016 1916
9 1916 2016 2017 1917
9 1917 2017 2018 1918
9 1918 2018 2019 1919
9 1919 2019 2020 1920
9 1920 2020 2021 1921
9 1921 2021 2022 1922
9 1922 2022 2023 1923
9 1923 2023 2024 1924
9 1924 2024 2025 1925
9 1925 2025 2026 1926
9 1926 2026 2027 1927
9 1927 2027 2028 1928
9 1928 2028 2029 1929
9 1929 2029 2030 1930
9 1930 2030 2031 1931
9 1931 2031 2032 1932
9 1932 2032 2033 1933
9 1933 2033 2034 1934
9 1934 2034 2035 1935
9 1935 2035 2036 1936
9 1936 2036 2037 1937
9 1937 2037 2038 1938
9 1938 2038 2039 1939
9 1939 2039 2040 1940
9 1940 2040 2041 1941
9 1941 2041 2042 1942
9 1942 2042 2043 1943
9 1943 2043 2044 1944
9 1944 2044 2045 1945
9 1945 2045 2046 1946
9 1946 2046 2047 1947
9 1947 2047 2048 1948
9 1948 2048 2049 1949
9 1949 2049 2050 1950
9 1950 2050 2051 1951
9 1951 2051 2052 1952
9 1952 2052 2053 1953
9 1953 2053 2054 1954
9 1954 2054 2055 1955
9 1955 2055 2056 1956
9 1956 2056 2057 1957
9 1957 2057 2058 1958
9 1958 2058 2059 1959
9 1959 2059 2060 1960
9 1960 2060 2061 1961
9 1961 2061 2062 1962
9 1962 2062 2063 1963
9 1963 2063 2064 1964
9 1964 2064 2065 1965
9 1965 2065 2066 1966
9 1966 2066 2067 1967
9 1967 2067 2068 1968
9 1968 2068 2069 1969
9 1969 2069 2070 1970
9 1970 2070 2071 1971
9 1971 2071 2072 1972
9 1972 2072 2073 1973
9 1973 2073 2074 1974
9 1974 2074 2075 1975
9 1975 2075 2076 1976
9 1976 2076 2077 1977
9 1977 2077 2078 1978
9 1978 2078 2079 1979
9 1979 2079 2080 1980
9 1980 2080 2081 1981
9 1981 2081 2082 1982
9 1982 2082 2083 1983
9 1983 2083 2084 1984
9 1984 2084 2085 1985
9 1985 2085 2086 1986
9 1986 2086 2087 1987
9 1987 2087 2088 1988
9 1988 2088 2089 1989
9 1989 2089 2090 1990
9 1990 2090 2091 1991
9 1991 2091 2092 1992
9 1992 2092 2093 1993
9 1993 2093 2094 1994
9 1994 2094 2095 1995
9 1995 2095 2096 1996
9 1996 2096 2097 1997
9 1997 2097 2098 1998
9 1998 2098 2099 1999
9 2000 2100 2101 2001
9 2001 2101 2102 2002
9 2002 2102 2103 2003
9 2003 2103 2104 2004
9 2004 2104 2105 2005
9 2005 2105 2106 2006
9 2006 2106 2107 2007
9 2007 2107 2108 2008
9 2008 2108 2109 2009
9 2009 2109 2110 2010
9 2010 2110 2111 2011
9 2011 2111 2112 2012
9 2012 2112 2113 2013
9 2013 2113 2114 2014
9 2014 2114 2115 2015
9 2015 2115 2116 2016
9 2016 2116 2117 2017
9 2017 2117 2118 2018
9 2018 2118 2119 2019
9 2019 2119 2120 2020
9 2020 2120 2121 2021
9 2021 2121 2122 2022
9 2022 2122 2123 2023
9 2023 2123 2124 2024
9 2024 2124 2125 2025
9 2025 2125 2126 2026
9 2026 2126 2127 2027
9 2027 2127 2128 2028
9 2028 2128 2129 2029
9 2029 2129 2130 2030
9 2030 2130 2131 2031
9 2031 2131 2132 2032
9 2032 2132 2133 2033
9 2033 2133 2134 2034
9 2034 2134 2135 2035
9 2035 2135 2136 2036
9 2036 2136 2137 2037
9 2037 2137 2138 2038
9 2038 2138 2139 2039
9 2039 2139 2140 2040
9 2040 2140 2141 2041
9 2041 2141 2142 2042
9 2042 2142 2143 2043
9 2043 2143 2144 2044
9 2044 2144 2145 2045
9 2045 2145 2146 2046
9 2046 2146 2147 2047
9 2047 2147 2148 2048
9 2048 2148 2149 2049
9 2049 2149 2150 2050
9 2050 2150 2151 2051
9 2051 2151 2152 2052
9 2052 2152 2153 2053
9 2053 2153 2154 2054
9 2054 2154 2155 2055
9 2055 2155 2156 2056
9 2056 2156 2157 2057
9 2057 2157 2158 2058
9 2058 2158 2159 2059
9 2059 2159 2160 2060
9 2060 2160 2161 2061
9 2061 2161 2162 2062
9 2062 2162 2163 2063
9 2063 2163 2164 2064
9 2064 2164 2165 2065
9 2065 2165 2166 2066
9 2066 2166 2167 2067
9 2067 2167 2168 2068
9 2068 2168 2169 2069
9 2069 2169 2170 2070
9 2070 2170 2171 2071
9 2071 2171 2172 2072
9 2072 2172 2173 2073
9 2073 2173 2174 2074
9 2074 2174 2175 2075
9 2075 2175 2176 2076
9 2076 2176 2177 2077
9 2077 2177 2178 2078
9 2078 2178 2179 2079
9 2079 2179 2180 2080
9 2080 2180 2181 2081
9 2081 2181 2182 2082
9 2082 2182 2183 2083
9 2083 2183 2184 2084
9 2084 2184 2185 2085
9 2085 2185 2186 2086
9 2086 2186 2187 2087
9 2087 2187 2188 2088
9 2088 2188 2189 2089
9 2089 2189 2190 2090
9 2090 2190 2191 2091
9 2091 2191 2192 2092
9 2092 2192 2193 2093
9 2093 2193 2194 2094
9 2094 2194 2195 2095
9 2095 2195 2196 2096
9 2096 2196 2197 2097
9 2097 2197 2198 2098
9 2098 2198 2199 2099
9 2100 2200 2201 2101
9 2101 2201 2202 2102
9 2102 2202 2203 2103
9 2103 2203 2204 2104
9 2104 2204 2205 2105
9 2105 2205 2206 2106
9 2106 2206 2207 2107
9 2107 2207 2208 2108
9 2108 2208 2209 2109
9 2109 2209 2210 2110
9 2110 2210 2211 2111
9 2111 2211 2212 2112
9 2112 2212 2213 2113
9 2113 2213 2214 2114
9 2114 2214 2215 2115
9 2115 2215 2216 2116
9 2116 2216 2217 2117
9 2117 2217 2218 2118
9 2118 2218 2219 2119
9 2119 2219 2220 2120
9 2120 2220 2221 2121
9 2121 2221 2222 2122
9 2122 2222 2223 2123
9 2123 2223 2224 2124
9 2124 2224 2225 2125
9 2125 2225 2226 2126
9 2126 2226 2227 2127
9 2127 2227 2228 2128
9 2128 2228 2229 2129
9 2129 2229 2230 2130
9 2130 2230 2231 2131
9 2131 2231 2232 2132
9 2132 2232 2233 2133
9 2133 2233 2234 2134
9 2134 2234 2235 2135
9 2135 2235 2236 2136
9 2136 2236 2237 2137
9 2137 2237 2238 2138
9 2138 2238 2239 2139
9 2139 2239 2240 2140
9 2140 2240 2241 2141
9 2141 2241 2242 2142
9 2142 2242 2243 2143
9 2143 2243 2244 2144
9 2144 2244 2245 2145
9 2145 2245 2246 2146
9 2146 2246 2247 2147
9 2147 2247 2248 2148
9 2148 2248 2249 2149
9 2149 2249 2250 2150
9 2150 2250 2251 2151
9 2151 2251 2252 2152
9 2152 2252 2253 2153
9 2153 2253 2254 2154
9 2154 2254 2255 2155
9 2155 2255 2256 2156
9 2156 2256 2257 2157
9 2157 2257 2258 2158
9 2158 2258 2259 2159
9 2159 2259 2260 2160
9 2160 2260 2261 2161
9 2161 2261 2262 2162
9 2162 2262 2263 2163
9 2163 2263 2264 2164
9 2164 2264 2265 2165
9 2165 2265 2266 2166
9 2166 2266 2267 2167
9 2167 2267 2268 2168
9 2168 2268 2269 2169
9 2169 2269 2270 2170
9 2170 2270 2271 2171
9 2171 2271 2272 2172
9 2172 2272 2273 2173
9 2173 2273 2274 2174
9 2174 2274 2275 2175
9 2175 2275 2276 2176
9 2176 2276 2277 2177
9 2177 2277 2278 2178
9 2178 2278 2279 2179
9 2179 2279 2280 2180
9 2180 2280 2281 2181
9 2181 2281 2282 2182
9 2182 2282 2283 2183
9 2183 2283 2284 2184
9 2184 2284 2285 2185
9 2185 2285 2286 2186
9 2186 2286 2287 2187
9 2187 2287 2288 2188
9 2188 2288 2289 2189
9 2189 2289 2290 2190
9 2190 2290 2291 2191
9 2191 2291 2292 2192
9 2192 2292 2293 2193
9 2193 2293 2294 2194
9 2194 2294 2295 2195
9 2195 2295 2296 2196
9 2196 2296 2297 2197
9 2197 2297 2298 2198
9 2198 2298 2299 2199
9 2200 2300 2301 2201
9 2201 2301 2302 2202
9 2202 2302 2303 2203
9 2203 2303 2304 2204
9 2204 2304 2305 2205
9 2205 2305 2306 2206
9 2206 2306 2307 2207
9 2207 2307 2308 2208
9 2208 2308 2309 2209
9 2209 2309 2310 2210
9 2210 2310 2311 2211
9 2211 2311 2312 2212
9 2212 2312 2313 2213
9 2213 2313 2314 2214
9 2214 2314 2315 2215
9 2215 2315 2316 2216
9 2216 2316 2317 2217
9 2217 2317 2318 2218
9 2218 2318 2319 2219
9 2219 2319 2320 2220
9 2220 2320 2321 2221
9 2221 2321 2322 2222
9 2222 2322 2323 2223
9 2223 2323 2324 2224
9 2224 2324 2325 2225
9 2225 2325 2326 2226
9 2226 2326 2327 2227
9 2227 2327 2328 2228
9 2228 2328 2329 2229
9 2229 2329 2330 2230
9 2230 2330 2331 2231
9 2231 2331 2332 2232
9 2232 2332 2333 2233
9 2233 2333 2334 2234
9 2234 2334 2335 2235
9 2235 2335 2336 2236
9 2236 2336 2337 2237
9 2237 2337 2338 2238
9 2238 2338 2339 2239
9 2239 2339 2340 2240
9 2240 2340 2341 2241
9 2241 2341 2342 2242
9 2242 2342 2343 2243
9 2243 2343 2344 2244
9 2244 2344 2345 2245
9 2245 2345 2346 2246
9 2246 2346 2347 2247
9 2247 2347 2348 2248
9 2248 2348 2349 2249
9 2249 2349 2350 2250
9 2250 2350 2351 2251
9 2251 2351 2352 2252
9 2252 2352 2353 2253
9 2253 2353 2354 2254
9 2254 2354 2355 2255
9 2255 2355 2356 2256
9 2256 2356 2357 2257
9 2257 2357 2358 2258
9 2258 2358 2359 2259
9 2259 2359 2360 2260
9 2260 2360 2361 2261
9 2261 2361 2362 2262
9 2262 2362 2363 2263
9 2263 2363 2364 2264
9 2264 2364 2365 2265
9 2265 2365 2366 2266
9 2266 2366 2367 2267
9 2267 2367 2368 2268
9 2268 2368 2369 2269
9 2269 2369 2370 2270
9 2270 2370 2371 2271
9 2271 2371 2372 2272
9 2272 2372 2373 2273
9 2273 2373 2374 2274
9 2274 2374 2375 2275
9 2275 2375 2376 2276
9 2276 2376 2377 2277
9 2277 2377 2378 2278
9 2278 2378 2379 2279
9 2279 2379 2380 2280
9 2280 2380 2381 2281
9 2281 2381 2382 2282
9 2282 2382 2383 2283
9 2283 2383 2384 2284
9 2284 2384 2385 2285
9 2285 2385 2386 2286
9 2286 2386 2387 2287
9 2287 2387 2388 2288
9 2288 2388 2389 2289
9 2289 2389 2390 2290
9 2290 2390 2391 2291
9 2291 2391 2392 2292
9 2292 2392 2393 2293
9 2293 2393 2394 2294
9 2294 2394 2395 2295
9 2295 2395 2396 2296
9 2296 2396 2397 2297
9 2297 2397 2398 2298
9 2298 2398 2399 2299
9 2300 2400 2401 2301
9 2301 2401 2402 2302
9 2302 2402 2403 2303
9 2303 2403 2404 2304
9 2304 2404 2405 2305
9 2305 2405 2406 2306
9 2306 2406 2407 2307
9 2307 2407 2408 2308
9 2308 2408 2409 2309
9 2309 2409 2410 2310
9 2310 2410 2411 2311
9 2311 2411 2412 2312
9 2312 2412 2413 2313
9 2313 2413 2414 2314
9 2314 2414 2415 2315
9 2315 2415 2416 2316
9 2316 2416 2417 2317
9 2317 2417 2418 2318
9 2318 2418 2419 2319
9 2319 2419 2420 2320
9 2320 2420 2421 2321
9 2321 2421 2422 2322
9 2322 2422 2423 2323
9 2323 2423 2424 2324
9 2324 2424 2425 2325
9 2325 2425 2426 2326
9 2326 2426 2427 2327
9 2327 2427 2428 2328
9 2328 2428 2429 2329
9 2329 2429 2430 2330
9 2330 2430 2431 2331
9 2331 2431 2432 2332
9 2332 2432 2433 2333
9 2333 2433 2434 2334
9 2334 2434 2435 2335
9 2335 2435 2436 2336
9 2336 2436 2437 2337
9 2337 2437 2438 2338
9 2338 2438 2439 2339
9 2339 2439 2440 2340
9 2340 2440 2441 2341
9 2341 2441 2442 2342
9 2342 2442 2443 2343
9 2343 2443 2444 2344
9 2344 2444 2445 2345
9 2345 2445 2446 2346
9 2346 2446 2447 2347
9 2347 2447 2448 2348
9 2348 2448 2449 2349
9 2349 2449 2450 2350
9 2350 2450 2451 2351
9 2351 2451 2452 2352
9 2352 2452 2453 2353
9 2353 2453 2454 2354
9 2354 2454 2455 2355
9 2355 2455 2456 2356
9 2356 2456 2457 2357
9 2357 2457 2458 2358
9 2358 2458 2459 2359
9 2359 2459 2460 2360
9 2360 2460 2461 2361
9 2361 2461 2462 2362
9 2362 2462 2463 2363
9 2363 2463 2464 2364
9 2364 2464 2465 2365
9 2365 2465 2466 2366
9 2366 2466 2467 2367
9 2367 2467 2468 2368
9 2368 2468 2469 2369
9 2369 2469 2470 2370
9 2370 2470 2471 2371
9 2371 2471 2472 2372
9 2372 2472 2473 2373
9 2373 2473 2474 2374
9 2374 2474 2475 2375
9 2375 2475 2476 2376
9 2376 2476 2477 2377
9 2377 2477 2478 2378
9 2378 2478 2479 2379
9 2379 2479 2480 2380
9 2380 2480 2481 2381
9 2381 2481 2482 2382
9 2382 2482 2483 2383
9 2383 2483 2484 2384
9 2384 2484 2485 2385
9 2385 2485 2486 2386
9 2386 2486 2487 2387
9 2387 2487 2488 2388
9 2388 2488 2489 2389
9 2389 2489 2490 2390
9 2390 2490 2491 2391
9 2391 2491 2492 2392
9 2392 2492 2493 2393
9 2393 2493 2494 2394
9 2394 2494 2495 2395
9 2395 2495 2496 2396
9 2396 2496 2497 2397
9 2397 2497 2498 2398
9 2398 2498 2499 2399
9 2400 2500 2501 2401
9 2401 2501 2502 2402
9 2402 2502 2503 2403
9 2403 2503 2504 2404
9 2404 2504 2505 2405
9 2405 2505 2506 2406
9 2406 2506 2507 2407
9 2407 2507 2508 2408
9 2408 2508 2509 2409
9 2409 2509 2510 2410
9 2410 2510 2511 2411
9 2411 2511 2512 2412
9 2412 2512 2513 2413
9 2413 2513 2514 2414
9 2414 2514 2515 2415
9 2415 2515 2516 2416
9 2416 2516 2517 2417
9 2417 2517 2518 2418
9 2418 2518 2519 2419
9 2419 2519 2520 2420
9 2420 2520 2521 2421
9 2421 2521 2522 2422
9 2422 2522 2523 2423
9 2423 2523 2524 2424
9 2424 2524 2525 2425
9 2425 2525 2526 2426
9 2426 2526 2527 2427
9 2427 2527 2528 2428
9 2428 2528 2529 2429
9 2429 2529 2530 2430
9 2430 2530 2531 2431
9 2431 2531 2532 2432
9 2432 2532 2533 2433
9 2433 2533 2534 2434
9 2434 2534 2535 2435
9 2435 2535 2536 2436
9 2436 2536 2537 2437
9 2437 2537 2538 2438
9 2438 2538 2539 2439
9 2439 2539 2540 2440
9 2440 2540 2541 2441
9 2441 2541 2542 2442
9 2442 2542 2543 2443
9 2443 2543 2544 2444
9 2444 2544 2545 2445
9 2445 2545 2546 2446
9 2446 2546 2547 2447
9 2447 2547 2548 2448
9 2448 2548 2549 2449
9 2449 2549 2550 2450
9 2450 2550 2551 2451
9 2451 2551 2552 2452
9 2452 2552 2553 2453
9 2453 2553 2554 2454
9 2454 2554 2555 2455
9 2455 2555 2556 2456
9 2456 2556 2557 2457
9 2457 2557 2558 2458
9 2458 2558 2559 2459
9 2459 2559 2560 2460
9 2460 2560 2561 2461
9 2461 2561 2562 2462
9 2462 2562 2563 2463
9 2463 2563 2564 2464
9 2464 2564 2565 2465
9 2465 2565 2566 2466
9 2466 2566 2567 2467
9 2467 2567 2568 2468
9 2468 2568 2569 2469
9 2469 2569 2570 2470
9 2470 2570 2571 2471
9 2471 2571 2572 2472
9 2472 2572 2573 2473
9 2473 2573 2574 2474
9 2474 2574 2575 2475
9 2475 2575 2576 2476
9 2476 2576 2577 2477
9 2477 2577 2578 2478
9 2478 2578 2579 2479
9 2479 2579 2580 2480
9 2480 2580 2581 2481
9 2481 2581 2582 2482
9 2482 2582 2583 2483
9 2483 2583 2584 2484
9 2484 2584 2585 2485
9 2485 2585 2586 2486
9 2486 2586 2587 2487
9 2487 2587 2588 2488
9 2488 2588 2589 2489
9 2489 2589 2590 2490
9 2490 2590 2591 2491
9 2491 2591 2592 2492
9 2492 2592 2593 2493
9 2493 2593 2594 2494
9 2494 2594 2595 2495
9 2495 2595 2596 2496
9 2496 2596 2597 2497
9 2497 2597 2598 2498
9 2498 2598 2599 2499
9 2500 2600 2601 2501
9 2501 2601 2602 2502
9 2502 2602 2603 2503
9 2503 2603 2604 2504
9 2504 2604 2605 2505
9 2505 2605 2606 2506
9 2506 2606 2607 2507
9 2507 2607 2608 2508
9 2508 2608 2609 2509
9 2509 2609 2610 2510
9 2510 2610 2611 2511
9 2511 2611 2612 2512
9 2512 2612 2613 2513
9 2513 2613 2614 2514
9 2514 2614 2615 2515
9 2515 2615 2616 2516
9 2516 2616 2617 2517
9 2517 2617 2618 2518
9 2518 2618 2619 2519
9 2519 2619 2620 2520
9 2520 2620 2621 2521
9 2521 2621 2622 2522
9 2522 2622 2623 2523
9 2523 2623 2624 2524
9 2524 2624 2625 2525
9 2525 2625 2626 2526
9 2526 2626 2627 2527
9 2527 2627 2628 2528
9 2528 2628 2629 2529
9 2529 2629 2630 2530
9 2530 2630 2631 2531
9 2531 2631 2632 2532
9 2532 2632 2633 2533
9 2533 2633 2634 2534
9 2534 2634 2635 2535
9 2535 2635 2636 2536
9 2536 2636 2637 2537
9 2537 2637 2638 2538
9 2538 2638 2639 2539
9 2539 2639 2640 2540
9 2540 2640 2641 2541
9 2541 2641 2642 2542
9 2542 2642 2643 2543
9 2543 2643 2644 2544
9 2544 2644 2645 2545
9 2545 2645 2646 2546
9 2546 2646 2647 2547
9 2547 2647 2648 2548
9 2548 2648 2649 2549
9 2549 2649 2650 2550
9 2550 2650 2651 2551
9 2551 2651 2652 2552
9 2552 2652 2653 2553
9 2553 2653 2654 2554
9 2554 2654 2655 2555
9 2555 2655 2656 2556
9 2556 2656 2657 2557
9 2557 2657 2658 2558
9 2558 2658 2659 2559
9 2559 2659 2660 2560
9 2560 2660 2661 2561
9 2561 2661 2662 2562
9 2562 2662 2663 2563
9 2563 2663 2664 2564
9 2564 2664 2665 2565
9 2565 2665 2666 2566
9 2566 2666 2667 2567
9 2567 2667 2668 2568
9 2568 2668 2669 2569
9 2569 2669 2670 2570
9 2570 2670 2671 2571
9 2571 2671 2672 2572
9 2572 2672 2673 2573
9 2573 2673 2674 2574
9 2574 2674 2675 2575
9 2575 2675 2676 2576
9 2576 2676 2677 2577
9 2577 2677 2678 2578
9 2578 2678 2679 2579
9 2579 2679 2680 2580
9 2580 2680 2681 2581
9 2581 2681 2682 2582
9 2582 2682 2683 2583
9 2583 2683 2684 2584
9 2584 2684 2685 2585
9 2585 2685 2686 2586
9 2586 2686 2687 2587
9 2587 2687 2688 2588
9 2588 2688 2689 2589
9 2589 2689 2690 2590
9 2590 2690 2691 2591
9 2591 2691 2692 2592
9 2592 2692 2693 2593
9 2593 2693 2694 2594
9 2594 2694 2695 2595
9 2595 2695 2696 2596
9 2596 2696 2697 2597
9 2597 2697 2698 2598
9 2598 2698 2699 2599
9 2600 2700 2701 2601
9 2601 2701 2702 2602
9 2602 2702 2703 2603
9 2603 2703 2704 2604
9 2604 2704 2705 2605
9 2605 2705 2706 2606
9 2606 2706 2707 2607
9 2607 2707 2708 2608
9 2608 2708 2709 2609
9 2609 2709 2710 2610
9 2610 2710 2711 2611
9 2611 2711 2712 2612
9 2612 2712 2713 2613
9 2613 2713 2714 2614
9 2614 2714 2715 2615
9 2615 2715 2716 2616
9 2616 2716 2717 2617
9 2617 2717 2718 2618
9 2618 2718 2719 2619
9 2619 2719 2720 2620
9 2620 2720 2721 2621
9 2621 2721 2722 2622
9 2622 2722 2723 2623
9 2623 2723 2724 2624
9 2624 2724 2725 2625
9 2625 2725 2726 2626
9 2626 2726 2727 2627
9 2627 2727 2728 2628
9 2628 2728 2729 2629
9 2629 2729 2730 2630
9 2630 2730 2731 2631
9 2631 2731 2732 2632
9 2632 2732 2733 2633
9 2633 2733 2734 2634
9 2634 2734 2735 2635
9 2635 2735 2736 2636
9 2636 2736 2737 2637
9 2637 2737 2738 2638
9 2638 2738 2739 2639
9 2639 2739 2740 2640
9 2640 2740 2741 2641
9 2641 2741 2742 2642
9 2642 2742 2743 2643
9 2643 2743 2744 2644
9 2644 2744 2745 2645
9 2645 2745 2746 2646
9 2646 2746 2747 2647
9 2647 2747 2748 2648
9 2648 2748 2749 2649
9 2649 2749 2750 2650
9 2650 2750 2751 2651
9 2651 2751 2752 2652
9 2652 2752 2753 2653
9 2653 2753 2754 2654
9 2654 2754 2755 2655
9 2655 2755 2756 2656
9 2656 2756 2757 2657
9 2657 2757 2758 2658
9 2658 2758 2759 2659
9 2659 2759 2760 2660
9 2660 2760 2761 2661
9 2661 2761 2762 2662
9 2662 2762 2763 2663
9 2663 2763 2764 2664
9 2664 2764 2765 2665
9 2665 2765 2766 2666
9 2666 2766 2767 2667
9 2667 2767 2768 2668
9 2668 2768 2769 2669
9 2669 2769 2770 2670
9 2670 2770 2771 2671
9 2671 2771 2772 2672
9 2672 2772 2773 2673
9 2673 2773 2774 2674
9 2674 2774 2775 2675
9 2675 2775 2776 2676
9 2676 2776 2777 2677
9 2677 2777 2778 2678
9 2678 2778 2779 2679
9 2679 2779 2780 2680
9 2680 2780 2781 2681
9 2681 2781 2782 2682
9 2682 2782 2783 2683
9 2683 2783 2784 2684
9 2684 2784 2785 2685
9 2685 2785 2786 2686
9 2686 2786 2787 2687
9 2687 2787 2788 2688
9 2688 2788 2789 2689
9 2689 2789 2790 2690
9 2690 2790 2791 2691
9 2691 2791 2792 2692
9 2692 2792 2793 2693
9 2693 2793 2794 2694
9 2694 2794 2795 2695
9 2695 2795 2796 2696
9 2696 2796 2797 2697
9 2697 2797 2798 2698
9 2698 2798 2799 2699
9 2700 2800 2801 2701
9 2701 2801 2802 2702
9 2702 2802 2803 2703
9 2703 2803 2804 2704
9 2704 2804 2805 2705
9 2705 2805 2806 2706
9 2706 2806 2807 2707
9 2707 2807 2808 2708
9 2708 2808 2809 2709
9 2709 2809 2810 2710
9 2710 2810 2811 2711
9 2711 2811 2812 2712
9 2712 2812 2813 2713
9 2713 2813 2814 2714
9 2714 2814 2815 2715
9 2715 2815 2816 2716
9 2716 2816 2817 2717
9 2717 2817 2818 2718
9 2718 2818 2819 2719
9 2719 2819 2820 2720
9 2720 2820 2821 2721
9 2721 2821 2822 2722
9 2722 2822 2823 2723
9 2723 2823 2824 2724
9 2724 2824 2825 2725
9 2725 2825 2826 2726
9 2726 2826 2827 2727
9 2727 2827 2828 2728
9 2728 2828 2829 2729
9 2729 2829 2830 2730
9 2730 2830 2831 2731
9 2731 2831 2832 2732
9 2732 2832 2833 2733
9 2733 2833 2834 2734
9 2734 2834 2835 2735
9 2735 2835 2836 2736
9 2736 2836 2837 2737
9 2737 2837 2838 2738
9 2738 2838 2839 2739
9 2739 2839 2840 2740
9 2740 2840 2841 2741
9 2741 2841 2842 2742
9 2742 2842 2843 2743
9 2743 2843 2844 2744
9 2744 2844 2845 2745
9 2745 2845 2846 2746
9 2746 2846 2847 2747
9 2747 2847 2848 2748
9 2748 2848 2849 2749
9 2749 2849 2850 2750
9 2750 2850 2851 2751
9 2751 2851 2852 2752
9 2752 2852 2853 2753
9 2753 2853 2854 2754
9 2754 2854 2855 2755
9 2755 2855 2856 2756
9 2756 2856 2857 2757
9 2757 2857 2858 2758
9 2758 2858 2859 2759
9 2759 2859 2860 2760
9 2760 2860 2861 2761
9 2761 2861 2862 2762
9 2762 2862 2863 2763
9 2763 2863 2864 2764
9 2764 2864 2865 2765
9 2765 2865 2866 2766
9 2766 2866 2867 2767
9 2767 2867 2868 2768
9 2768 2868 2869 2769
9 2769 2869 2870 2770
9 2770 2870 2871 2771
9 2771 2871 2872 2772
9 2772 2872 2873 2773
9 2773 2873 2874 2774
9 2774 2874 2875 2775
9 2775 2875 2876 2776
9 2776 2876 2877 2777
9 2777 2877 2878 2778
9 2778 2878 2879 2779
9 2779 2879 2880 2780
9 2780 2880 2881 2781
9 2781 2881 2882 2782
9 2782 2882 2883 2783
9 2783 2883 2884 2784
9 2784 2884 2885 2785
9 2785 2885 2886 2786
9 2786 2886 2887 2787
9 2787 2887 2888 2788
9 2788 2888 2889 2789
9 2789 2889 2890 2790
9 2790 2890 2891 2791
9 2791 2891 2892 2792
9 2792 2892 2893 2793
9 2793 2893 2894 2794
9 2794 2894 2895 2795
9 2795 2895 2896 2796
9 2796 2896 2897 2797
9 2797 2897 2898 2798
9 2798 2898 2899 2799
9 2800 2900 2901 2801
9 2801 2901 2902 2802
9 2802 2902 2903 2803
9 2803 2903 2904 2804
9 2804 2904 2905 2805
9 2805 2905 2906 2806
9 2806 2906 2907 2807
9 2807 2907 2908 2808
9 2808 2908 2909 2809
9 2809 2909 2910 2810
9 2810 2910 2911 2811
9 2811 2911 2912 2812
9 2812 2912 2913 2813
9 2813 2913 2914 2814
9 2814 2914 2915 2815
9 2815 2915 2916 2816
9 2816 2916 2917 2817
9 2817 2917 2918 2818
9 2818 2918 2919 2819
9 2819 2919 2920 2820
9 2820 2920 2921 2821
9 2821 2921 2922 2822
9 2822 2922 2923 2823
9 2823 2923 2924 2824
9 2824 2924 2925 2825
9 2825 2925 2926 2826
9 2826 2926 2927 2827
9 2827 2927 2928 2828
9 2828 2928 2929 2829
9 2829 2929 2930 2830
9 2830 2930 2931 2831
9 2831 2931 2932 2832
9 2832 2932 2933 2833
9 2833 2933 2934 2834
9 2834 2934 2935 2835
9 2835 2935 2936 2836
9 2836 2936 2937 2837
9 2837 2937 2938 2838
9 2838 2938 2939 2839
9 2839 2939 2940 2840
9 2840 2940 2941 2841
9 2841 2941 2942 2842
9 2842 2942 2943 2843
9 2843 2943 2944 2844
9 2844 2944 2945 2845
9 2845 2945 2946 2846
9 2846 2946 2947 2847
9 2847 2947 2948 2848
9 2848 2948 2949 2849
9 2849 2949 2950 2850
9 2850 2950 2951 2851
9 2851 2951 2952 2852
9 2852 2952 2953 2853
9 2853 2953 2954 2854
9 2854 2954 2955 2855
9 2855 2955 2956 2856
9 2856 2956 2957 2857
9 2857 2957 2958 2858
9 2858 2958 2959 2859
9 2859 2959 2960 2860
9 2860 2960 2961 2861
9 2861 2961 2962 2862
9 2862 2962 2963 2863
9 2863 2963 2964 2864
9 2864 2964 2965 2865
9 2865 2965 2966 2866
9 2866 2966 2967 2867
9 2867 2967 2968 2868
9 2868 2968 2969 2869
9 2869 2969 2970 2870
9 2870 2970 2971 2871
9 2871 2971 2972 2872
9 2872 2972 2973 2873
9 2873 2973 2974 2874
9 2874 2974 2975 2875
9 2875 2975 2976 2876
9 2876 2976 2977 2877
9 2877 2977 2978 2878
9 2878 2978 2979 2879
9 2879 2979 2980 2880
9 2880 2980 2981 2881
9 2881 2981 2982 2882
9 2882 2982 2983 2883
9 2883 2983 2984 2884
9 2884 2984 2985 2885
9 2885 2985 2986 2886
9 2886 2986 2987 2887
9 2887 2987 2988 2888
9 2888 2988 2989 2889
9 2889 2989 2990 2890
9 2890 2990 2991 2891
9 2891 2991 2992 2892
9 2892 2992 2993 2893
9 2893 2993 2994 2894
9 2894 2994 2995 2895
9 2895 2995 2996 2896
9 2896 2996 2997 2897
9 2897 2997 2998 2898
9 2898 2998 2999 2899
9 2900 3000 3001 2901
9 2901 3001 3002 2902
9 2902 3002 3003 2903
9 2903 3003 3004 2904
9 2904 3004 3005 2905
9 2905 3005 3006 2906
9 2906 3006 3007 2907
9 2907 3007 3008 2908
9 2908 3008 3009 2909
9 2909 3009 3010 2910
9 2910 3010 3011 2911
9 2911 3011 3012 2912
9 2912 3012 3013 2913
9 2913 3013 3014 2914
9 2914 3014 3015 2915
9 2915 3015 3016 2916
9 2916 3016 3017 2917
9 2917 3017 3018 2918
9 2918 3018 3019 2919
9 2919 3019 3020 2920
9 2920 3020 3021 2921
9 2921 3021 3022 2922
9 2922 3022 3023 2923
9 2923 3023 3024 2924
9 2924 3024 3025 2925
9 2925 3025 3026 2926
9 2926 3026 3027 2927
9 2927 3027 3028 2928
9 2928 3028 3029 2929
9 2929 3029 3030 2930
9 2930 3030 3031 2931
9 2931 3031 3032 2932
9 2932 3032 3033 2933
9 2933 3033 3034 2934
9 2934 3034 3035 2935
9 2935 3035 3036 2936
9 2936 3036 3037 2937
9 2937 3037 3038 2938
9 2938 3038 3039 2939
9 2939 3039 3040 2940
9 2940 3040 3041 2941
9 2941 3041 3042 2942
9 2942 3042 3043 2943
9 2943 3043 3044 2944
9 2944 3044 3045 2945
9 2945 3045 3046 2946
9 2946 3046 3047 2947
9 2947 3047 3048 2948
9 2948 3048 3049 2949
9 2949 3049 3050 2950
9 2950 3050 3051 2951
9 2951 3051 3052 2952
9 2952 3052 3053 2953
9 2953 3053 3054 2954
9 2954 3054 3055 2955
9 2955 3055 3056 2956
9 2956 3056 3057 2957
9 2957 3057 3058 2958
9 2958 3058 3059 2959
9 2959 3059 3060 2960
9 2960 3060 3061 2961
9 2961 3061 3062 2962
9 2962 3062 3063 2963
9 2963 3063 3064 2964
9 2964 3064 3065 2965
9 2965 3065 3066 2966
9 2966 3066 3067 2967
9 2967 3067 3068 2968
9 2968 3068 3069 2969
9 2969 3069 3070 2970
9 2970 3070 3071 2971
9 2971 3071 3072 2972
9 2972 3072 3073 2973
9 2973 3073 3074 2974
9 2974 3074 3075 2975
9 2975 3075 3076 2976
9 2976 3076 3077 2977
9 2977 3077 3078 2978
9 2978 3078 3079 2979
9 2979 3079 3080 2980
9 2980 3080 3081 2981
9 2981 3081 3082 2982
9 2982 3082 3083 2983
9 2983 3083 3084 2984
9 2984 3084 3085 2985
9 2985 3085 3086 2986
9 2986 3086 3087 2987
9 2987 3087 3088 2988
9 2988 3088 3089 2989
9 2989 3089 3090 2990
9 2990 3090 3091 2991
9 2991 3091 3092 2992
9 2992 3092 3093 2993
9 2993 3093 3094 2994
9 2994 3094 3095 2995
9 2995 3095 3096 2996
9 2996 3096 3097 2997
9 2997 3097 3098 2998
9 2998 3098 3099 2999
9 3000 3100 3101 3001
9 3001 3101 3102 3002
9 3002 3102 3103 3003
9 3003 3103 3104 3004
9 3004 3104 3105 3005
9 3005 3105 3106 3006
9 3006 3106 3107 3007
9 3007 3107 3108 3008
9 3008 3108 3109 3009
9 3009 3109 3110 3010
9 3010 3110 3111 3011
9 3011 3111 3112 3012
9 3012 3112 3113 3013
9 3013 3113 3114 3014
9 3014 3114 3115 3015
9 3015 3115 3116 3016
9 3016 3116 3117 3017
9 3017 3117 3118 3018
9 3018 3118 3119 3019
9 3019 3119 3120 3020
9 3020 3120 3121 3021
9 3021 3121 3122 3022
9 3022 3122 3123 3023
9 3023 3123 3124 3024
9 3024 3124 3125 3025
9 3025 3125 3126 3026
9 3026 3126 3127 3027
9 3027 3127 3128 3028
9 3028 3128 3129 3029
9 3029 3129 3130 3030
9 3030 3130 3131 3031
9 3031 3131 3132 3032
9 3032 3132 3133 3033
9 3033 3133 3134 3034
9 3034 3134 3135 3035
9 3035 3135 3136 3036
9 3036 3136 3137 3037
9 3037 3137 3138 3038
9 3038 3138 3139 3039
9 3039 3139 3140 3040
9 3040 3140 3141 3041
9 3041 3141 3142 3042
9 3042 3142 3143 3043
9 3043 3143 3144 3044
9 3044 3144 3145 3045
9 3045 3145 3146 3046
9 3046 3146 3147 3047
9 3047 3147 3148 3048
9 3048 3148 3149 3049
9 3049 3149 3150 3050
9 3050 3150 3151 3051
9 3051 3151 3152 3052
9 3052 3152 3153 3053
9 3053 3153 3154 3054
9 3054 3154 3155 3055
9 3055 3155 3156 3056
9 3056 3156 3157 3057
9 3057 3157 3158 3058
9 3058 3158 3159 3059
9 3059 3159 3160 3060
9 3060 3160 3161 3061
9 3061 3161 3162 3062
9 3062 3162 3163 3063
9 3063 3163 3164 3064
9 3064 3164 3165 3065
9 3065 3165 3166 3066
9 3066 3166 3167 3067
9 3067 3167 3168 3068
9 3068 3168 3169 3069
9 3069 3169 3170 3070
9 3070 3170 3171 3071
9 3071 3171 3172 3072
9 3072 3172 3173 3073
9 3073 3173 3174 3074
9 3074 3174 3175 3075
9 3075 3175 3176 3076
9 3076 3176 3177 3077
9 3077 3177 3178 3078
9 3078 3178 3179 3079
9 3079 3179 3180 3080
9 3080 3180 3181 3081
9 3081 3181 3182 3082
9 3082 3182 3183 3083
9 3083 3183 3184 3084
9 3084 3184 3185 3085
9 3085 3185 3186 3086
9 3086 3186 3187 3087
9 3087 3187 3188 3088
9 3088 3188 3189 3089
9 3089 3189 3190 3090
9 3090 3190 3191 3091
9 3091 3191 3192 3092
9 3092 3192 3193 3093
9 3093 3193 3194 3094
9 3094 3194 3195 3095
9 3095 3195 3196 3096
9 3096 3196 3197 3097
9 3097 3197 3198 3098
9 3098 3198 3199 3099
9 3100 3200 3201 3101
9 3101 3201 3202 3102
9 3102 3202 3203 3103
9 3103 3203 3204 3104
9 3104 3204 3205 3105
9 3105 3205 3206 3106
9 3106 3206 3207 3107
9 3107 3207 3208 3108
9 3108 3208 3209 3109
9 3109 3209 3210 3110
9 3110 3210 3211 3111
9 3111 3211 3212 3112
9 3112 3212 3213 3113
9 3113 3213 3214 3114
9 3114 3214 3215 3115
9 3115 3215 3216 3116
9 3116 3216 3217 3117
9 3117 3217 3218 3118
9 3118 3218 3219 3119
9 3119 3219 3220 3120
9 3120 3220 3221 3121
9 3121 3221 3222 3122
9 3122 3222 3223 3123
9 3123 3223 3224 3124
9 3124 3224 3225 3125
9 3125 3225 3226 3126
9 3126 3226 3227 3127
9 3127 3227 3228 3128
9 3128 3228 3229 3129
9 3129 3229 3230 3130
9 3130 3230 3231 3131
9 3131 3231 3232 3132
9 3132 3232 3233 3133
9 3133 3233 3234 3134
9 3134 3234 3235 3135
9 3135 3235 3236 3136
9 3136 3236 3237 3137
9 3137 3237 3238 3138
9 3138 3238 3239 3139
9 3139 3239 3240 3140
9 3140 3240 3241 3141
9 3141 3241 3242 3142
9 3142 3242 3243 3143
9 3143 3243 3244 3144
9 3144 3244 3245 3145
9 3145 3245 3246 3146
9 3146 3246 3247 3147
9 3147 3247 3248 3148
9 3148 3248 3249 3149
9 3149 3249 3250 3150
9 3150 3250 3251 3151
9 3151 3251 3252 3152
9 3152 3252 3253 3153
9 3153 3253 3254 3154
9 3154 3254 3255 3155
9 3155 3255 3256 3156
9 3156 3256 3257 3157
9 3157 3257 3258 3158
9 3158 3258 3259 3159
9 3159 3259 3260 3160
9 3160 3260 3261 3161
9 3161 3261 3262 3162
9 3162 3262 3263 3163
9 3163 3263 3264 3164
9 3164 3264 3265 3165
9 3165 3265 3266 3166
9 3166 3266 3267 3167
9 3167 3267 3268 3168
9 3168 3268 3269 3169
9 3169 3269 3270 3170
9 3170 3270 3271 3171
9 3171 3271 3272 3172
9 3172 3272 3273 3173
9 3173 3273 3274 3174
9 3174 3274 3275 3175
9 3175 3275 3276 3176
9 3176 3276 3277 3177
9 3177 3277 3278 3178
9 3178 3278 3279 3179
9 3179 3279 3280 3180
9 3180 3280 3281 3181
9 3181 3281 3282 3182
9 3182 3282 3283 3183
9 3183 3283 3284 3184
9 3184 3284 3285 3185
9 3185 3285 3286 3186
9 3186 3286 3287 3187
9 3187 3287 3288 3188
9 3188 3288 3289 3189
9 3189 3289 3290 3190
9 3190 3290 3291 3191
9 3191 3291 3292 3192
9 3192 3292 3293 3193
9 3193 3293 3294 3194
9 3194 3294 3295 3195
9 3195 3295 3296 3196
9 3196 3296 3297 3197
9 3197 3297 3298 3198
9 3198 3298 3299 3199
9 3200 3300 3301 3201
9 3201 3301 3302 3202
9 3202 3302 3303 3203
9 3203 3303 3304 3204
9 3204 3304 3305 3205
9 3205 3305 3306 3206
9 3206 3306 3307 3207
9 3207 3307 3308 3208
9 3208 3308 3309 3209
9 3209 3309 3310 3210
9 3210 3310 3311 3211
9 3211 3311 3312 3212
9 3212 3312 3313 3213
9 3213 3313 3314 3214
9 3214 3314 3315 3215
9 3215 3315 3316 3216
9 3216 3316 3317 3217
9 3217 3317 3318 3218
9 3218 3318 3319 3219
9 3219 3319 3320 3220
9 3220 3320 3321 3221
9 3221 3321 3322 3222
9 3222 3322 3323 3223
9 3223 3323 3324 3224
9 3224 3324 3325 3225
9 3225 3325 3326 3226
9 3226 3326 3327 3227
9 3227 3327 3328 3228
9 3228 3328 3329 3229
9 3229 3329 3330 3230
9 3230 3330 3331 3231
9 3231 3331 3332 3232
9 3232 3332 3333 3233
9 3233 3333 3334 3234
9 3234 3334 3335 3235
9 3235 3335 3336 3236
9 3236 3336 3337 3237
9 3237 3337 3338 3238
9 3238 3338 3339 3239
9 3239 3339 3340 3240
9 3240 3340 3341 3241
9 3241 3341 3342 3242
9 3242 3342 3343 3243
9 3243 3343 3344 3244
9 3244 3344 3345 3245
9 3245 3345 3346 3246
9 3246 3346 3347 3247
9 3247 3347 3348 3248
9 3248 3348 3349 3249
9 3249 3349 3350 3250
9 3250 3350 3351 3251
9 3251 3351 3352 3252
9 3252 3352 3353 3253
9 3253 3353 3354 3254
9 3254 3354 3355 3255
9 3255 3355 3356 3256
9 3256 3356 3357 3257
9 3257 3357 3358 3258
9 3258 3358 3359 3259
9 3259 3359 3360 3260
9 3260 3360 3361 3261
9 3261 3361 3362 3262
9 3262 3362 3363 3263
9 3263 3363 3364 3264
9 3264 3364 3365 3265
9 3265 3365 3366 3266
9 3266 3366 3367 3267
9 3267 3367 3368 3268
9 3268 3368 3369 3269
9 3269 3369 3370 3270
9 3270 3370 3371 3271
9 3271 3371 3372 3272
9 3272 3372 3373 3273
9 3273 3373 3374 3274
9 3274 3374 3375 3275
9 3275 3375 3376 3276
9 3276 3376 3377 3277
9 3277 3377 3378 3278
9 3278 3378 3379 3279
9 3279 3379 3380 3280
9 3280 3380 3381 3281
9 3281 3381 3382 3282
9 3282 3382 3383 3283
9 3283 3383 3384 3284
9 3284 3384 3385 3285
9 3285 3385 3386 3286
9 3286 3386 3387 3287
9 3287 3387 3388 3288
9 3288 3388 3389 3289
9 3289 3389 3390 3290
9 3290 3390 3391 3291
9 3291 3391 3392 3292
9 3292 3392 3393 3293
9 3293 3393 3394 3294
9 3294 3394 3395 3295
9 3295 3395 3396 3296
9 3296 3396 3397 3297
9 3297 3397 3398 3298
9 3298 3398 3399 3299
9 3300 3400 3401 3301
9 3301 3401 3402 3302
9 3302 3402 3403 3303
9 3303 3403 3404 3304
9 3304 3404 3405 3305
9 3305 3405 3406 3306
9 3306 3406 3407 3307
9 3307 3407 3408 3308
9 3308 3408 3409 3309
9 3309 3409 3410 3310
9 3310 3410 3411 3311
9 3311 3411 3412 3312
9 3312 3412 3413 3313
9 3313 3413 3414 3314
9 3314 3414 3415 3315
9 3315 3415 3416 3316
9 3316 3416 3417 3317
9 3317 3417 3418 3318
9 3318 3418 3419 3319
9 3319 3419 3420 3320
9 3320 3420 3421 3321
9 3321 3421 3422 3322
9 3322 3422 3423 3323
9 3323 3423 3424 3324
9 3324 3424 3425 3325
9 3325 3425 3426 3326
9 3326 3426 3427 3327
9 3327 3427 3428 3328
9 3328 3428 3429 3329
9 3329 3429 3430 3330
9 3330 3430 3431 3331
9 3331 3431 3432 3332
9 3332 3432 3433 3333
9 3333 3433 3434 3334
9 3334 3434 3435 3335
9 3335 3435 3436 3336
9 3336 3436 3437 3337
9 3337 3437 3438 3338
9 3338 3438 3439 3339
9 3339 3439 3440 3340
9 3340 3440 3441 3341
9 3341 3441 3442 3342
9 3342 3442 3443 3343
9 3343 3443 3444 3344
9 3344 3444 3445 3345
9 3345 3445 3446 3346
9 3346 3446 3447 3347
9 3347 3447 3448 3348
9 3348 3448 3449 3349
9 3349 3449 3450 3350
9 3350 3450 3451 3351
9 3351 3451 3452 3352
9 3352 3452 3453 3353
9 3353 3453 3454 3354
9 3354 3454 3455 3355
9 3355 3455 3456 3356
9 3356 3456 3457 3357
9 3357 3457 3458 3358
9 3358 3458 3459 3359
9 3359 3459 3460 3360
9 3360 3460 3461 3361
9 3361 3461 3462 3362
9 3362 3462 3463 3363
9 3363 3463 3464 3364
9 3364 3464 3465 3365
9 3365 3465 3466 3366
9 3366 3466 3467 3367
9 3367 3467 3468 3368
9 3368 3468 3469 3369
9 3369 3469 3470 3370
9 3370 3470 3471 3371
9 3371 3471 3472 3372
9 3372 3472 3473 3373
9 3373 3473 3474 3374
9 3374 3474 3475 3375
9 3375 3475 3476 3376
9 3376 3476 3477 3377
9 3377 3477 3478 3378
9 3378 3478 3479 3379
9 3379 3479 3480 3380
9 3380 3480 3481 3381
9 3381 3481 3482 3382
9 3382 3482 3483 3383
9 3383 3483 3484 3384
9 3384 3484 3485 3385
9 3385 3485 3486 3386
9 3386 3486 3487 3387
9 3387 3487 3488 3388
9 3388 3488 3489 3389
9 3389 3489 3490 3390
9 3390 3490 3491 3391
9 3391 3491 3492 3392
9 3392 3492 3493 3393
9 3393 3493 3494 3394
9 3394 3494 3495 3395
9 3395 3495 3496 3396
9 3396 3496 3497 3397
9 3397 3497 3498 3398
9 3398 3498 3499 3399
9 3400 3500 3501 3401
9 3401 3501 3502 3402
9 3402 3502 3503 3403
9 3403 3503 3504 3404
9 3404 3504 3505 3405
9 3405 3505 3506 3406
9 3406 3506 3507 3407
9 3407 3507 3508 3408
9 3408 3508 3509 3409
9 3409 3509 3510 3410
9 3410 3510 3511 3411
9 3411 3511 3512 3412
9 3412 3512 3513 3413
9 3413 3513 3514 3414
9 3414 3514 3515 3415
9 3415 3515 3516 3416
9 3416 3516 3517 3417
9 3417 3517 3518 3418
9 3418 3518 3519 3419
9 3419 3519 3520 3420
9 3420 3520 3521 3421
9 3421 3521 3522 3422
9 3422 3522 3523 3423
9 3423 3523 3524 3424
9 3424 3524 3525 3425
9 3425 3525 3526 3426
9 3426 3526 3527 3427
9 3427 3527 3528 3428
9 3428 3528 3529 3429
9 3429 3529 3530 3430
9 3430 3530 3531 3431
9 3431 3531 3532 3432
9 3432 3532 3533 3433
9 3433 3533 3534 3434
9 3434 3534 3535 3435
9 3435 3535 3536 3436
9 3436 3536 3537 3437
9 3437 3537 3538 3438
9 3438 3538 3539 3439
9 3439 3539 3540 3440
9 3440 3540 3541 3441
9 3441 3541 3542 3442
9 3442 3542 3543 3443
9 3443 3543 3544 3444
9 3444 3544 3545 3445
9 3445 3545 3546 3446
9 3446 3546 3547 3447
9 3447 3547 3548 3448
9 3448 3548 3549 3449
9 3449 3549 3550 3450
9 3450 3550 3551 3451
9 3451 3551 3552 3452
9 3452 3552 3553 3453
9 3453 3553 3554 3454
9 3454 3554 3555 3455
9 3455 3555 3556 3456
9 3456 3556 3557 3457
9 3457 3557 3558 3458
9 3458 3558 3559 3459
9 3459 3559 3560 3460
9 3460 3560 3561 3461
9 3461 3561 3562 3462
9 3462 3562 3563 3463
9 3463 3563 3564 3464
9 3464 3564 3565 3465
9 3465 3565 3566 3466
9 3466 3566 3567 3467
9 3467 3567 3568 3468
9 3468 3568 3569 3469
9 3469 3569 3570 3470
9 3470 3570 3571 3471
9 3471 3571 3572 3472
9 3472 3572 3573 3473
9 3473 3573 3574 3474
9 3474 3574 3575 3475
9 3475 3575 3576 3476
9 3476 3576 3577 3477
9 3477 3577 3578 3478
9 3478 3578 3579 3479
9 3479 3579 3580 3480
9 3480 3580 3581 3481
9 3481 3581 3582 3482
9 3482 3582 3583 3483
9 3483 3583 3584 3484
9 3484 3584 3585 3485
9 3485 3585 3586 3486
9 3486 3586 3587 3487
9 3487 3587 3588 3488
9 3488 3588 3589 3489
9 3489 3589 3590 3490
9 3490 3590 3591 3491
9 3491 3591 3592 3492
9 3492 3592 3593 3493
9 3493 3593 3594 3494
9 3494 3594 3595 3495
9 3495 3595 3596 3496
9 3496 3596 3597 3497
9 3497 3597 3598 3498
9 3498 3598 3599 3499
9 3500 3600 3601 3501
9 3501 3601 3602 3502
9 3502 3602 3603 3503
9 3503 3603 3604 3504
9 3504 3604 3605 3505
9 3505 3605 3606 3506
9 3506 3606 3607 3507
9 3507 3607 3608 3508
9 3508 3608 3609 3509
9 3509 3609 3610 3510
9 3510 3610 3611 3511
9 3511 3611 3612 3512
9 3512 3612 3613 3513
9 3513 3613 3614 3514
9 3514 3614 3615 3515
9 3515 3615 3616 3516
9 3516 3616 3617 3517
9 3517 3617 3618 3518
9 3518 3618 3619 3519
9 3519 3619 3620 3520
9 3520 3620 3621 3521
9 3521 3621 3622 3522
9 3522 3622 3623 3523
9 3523 3623 3624 3524
9 3524 3624 3625 3525
9 3525 3625 3626 3526
9 3526 3626 3627 3527
9 3527 3627 3628 3528
9 3528 3628 3629 3529
9 3529 3629 3630 3530
9 3530 3630 3631 3531
9 3531 3631 3632 3532
9 3532 3632 3633 3533
9 3533 3633 3634 3534
9 3534 3634 3635 3535
9 3535 3635 3636 3536
9 3536 3636 3637 3537
9 3537 3637 3638 3538
9 3538 3638 3639 3539
9 3539 3639 3640 3540
9 3540 3640 3641 3541
9 3541 3641 3642 3542
9 3542 3642 3643 3543
9 3543 3643 3644 3544
9 3544 3644 3645 3545
9 3545 3645 3646 3546
9 3546 3646 3647 3547
9 3547 3647 3648 3548
9 3548 3648 3649 3549
9 3549 3649 3650 3550
9 3550 3650 3651 3551
9 3551 3651 3652 3552
9 3552 3652 3653 3553
9 3553 3653 3654 3554
9 3554 3654 3655 3555
9 3555 3655 3656 3556
9 3556 3656 3657 3557
9 3557 3657 3658 3558
9 3558 3658 3659 3559
9 3559 3659 3660 3560
9 3560 3660 3661 3561
9 3561 3661 3662 3562
9 3562 3662 3663 3563
9 3563 3663 3664 3564
9 3564 3664 3665 3565
9 3565 3665 3666 3566
9 3566 3666 3667 3567
9 3567 3667 3668 3568
9 3568 3668 3669 3569
9 3569 3669 3670 3570
9 3570 3670 3671 3571
9 3571 3671 3672 3572
9 3572 3672 3673 3573
9 3573 3673 3674 3574
9 3574 3674 3675 3575
9 3575 3675 3676 3576
9 3576 3676 3677 3577
9 3577 3677 3678 3578
9 3578 3678 3679 3579
9 3579 3679 3680 3580
9 3580 3680 3681 3581
9 3581 3681 3682 3582
9 3582 3682 3683 3583
9 3583 3683 3684 3584
9 3584 3684 3685 3585
9 3585 3685 3686 3586
9 3586 3686 3687 3587
9 3587 3687 3688 3588
9 3588 3688 3689 3589
9 3589 3689 3690 3590
9 3590 3690 3691 3591
9 3591 3691 3692 3592
9 3592 3692 3693 3593
9 3593 3693 3694 3594
9 3594 3694 3695 3595
9 3595 3695 3696 3596
9 3596 3696 3697 3597
9 3597 3697 3698 3598
9 3598 3698 3699 3599
9 3600 3700 3701 3601
9 3601 3701 3702 3602
9 3602 3702 3703 3603
9 3603 3703 3704 3604
9 3604 3704 3705 3605
9 3605 3705 3706 3606
9 3606 3706 3707 3607
9 3607 3707 3708 3608
9 3608 3708 3709 3609
9 3609 3709 3710 3610
9 3610 3710 3711 3611
9 3611 3711 3712 3612
9 3612 3712 3713 3613
9 3613 3713 3714 3614
9 3614 3714 3715 3615
9 3615 3715 3716 3616
9 3616 3716 3717 3617
9 3617 3717 3718 3618
9 3618 3718 3719 3619
9 3619 3719 3720 3620
9 3620 3720 3721 3621
9 3621 3721 3722 3622
9 3622 3722 3723 3623
9 3623 3723 3724 3624
9 3624 3724 3725 3625
9 3625 3725 3726 3626
9 3626 3726 3727 3627
9 3627 3727 3728 3628
9 3628 3728 3729 3629
9 3629 3729 3730 3630
9 3630 3730 3731 3631
9 3631 3731 3732 3632
9 3632 3732 3733 3633
9 3633 3733 3734 3634
9 3634 3734 3735 3635
9 3635 3735 3736 3636
9 3636 3736 3737 3637
9 3637 3737 3738 3638
9 3638 3738 3739 3639
9 3639 3739 3740 3640
9 3640 3740 3741 3641
9 3641 3741 3742 3642
9 3642 3742 3743 3643
9 3643 3743 3744 3644
9 3644 3744 3745 3645
9 3645 3745 3746 3646
9 3646 3746 3747 3647
9 3647 3747 3748 3648
9 3648 3748 3749 3649
9 3649 3749 3750 3650
9 3650 3750 3751 3651
9 3651 3751 3752 3652
9 3652 3752 3753 3653
9 3653 3753 3754 3654
9 3654 3754 3755 3655
9 3655 3755 3756 3656
9 3656 3756 3757 3657
9 3657 3757 3758 3658
9 3658 3758 3759 3659
9 3659 3759 3760 3660
9 3660 3760 3761 3661
9 3661 3761 3762 3662
9 3662 3762 3763 3663
9 3663 3763 3764 3664
9 3664 3764 3765 3665
9 3665 3765 3766 3666
9 3666 3766 3767 3667
9 3667 3767 3768 3668
9 3668 3768 3769 3669
9 3669 3769 3770 3670
9 3670 3770 3771 3671
9 3671 3771 3772 3672
9 3672 3772 3773 3673
9 3673 3773 3774 3674
9 3674 3774 3775 3675
9 3675 3775 3776 3676
9 3676 3776 3777 3677
9 3677 3777 3778 3678
9 3678 3778 3779 3679
9 3679 3779 3780 3680
9 3680 3780 3781 3681
9 3681 3781 3782 3682
9 3682 3782 3783 3683
9 3683 3783 3784 3684
9 3684 3784 3785 3685
9 3685 3785 3786 3686
9 3686 3786 3787 3687
9 3687 3787 3788 3688
9 3688 3788 3789 3689
9 3689 3789 3790 3690
9 3690 3790 3791 3691
9 3691 3791 3792 3692
9 3692 3792 3793 3693
9 3693 3793 3794 3694
9 3694 3794 3795 3695
9 3695 3795 3796 3696
9 3696 3796 3797 3697
9 3697 3797 3798 3698
9 3698 3798 3799 3699
9 3700 3800 3801 3701
9 3701 3801 3802 3702
9 3702 3802 3803 3703
9 3703 3803 3804 3704
9 3704 3804 3805 3705
9 3705 3805 3806 3706
9 3706 3806 3807 3707
9 3707 3807 3808 3708
9 3708 3808 3809 3709
9 3709 3809 3810 3710
9 3710 3810 3811 3711
9 3711 3811 3812 3712
9 3712 3812 3813 3713
9 3713 3813 3814 3714
9 3714 3814 3815 3715
9 3715 3815 3816 3716
9 3716 3816 3817 3717
9 3717 3817 3818 3718
9 3718 3818 3819 3719
9 3719 3819 3820 3720
9 3720 3820 3821 3721
9 3721 3821 3822 3722
9 3722 3822 3823 3723
9 3723 3823 3824 3724
9 3724 3824 3825 3725
9 3725 3825 3826 3726
9 3726 3826 3827 3727
9 3727 3827 3828 3728
9 3728 3828 3829 3729
9 3729 3829 3830 3730
9 3730 3830 3831 3731
9 3731 3831 3832 3732
9 3732 3832 3833 3733
9 3733 3833 3834 3734
9 3734 3834 3835 3735
9 3735 3835 3836 3736
9 3736 3836 3837 3737
9 3737 3837 3838 3738
9 3738 3838 3839 3739
9 3739 3839 3840 3740
9 3740 3840 3841 3741
9 3741 3841 3842 3742
9 3742 3842 3843 3743
9 3743 3843 3844 3744
9 3744 3844 3845 3745
9 3745 3845 3846 3746
9 3746 3846 3847 3747
9 3747 3847 3848 3748
9 3748 3848 3849 3749
9 3749 3849 3850 3750
9 3750 3850 3851 3751
9 3751 3851 3852 3752
9 3752 3852 3853 3753
9 3753 3853 3854 3754
9 3754 3854 3855 3755
9 3755 3855 3856 3756
9 3756 3856 3857 3757
9 3757 3857 3858 3758
9 3758 3858 3859 3759
9 3759 3859 3860 3760
9 3760 3860 3861 3761
9 3761 3861 3862 3762
9 3762 3862 3863 3763
9 3763 3863 3864 3764
9 3764 3864 3865 3765
9 3765 3865 3866 3766
9 3766 3866 3867 3767
9 3767 3867 3868 3768
9 3768 3868 3869 3769
9 3769 3869 3870 3770
9 3770 3870 3871 3771
9 3771 3871 3872 3772
9 3772 3872 3873 3773
9 3773 3873 3874 3774
9 3774 3874 3875 3775
9 3775 3875 3876 3776
9 3776 3876 3877 3777
9 3777 3877 3878 3778
9 3778 3878 3879 3779
9 3779 3879 3880 3780
9 3780 3880 3881 3781
9 3781 3881 3882 3782
9 3782 3882 3883 3783
9 3783 3883 3884 3784
9 3784 3884 3885 3785
9 3785 3885 3886 3786
9 3786 3886 3887 3787
9 3787 3887 3888 3788
9 3788 3888 3889 3789
9 3789 3889 3890 3790
9 3790 3890 3891 3791
9 3791 3891 3892 3792
9 3792 3892 3893 3793
9 3793 3893 3894 3794
9 3794 3894 3895 3795
9 3795 3895 3896 3796
9 3796 3896 3897 3797
9 3797 3897 3898 3798
9 3798 3898 3899 3799
9 3800 3900 3901 3801
9 3801 3901 3902 3802
9 3802 3902 3903 3803
9 3803 3903 3904 3804
9 3804 3904 3905 3805
9 3805 3905 3906 3806
9 3806 3906 3907 3807
9 3807 3907 3908 3808
9 3808 3908 3909 3809
9 3809 3909 3910 3810
9 3810 3910 3911 3811
9 3811 3911 3912 3812
9 3812 3912 3913 3813
9 3813 3913 3914 3814
9 3814 3914 3915 3815
9 3815 3915 3916 3816
9 3816 3916 3917 3817
9 3817 3917 3918 3818
9 3818 3918 3919 3819
9 3819 3919 3920 3820
9 3820 3920 3921 3821
9 3821 3921 3922 3822
9 3822 3922 3923 3823
9 3823 3923 3924 3824
9 3824 3924 3925 3825
9 3825 3925 3926 3826
9 3826 3926 3927 3827
9 3827 3927 3928 3828
9 3828 3928 3929 3829
9 3829 3929 3930 3830
9 3830 3930 3931 3831
9 3831 3931 3932 3832
9 3832 3932 3933 3833
9 3833 3933 3934 3834
9 3834 3934 3935 3835
9 3835 3935 3936 3836
9 3836 3936 3937 3837
9 3837 3937 3938 3838
9 3838 3938 3939 3839
9 3839 3939 3940 3840
9 3840 3940 3941 3841
9 3841 3941 3942 3842
9 3842 3942 3943 3843
9 3843 3943 3944 3844
9 3844 3944 3945 3845
9 3845 3945 3946 3846
9 3846 3946 3947 3847
9 3847 3947 3948 3848
9 3848 3948 3949 3849
9 3849 3949 3950 3850
9 3850 3950 3951 3851
9 3851 3951 3952 3852
9 3852 3952 3953 3853
9 3853 3953 3954 3854
9 3854 3954 3955 3855
9 3855 3955 3956 3856
9 3856 3956 3957 3857
9 3857 3957 3958 3858
9 3858 3958 3959 3859
9 3859 3959 3960 3860
9 3860 3960 3961 3861
9 3861 3961 3962 3862
9 3862 3962 3963 3863
9 3863 3963 3964 3864
9 3864 3964 3965 3865
9 3865 3965 3966 3866
9 3866 3966 3967 3867
9 3867 3967 3968 3868
9 3868 3968 3969 3869
9 3869 3969 3970 3870
9 3870 3970 3971 3871
9 3871 3971 3972 3872
9 3872 3972 3973 3873
9 3873 3973 3974 3874
9 3874 3974 3975 3875
9 3875 3975 3976 3876
9 3876 3976 3977 3877
9 3877 3977 3978 3878
9 3878 3978 3979 3879
9 3879 3979 3980 3880
9 3880 3980 3981 3881
9 3881 3981 3982 3882
9 3882 3982 3983 3883
9 3883 3983 3984 3884
9 3884 3984 3985 3885
9 3885 3985 3986 3886
9 3886 3986 3987 3887
9 3887 3987 3988 3888
9 3888 3988 3989 3889
9 3889 3989 3990 3890
9 3890 3990 3991 3891
9 3891 3991 3992 3892
9 3892 3992 3993 3893
9 3893 3993 3994 3894
9 3894 3994 3995 3895
9 3895 3995 3996 3896
9 3896 3996 3997 3897
9 3897 3997 3998 3898
9 3898 3998 3999 3899
9 3900 4000 4001 3901
9 3901 4001 4002 3902
9 3902 4002 4003 3903
9 3903 4003 4004 3904
9 3904 4004 4005 3905
9 3905 4005 4006 3906
9 3906 4006 4007 3907
9 3907 4007 4008 3908
9 3908 4008 4009 3909
9 3909 4009 4010 3910
9 3910 4010 4011 3911
9 3911 4011 4012 3912
9 3912 4012 4013 3913
9 3913 4013 4014 3914
9 3914 4014 4015 3915
9 3915 4015 4016 3916
9 3916 4016 4017 3917
9 3917 4017 4018 3918
9 3918 4018 4019 3919
9 3919 4019 4020 3920
9 3920 4020 4021 3921
9 3921 4021 4022 3922
9 3922 4022 4023 3923
9 3923 4023 4024 3924
9 3924 4024 4025 3925
9 3925 4025 4026 3926
9 3926 4026 4027 3927
9 3927 4027 4028 3928
9 3928 4028 4029 3929
9 3929 4029 4030 3930
9 3930 4030 4031 3931
9 3931 4031 4032 3932
9 3932 4032 4033 3933
9 3933 4033 4034 3934
9 3934 4034 4035 3935
9 3935 4035 4036 3936
9 3936 4036 4037 3937
9 3937 4037 4038 3938
9 3938 4038 4039 3939
9 3939 4039 4040 3940
9 3940 4040 4041 3941
9 3941 4041 4042 3942
9 3942 4042 4043 3943
9 3943 4043 4044 3944
9 3944 4044 4045 3945
9 3945 4045 4046 3946
9 3946 4046 4047 3947
9 3947 4047 4048 3948
9 3948 4048 4049 3949
9 3949 4049 4050 3950
9 3950 4050 4051 3951
9 3951 4051 4052 3952
9 3952 4052 4053 3953
9 3953 4053 4054 3954
9 3954 4054 4055 3955
9 3955 4055 4056 3956
9 3956 4056 4057 3957
9 3957 4057 4058 3958
9 3958 4058 4059 3959
9 3959 4059 4060 3960
9 3960 4060 4061 3961
9 3961 4061 4062 3962
9 3962 4062 4063 3963
9 3963 4063 4064 3964
9 3964 4064 4065 3965
9 3965 4065 4066 3966
9 3966 4066 4067 3967
9 3967 4067 4068 3968
9 3968 4068 4069 3969
9 3969 4069 4070 3970
9 3970 4070 4071 3971
9 3971 4071 4072 3972
9 3972 4072 4073 3973
9 3973 4073 4074 3974
9 3974 4074 4075 3975
9 3975 4075 4076 3976
9 3976 4076 4077 3977
9 3977 4077 4078 3978
9 3978 4078 4079 3979
9 3979 4079 4080 3980
9 3980 4080 4081 3981
9 3981 4081 4082 3982
9 3982 4082 4083 3983
9 3983 4083 4084 3984
9 3984 4084 4085 3985
9 3985 4085 4086 3986
9 3986 4086 4087 3987
9 3987 4087 4088 3988
9 3988 4088 4089 3989
9 3989 4089 4090 3990
9 3990 4090 4091 3991
9 3991 4091 4092 3992
9 3992 4092 4093 3993
9 3993 4093 4094 3994
9 3994 4094 4095 3995
9 3995 4095 4096 3996
9 3996 4096 4097 3997
9 3997 4097 4098 3998
9 3998 4098 4099 3999
9 4000 4100 4101 4001
9 4001 4101 4102 4002
9 4002 4102 4103 4003
9 4003 4103 4104 4004
9 4004 4104 4105 4005
9 4005 4105 4106 4006
9 4006 4106 4107 4007
9 4007 4107 4108 4008
9 4008 4108 4109 4009
9 4009 4109 4110 4010
9 4010 4110 4111 4011
9 4011 4111 4112 4012
9 4012 4112 4113 4013
9 4013 4113 4114 4014
9 4014 4114 4115 4015
9 4015 4115 4116 4016
9 4016 4116 4117 4017
9 4017 4117 4118 4018
9 4018 4118 4119 4019
9 4019 4119 4120 4020
9 4020 4120 4121 4021
9 4021 4121 4122 4022
9 4022 4122 4123 4023
9 4023 4123 4124 4024
9 4024 4124 4125 4025
9 4025 4125 4126 4026
9 4026 4126 4127 4027
9 4027 4127 4128 4028
9 4028 4128 4129 4029
9 4029 4129 4130 4030
9 4030 4130 4131 4031
9 4031 4131 4132 4032
9 4032 4132 4133 4033
9 4033 4133 4134 4034
9 4034 4134 4135 4035
9 4035 4135 4136 4036
9 4036 4136 4137 4037
9 4037 4137 4138 4038
9 4038 4138 4139 4039
9 4039 4139 4140 4040
9 4040 4140 4141 4041
9 4041 4141 4142 4042
9 4042 4142 4143 4043
9 4043 4143 4144 4044
9 4044 4144 4145 4045
9 4045 4145 4146 4046
9 4046 4146 4147 4047
9 4047 4147 4148 4048
9 4048 4148 4149 4049
9 4049 4149 4150 4050
9 4050 4150 4151 4051
9 4051 4151 4152 4052
9 4052 4152 4153 4053
9 4053 4153 4154 4054
9 4054 4154 4155 4055
9 4055 4155 4156 4056
9 4056 4156 4157 4057
9 4057 4157 4158 4058
9 4058 4158 4159 4059
9 4059 4159 4160 4060
9 4060 4160 4161 4061
9 4061 4161 4162 4062
9 4062 4162 4163 4063
9 4063 4163 4164 4064
9 4064 4164 4165 4065
9 4065 4165 4166 4066
9 4066 4166 4167 4067
9 4067 4167 4168 4068
9 4068 4168 4169 4069
9 4069 4169 4170 4070
9 4070 4170 4171 4071
9 4071 4171 4172 4072
9 4072 4172 4173 4073
9 4073 4173 4174 4074
9 4074 4174 4175 4075
9 4075 4175 4176 4076
9 4076 4176 4177 4077
9 4077 4177 4178 4078
9 4078 4178 4179 4079
9 4079 4179 4180 4080
9 4080 4180 4181 4081
9 4081 4181 4182 4082
9 4082 4182 4183 4083
9 4083 4183 4184 4084
9 4084 4184 4185 4085
9 4085 4185 4186 4086
9 4086 4186 4187 4087
9 4087 4187 4188 4088
9 4088 4188 4189 4089
9 4089 4189 4190 4090
9 4090 4190 4191 4091
9 4091 4191 4192 4092
9 4092 4192 4193 4093
9 4093 4193 4194 4094
9 4094 4194 4195 4095
9 4095 4195 4196 4096
9 4096 4196 4197 4097
9 4097 4197 4198 4098
9 4098 4198 4199 4099
9 4100 4200 4201 4101
9 4101 4201 4202 4102
9 4102 4202 4203 4103
9 4103 4203 4204 4104
9 4104 4204 4205 4105
9 4105 4205 4206 4106
9 4106 4206 4207 4107
9 4107 4207 4208 4108
9 4108 4208 4209 4109
9 4109 4209 4210 4110
9 4110 4210 4211 4111
9 4111 4211 4212 4112
9 4112 4212 4213 4113
9 4113 4213 4214 4114
9 4114 4214 4215 4115
9 4115 4215 4216 4116
9 4116 4216 4217 4117
9 4117 4217 4218 4118
9 4118 4218 4219 4119
9 4119 4219 4220 4120
9 4120 4220 4221 4121
9 4121 4221 4222 4122
9 4122 4222 4223 4123
9 4123 4223 4224 4124
9 4124 4224 4225 4125
9 4125 4225 4226 4126
9 4126 4226 4227 4127
9 4127 4227 4228 4128
9 4128 4228 4229 4129
9 4129 4229 4230 4130
9 4130 4230 4231 4131
9 4131 4231 4232 4132
9 4132 4232 4233 4133
9 4133 4233 4234 4134
9 4134 4234 4235 4135
9 4135 4235 4236 4136
9 4136 4236 4237 4137
9 4137 4237 4238 4138
9 4138 4238 4239 4139
9 4139 4239 4240 4140
9 4140 4240 4241 4141
9 4141 4241 4242 4142
9 4142 4242 4243 4143
9 4143 4243 4244 4144
9 4144 4244 4245 4145
9 4145 4245 4246 4146
9 4146 4246 4247 4147
9 4147 4247 4248 4148
9 4148 4248 4249 4149
9 4149 4249 4250 4150
9 4150 4250 4251 4151
9 4151 4251 4252 4152
9 4152 4252 4253 4153
9 4153 4253 4254 4154
9 4154 4254 4255 4155
9 4155 4255 4256 4156
9 4156 4256 4257 4157
9 4157 4257 4258 4158
9 4158 4258 4259 4159
9 4159 4259 4260 4160
9 4160 4260 4261 4161
9 4161 4261 4262 4162
9 4162 4262 4263 4163
9 4163 4263 4264 4164
9 4164 4264 4265 4165
9 4165 4265 4266 4166
9 4166 4266 4267 4167
9 4167 4267 4268 4168
9 4168 4268 4269 4169
9 4169 4269 4270 4170
9 4170 4270 4271 4171
9 4171 4271 4272 4172
9 4172 4272 4273 4173
9 4173 4273 4274 4174
9 4174 4274 4275 4175
9 4175 4275 4276 4176
9 4176 4276 4277 4177
9 4177 4277 4278 4178
9 4178 4278 4279 4179
9 4179 4279 4280 4180
9 4180 4280 4281 4181
9 4181 4281 4282 4182
9 4182 4282 4283 4183
9 4183 4283 4284 4184
9 4184 4284 4285 4185
9 4185 4285 4286 4186
9 4186 4286 4287 4187
9 4187 4287 4288 4188
9 4188 4288 4289 4189
9 4189 4289 4290 4190
9 4190 4290 4291 4191
9 4191 4291 4292 4192
9 4192 4292 4293 4193
9 4193 4293 4294 4194
9 4194 4294 4295 4195
9 4195 4295 4296 4196
9 4196 4296 4297 4197
9 4197 4297 4298 4198
9 4198 4298 4299 4199
9 4200 4300 4301 4201
9 4201 4301 4302 4202
9 4202 4302 4303 4203
9 4203 4303 4304 4204
9 4204 4304 4305 4205
9 4205 4305 4306 4206
9 4206 4306 4307 4207
9 4207 4307 4308 4208
9 4208 4308 4309 4209
9 4209 4309 4310 4210
9 4210 4310 4311 4211
9 4211 4311 4312 4212
9 4212 4312 4313 4213
9 4213 4313 4314 4214
9 4214 4314 4315 4215
9 4215 4315 4316 4216
9 4216 4316 4317 4217
9 4217 4317 4318 4218
9 4218 4318 4319 4219
9 4219 4319 4320 4220
9 4220 4320 4321 4221
9 4221 4321 4322 4222
9 4222 4322 4323 4223
9 4223 4323 4324 4224
9 4224 4324 4325 4225
9 4225 4325 4326 4226
9 4226 4326 4327 4227
9 4227 4327 4328 4228
9 4228 4328 4329 4229
9 4229 4329 4330 4230
9 4230 4330 4331 4231
9 4231 4331 4332 4232
9 4232 4332 4333 4233
9 4233 4333 4334 4234
9 4234 4334 4335 4235
9 4235 4335 4336 4236
9 4236 4336 4337 4237
9 4237 4337 4338 4238
9 4238 4338 4339 4239
9 4239 4339 4340 4240
9 4240 4340 4341 4241
9 4241 4341 4342 4242
9 4242 4342 4343 4243
9 4243 4343 4344 4244
9 4244 4344 4345 4245
9 4245 4345 4346 4246
9 4246 4346 4347 4247
9 4247 4347 4348 4248
9 4248 4348 4349 4249
9 4249 4349 4350 4250
9 4250 4350 4351 4251
9 4251 4351 4352 4252
9 4252 4352 4353 4253
9 4253 4353 4354 4254
9 4254 4354 4355 4255
9 4255 4355 4356 4256
9 4256 4356 4357 4257
9 4257 4357 4358 4258
9 4258 4358 4359 4259
9 4259 4359 4360 4260
9 4260 4360 4361 4261
9 4261 4361 4362 4262
9 4262 4362 4363 4263
9 4263 4363 4364 4264
9 4264 4364 4365 4265
9 4265 4365 4366 4266
9 4266 4366 4367 4267
9 4267 4367 4368 4268
9 4268 4368 4369 4269
9 4269 4369 4370 4270
9 4270 4370 4371 4271
9 4271 4371 4372 4272
9 4272 4372 4373 4273
9 4273 4373 4374 4274
9 4274 4374 4375 4275
9 4275 4375 4376 4276
9 4276 4376 4377 4277
9 4277 4377 4378 4278
9 4278 4378 4379 4279
9 4279 4379 4380 4280
9 4280 4380 4381 4281
9 4281 4381 4382 4282
9 4282 4382 4383 4283
9 4283 4383 4384 4284
9 4284 4384 4385 4285
9 4285 4385 4386 4286
9 4286 4386 4387 4287
9 4287 4387 4388 4288
9 4288 4388 4389 4289
9 4289 4389 4390 4290
9 4290 4390 4391 4291
9 4291 4391 4392 4292
9 4292 4392 4393 4293
9 4293 4393 4394 4294
9 4294 4394 4395 4295
9 4295 4395 4396 4296
9 4296 4396 4397 4297
9 4297 4397 4398 4298
9 4298 4398 4399 4299
9 4300 4400 4401 4301
9 4301 4401 4402 4302
9 4302 4402 4403 4303
9 4303 4403 4404 4304
9 4304 4404 4405 4305
9 4305 4405 4406 4306
9 4306 4406 4407 4307
9 4307 4407 4408 4308
9 4308 4408 4409 4309
9 4309 4409 4410 4310
9 4310 4410 4411 4311
9 4311 4411 4412 4312
9 4312 4412 4413 4313
9 4313 4413 4414 4314
9 4314 4414 4415 4315
9 4315 4415 4416 4316
9 4316 4416 4417 4317
9 4317 4417 4418 4318
9 4318 4418 4419 4319
9 4319 4419 4420 4320
9 4320 4420 4421 4321
9 4321 4421 4422 4322
9 4322 4422 4423 4323
9 4323 4423 4424 4324
9 4324 4424 4425 4325
9 4325 4425 4426 4326
9 4326 4426 4427 4327
9 4327 4427 4428 4328
9 4328 4428 4429 4329
9 4329 4429 4430 4330
9 4330 4430 4431 4331
9 4331 4431 4432 4332
9 4332 4432 4433 4333
9 4333 4433 4434 4334
9 4334 4434 4435 4335
9 4335 4435 4436 4336
9 4336 4436 4437 4337
9 4337 4437 4438 4338
9 4338 4438 4439 4339
9 4339 4439 4440 4340
9 4340 4440 4441 4341
9 4341 4441 4442 4342
9 4342 4442 4443 4343
9 4343 4443 4444 4344
9 4344 4444 4445 4345
9 4345 4445 4446 4346
9 4346 4446 4447 4347
9 4347 4447 4448 4348
9 4348 4448 4449 4349
9 4349 4449 4450 4350
9 4350 4450 4451 4351
9 4351 4451 4452 4352
9 4352 4452 4453 4353
9 4353 4453 4454 4354
9 4354 4454 4455 4355
9 4355 4455 4456 4356
9 4356 4456 4457 4357
9 4357 4457 4458 4358
9 4358 4458 4459 4359
9 4359 4459 4460 4360
9 4360 4460 4461 4361
9 4361 4461 4462 4362
9 4362 4462 4463 4363
9 4363 4463 4464 4364
9 4364 4464 4465 4365
9 4365 4465 4466 4366
9 4366 4466 4467 4367
9 4367 4467 4468 4368
9 4368 4468 4469 4369
9 4369 4469 4470 4370
9 4370 4470 4471 4371
9 4371 4471 4472 4372
9 4372 4472 4473 4373
9 4373 4473 4474 4374
9 4374 4474 4475 4375
9 4375 4475 4476 4376
9 4376 4476 4477 4377
9 4377 4477 4478 4378
9 4378 4478 4479 4379
9 4379 4479 4480 4380
9 4380 4480 4481 4381
9 4381 4481 4482 4382
9 4382 4482 4483 4383
9 4383 4483 4484 4384
9 4384 4484 4485 4385
9 4385 4485 4486 4386
9 4386 4486 4487 4387
9 4387 4487 4488 4388
9 4388 4488 4489 4389
9 4389 4489 4490 4390
9 4390 4490 4491 4391
9 4391 4491 4492 4392
9 4392 4492 4493 4393
9 4393 4493 4494 4394
9 4394 4494 4495 4395
9 4395 4495 4496 4396
9 4396 4496 4497 4397
9 4397 4497 4498 4398
9 4398 4498 4499 4399
9 4400 4500 4501 4401
9 4401 4501 4502 4402
9 4402 4502 4503 4403
9 4403 4503 4504 4404
9 4404 4504 4505 4405
9 4405 4505 4506 4406
9 4406 4506 4507 4407
9 4407 4507 4508 4408
9 4408 4508 4509 4409
9 4409 4509 4510 4410
9 4410 4510 4511 4411
9 4411 4511 4512 4412
9 4412 4512 4513 4413
9 4413 4513 4514 4414
9 4414 4514 4515 4415
9 4415 4515 4516 4416
9 4416 4516 4517 4417
9 4417 4517 4518 4418
9 4418 4518 4519 4419
9 4419 4519 4520 4420
9 4420 4520 4521 4421
9 4421 4521 4522 4422
9 4422 4522 4523 4423
9 4423 4523 4524 4424
9 4424 4524 4525 4425
9 4425 4525 4526 4426
9 4426 4526 4527 4427
9 4427 4527 4528 4428
9 4428 4528 4529 4429
9 4429 4529 4530 4430
9 4430 4530 4531 4431
9 4431 4531 4532 4432
9 4432 4532 4533 4433
9 4433 4533 4534 4434
9 4434 4534 4535 4435
9 4435 4535 4536 4436
9 4436 4536 4537 4437
9 4437 4537 4538 4438
9 4438 4538 4539 4439
9 4439 4539 4540 4440
9 4440 4540 4541 4441
9 4441 4541 4542 4442
9 4442 4542 4543 4443
9 4443 4543 4544 4444
9 4444 4544 4545 4445
9 4445 4545 4546 4446
9 4446 4546 4547 4447
9 4447 4547 4548 4448
9 4448 4548 4549 4449
9 4449 4549 4550 4450
9 4450 4550 4551 4451
9 4451 4551 4552 4452
9 4452 4552 4553 4453
9 4453 4553 4554 4454
9 4454 4554 4555 4455
9 4455 4555 4556 4456
9 4456 4556 4557 4457
9 4457 4557 4558 4458
9 4458 4558 4559 4459
9 4459 4559 4560 4460
9 4460 4560 4561 4461
9 4461 4561 4562 4462
9 4462 4562 4563 4463
9 4463 4563 4564 4464
9 4464 4564 4565 4465
9 4465 4565 4566 4466
9 4466 4566 4567 4467
9 4467 4567 4568 4468
9 4468 4568 4569 4469
9 4469 4569 4570 4470
9 4470 4570 4571 4471
9 4471 4571 4572 4472
9 4472 4572 4573 4473
9 4473 4573 4574 4474
9 4474 4574 4575 4475
9 4475 4575 4576 4476
9 4476 4576 4577 4477
9 4477 4577 4578 4478
9 4478 4578 4579 4479
9 4479 4579 4580 4480
9 4480 4580 4581 4481
9 4481 4581 4582 4482
9 4482 4582 4583 4483
9 4483 4583 4584 4484
9 4484 4584 4585 4485
9 4485 4585 4586 4486
9 4486 4586 4587 4487
9 4487 4587 4588 4488
9 4488 4588 4589 4489
9 4489 4589 4590 4490
9 4490 4590 4591 4491
9 4491 4591 4592 4492
9 4492 4592 4593 4493
9 4493 4593 4594 4494
9 4494 4594 4595 4495
9 4495 4595 4596 4496
9 4496 4596 4597 4497
9 4497 4597 4598 4498
9 4498 4598 4599 4499
9 4500 4600 4601 4501
9 4501 4601 4602 4502
9 4502 4602 4603 4503
9 4503 4603 4604 4504
9 4504 4604 4605 4505
9 4505 4605 4606 4506
9 4506 4606 4607 4507
9 4507 4607 4608 4508
9 4508 4608 4609 4509
9 4509 4609 4610 4510
9 4510 4610 4611 4511
9 4511 4611 4612 4512
9 4512 4612 4613 4513
9 4513 4613 4614 4514
9 4514 4614 4615 4515
9 4515 4615 4616 4516
9 4516 4616 4617 4517
9 4517 4617 4618 4518
9 4518 4618 4619 4519
9 4519 4619 4620 4520
9 4520 4620 4621 4521
9 4521 4621 4622 4522
9 4522 4622 4623 4523
9 4523 4623 4624 4524
9 4524 4624 4625 4525
9 4525 4625 4626 4526
9 4526 4626 4627 4527
9 4527 4627 4628 4528
9 4528 4628 4629 4529
9 4529 4629 4630 4530
9 4530 4630 4631 4531
9 4531 4631 4632 4532
9 4532 4632 4633 4533
9 4533 4633 4634 4534
9 4534 4634 4635 4535
9 4535 4635 4636 4536
9 4536 4636 4637 4537
9 4537 4637 4638 4538
9 4538 4638 4639 4539
9 4539 4639 4640 4540
9 4540 4640 4641 4541
9 4541 4641 4642 4542
9 4542 4642 4643 4543
9 4543 4643 4644 4544
9 4544 4644 4645 4545
9 4545 4645 4646 4546
9 4546 4646 4647 4547
9 4547 4647 4648 4548
9 4548 4648 4649 4549
9 4549 4649 4650 4550
9 4550 4650 4651 4551
9 4551 4651 4652 4552
9 4552 4652 4653 4553
9 4553 4653 4654 4554
9 4554 4654 4655 4555
9 4555 4655 4656 4556
9 4556 4656 4657 4557
9 4557 4657 4658 4558
9 4558 4658 4659 4559
9 4559 4659 4660 4560
9 4560 4660 4661 4561
9 4561 4661 4662 4562
9 4562 4662 4663 4563
9 4563 4663 4664 4564
9 4564 4664 4665 4565
9 4565 4665 4666 4566
9 4566 4666 4667 4567
9 4567 4667 4668 4568
9 4568 4668 4669 4569
9 4569 4669 4670 4570
9 4570 4670 4671 4571
9 4571 4671 4672 4572
9 4572 4672 4673 4573
9 4573 4673 4674 4574
9 4574 4674 4675 4575
9 4575 4675 4676 4576
9 4576 4676 4677 4577
9 4577 4677 4678 4578
9 4578 4678 4679 4579
9 4579 4679 4680 4580
9 4580 4680 4681 4581
9 4581 4681 4682 4582
9 4582 4682 4683 4583
9 4583 4683 4684 4584
9 4584 4684 4685 4585
9 4585 4685 4686 4586
9 4586 4686 4687 4587
9 4587 4687 4688 4588
9 4588 4688 4689 4589
9 4589 4689 4690 4590
9 4590 4690 4691 4591
9 4591 4691 4692 4592
9 4592 4692 4693 4593
9 4593 4693 4694 4594
9 4594 4694 4695 4595
9 4595 4695 4696 4596
9 4596 4696 4697 4597
9 4597 4697 4698 4598
9 4598 4698 4699 4599
9 4600 4700 4701 4601
9 4601 4701 4702 4602
9 4602 4702 4703 4603
9 4603 4703 4704 4604
9 4604 4704 4705 4605
9 4605 4705 4706 4606
9 4606 4706 4707 4607
9 4607 4707 4708 4608
9 4608 4708 4709 4609
9 4609 4709 4710 4610
9 4610 4710 4711 4611
9 4611 4711 4712 4612
9 4612 4712 4713 4613
9 4613 4713 4714 4614
9 4614 4714 4715 4615
9 4615 4715 4716 4616
9 4616 4716 4717 4617
9 4617 4717 4718 4618
9 4618 4718 4719 4619
9 4619 4719 4720 4620
9 4620 4720 4721 4621
9 4621 4721 4722 4622
9 4622 4722 4723 4623
9 4623 4723 4724 4624
9 4624 4724 4725 4625
9 4625 4725 4726 4626
9 4626 4726 4727 4627
9 4627 4727 4728 4628
9 4628 4728 4729 4629
9 4629 4729 4730 4630
9 4630 4730 4731 4631
9 4631 4731 4732 4632
9 4632 4732 4733 4633
9 4633 4733 4734 4634
9 4634 4734 4735 4635
9 4635 4735 4736 4636
9 4636 4736 4737 4637
9 4637 4737 4738 4638
9 4638 4738 4739 4639
9 4639 4739 4740 4640
9 4640 4740 4741 4641
9 4641 4741 4742 4642
9 4642 4742 4743 4643
9 4643 4743 4744 4644
9 4644 4744 4745 4645
9 4645 4745 4746 4646
9 4646 4746 4747 4647
9 4647 4747 4748 4648
9 4648 4748 4749 4649
9 4649 4749 4750 4650
9 4650 4750 4751 4651
9 4651 4751 4752 4652
9 4652 4752 4753 4653
9 4653 4753 4754 4654
9 4654 4754 4755 4655
9 4655 4755 4756 4656
9 4656 4756 4757 4657
9 4657 4757 4758 4658
9 4658 4758 4759 4659
9 4659 4759 4760 4660
9 4660 4760 4761 4661
9 4661 4761 4762 4662
9 4662 4762 4763 4663
9 4663 4763 4764 4664
9 4664 4764 4765 4665
9 4665 4765 4766 4666
9 4666 4766 4767 4667
9 4667 4767 4768 4668
9 4668 4768 4769 4669
9 4669 4769 4770 4670
9 4670 4770 4771 4671
9 4671 4771 4772 4672
9 4672 4772 4773 4673
9 4673 4773 4774 4674
9 4674 4774 4775 4675
9 4675 4775 4776 4676
9 4676 4776 4777 4677
9 4677 4777 4778 4678
9 4678 4778 4779 4679
9 4679 4779 4780 4680
9 4680 4780 4781 4681
9 4681 4781 4782 4682
9 4682 4782 4783 4683
9 4683 4783 4784 4684
9 4684 4784 4785 4685
9 4685 4785 4786 4686
9 4686 4786 4787 4687
9 4687 4787 4788 4688
9 4688 4788 4789 4689
9 4689 4789 4790 4690
9 4690 4790 4791 4691
9 4691 4791 4792 4692
9 4692 4792 4793 4693
9 4693 4793 4794 4694
9 4694 4794 4795 4695
9 4695 4795 4796 4696
9 4696 4796 4797 4697
9 4697 4797 4798 4698
9 4698 4798 4799 4699
9 4700 4800 4801 4701
9 4701 4801 4802 4702
9 4702 4802 4803 4703
9 4703 4803 4804 4704
9 4704 4804 4805 4705
9 4705 4805 4806 4706
9 4706 4806 4807 4707
9 4707 4807 4808 4708
9 4708 4808 4809 4709
9 4709 4809 4810 4710
9 4710 4810 4811 4711
9 4711 4811 4812 4712
9 4712 4812 4813 4713
9 4713 4813 4814 4714
9 4714 4814 4815 4715
9 4715 4815 4816 4716
9 4716 4816 4817 4717
9 4717 4817 4818 4718
9 4718 4818 4819 4719
9 4719 4819 4820 4720
9 4720 4820 4821 4721
9 4721 4821 4822 4722
9 4722 4822 4823 4723
9 4723 4823 4824 4724
9 4724 4824 4825 4725
9 4725 4825 4826 4726
9 4726 4826 4827 4727
9 4727 4827 4828 4728
9 4728 4828 4829 4729
9 4729 4829 4830 4730
9 4730 4830 4831 4731
9 4731 4831 4832 4732
9 4732 4832 4833 4733
9 4733 4833 4834 4734
9 4734 4834 4835 4735
9 4735 4835 4836 4736
9 4736 4836 4837 4737
9 4737 4837 4838 4738
9 4738 4838 4839 4739
9 4739 4839 4840 4740
9 4740 4840 4841 4741
9 4741 4841 4842 4742
9 4742 4842 4843 4743
9 4743 4843 4844 4744
9 4744 4844 4845 4745
9 4745 4845 4846 4746
9 4746 4846 4847 4747
9 4747 4847 4848 4748
9 4748 4848 4849 4749
9 4749 4849 4850 4750
9 4750 4850 4851 4751
9 4751 4851 4852 4752
9 4752 4852 4853 4753
9 4753 4853 4854 4754
9 4754 4854 4855 4755
9 4755 4855 4856 4756
9 4756 4856 4857 4757
9 4757 4857 4858 4758
9 4758 4858 4859 4759
9 4759 4859 4860 4760
9 4760 4860 4861 4761
9 4761 4861 4862 4762
9 4762 4862 4863 4763
9 4763 4863 4864 4764
9 4764 4864 4865 4765
9 4765 4865 4866 4766
9 4766 4866 4867 4767
9 4767 4867 4868 4768
9 4768 4868 4869 4769
9 4769 4869 4870 4770
9 4770 4870 4871 4771
9 4771 4871 4872 4772
9 4772 4872 4873 4773
9 4773 4873 4874 4774
9 4774 4874 4875 4775
9 4775 4875 4876 4776
9 4776 4876 4877 4777
9 4777 4877 4878 4778
9 4778 4878 4879 4779
9 4779 4879 4880 4780
9 4780 4880 4881 4781
9 4781 4881 4882 4782
9 4782 4882 4883 4783
9 4783 4883 4884 4784
9 4784 4884 4885 4785
9 4785 4885 4886 4786
9 4786 4886 4887 4787
9 4787 4887 4888 4788
9 4788 4888 4889 4789
9 4789 4889 4890 4790
9 4790 4890 4891 4791
9 4791 4891 4892 4792
9 4792 4892 4893 4793
9 4793 4893 4894 4794
9 4794 4894 4895 4795
9 4795 4895 4896 4796
9 4796 4896 4897 4797
9 4797 4897 4898 4798
9 4798 4898 4899 4799
9 4800 4900 4901 4801
9 4801 4901 4902 4802
9 4802 4902 4903 4803
9 4803 4903 4904 4804
9 4804 4904 4905 4805
9 4805 4905 4906 4806
9 4806 4906 4907 4807
9 4807 4907 4908 4808
9 4808 4908 4909 4809
9 4809 4909 4910 4810
9 4810 4910 4911 4811
9 4811 4911 4912 4812
9 4812 4912 4913 4813
9 4813 4913 4914 4814
9 4814 4914 4915 4815
9 4815 4915 4916 4816
9 4816 4916 4917 4817
9 4817 4917 4918 4818
9 4818 4918 4919 4819
9 4819 4919 4920 4820
9 4820 4920 4921 4821
9 4821 4921 4922 4822
9 4822 4922 4923 4823
9 4823 4923 4924 4824
9 4824 4924 4925 4825
9 4825 4925 4926 4826
9 4826 4926 4927 4827
9 4827 4927 4928 4828
9 4828 4928 4929 4829
9 4829 4929 4930 4830
9 4830 4930 4931 4831
9 4831 4931 4932 4832
9 4832 4932 4933 4833
9 4833 4933 4934 4834
9 4834 4934 4935 4835
9 4835 4935 4936 4836
9 4836 4936 4937 4837
9 4837 4937 4938 4838
9 4838 4938 4939 4839
9 4839 4939 4940 4840
9 4840 4940 4941 4841
9 4841 4941 4942 4842
9 4842 4942 4943 4843
9 4843 4943 4944 4844
9 4844 4944 4945 4845
9 4845 4945 4946 4846
9 4846 4946 4947 4847
9 4847 4947 4948 4848
9 4848 4948 4949 4849
9 4849 4949 4950 4850
9 4850 4950 4951 4851
9 4851 4951 4952 4852
9 4852 4952 4953 4853
9 4853 4953 4954 4854
9 4854 4954 4955 4855
9 4855 4955 4956 4856
9 4856 4956 4957 4857
9 4857 4957 4958 4858
9 4858 4958 4959 4859
9 4859 4959 4960 4860
9 4860 4960 4961 4861
9 4861 4961 4962 4862
9 4862 4962 4963 4863
9 4863 4963 4964 4864
9 4864 4964 4965 4865
9 4865 4965 4966 4866
9 4866 4966 4967 4867
9 4867 4967 4968 4868
9 4868 4968 4969 4869
9 4869 4969 4970 4870
9 4870 4970 4971 4871
9 4871 4971 4972 4872
9 4872 4972 4973 4873
9 4873 4973 4974 4874
9 4874 4974 4975 4875
9 4875 4975 4976 4876
9 4876 4976 4977 4877
9 4877 4977 4978 4878
9 4878 4978 4979 4879
9 4879 4979 4980 4880
9 4880 4980 4981 4881
9 4881 4981 4982 4882
9 4882 4982 4983 4883
9 4883 4983 4984 4884
9 4884 4984 4985 4885
9 4885 4985 4986 4886
9 4886 4986 4987 4887
9 4887 4987 4988 4888
9 4888 4988 4989 4889
9 4889 4989 4990 4890
9 4890 4990 4991 4891
9 4891 4991 4992 4892
9 4892 4992 4993 4893
9 4893 4993 4994 4894
9 4894 4994 4995 4895
9 4895 4995 4996 4896
9 4896 4996 4997 4897
9 4897 4997 4998 4898
9 4898 4998 4999 4899
9 4900 5000 5001 4901
9 4901 5001 5002 4902
9 4902 5002 5003 4903
9 4903 5003 5004 4904
9 4904 5004 5005 4905
9 4905 5005 5006 4906
9 4906 5006 5007 4907
9 4907 5007 5008 4908
9 4908 5008 5009 4909
9 4909 5009 5010 4910
9 4910 5010 5011 4911
9 4911 5011 5012 4912
9 4912 5012 5013 4913
9 4913 5013 5014 4914
9 4914 5014 5015 4915
9 4915 5015 5016 4916
9 4916 5016 5017 4917
9 4917 5017 5018 4918
9 4918 5018 5019 4919
9 4919 5019 5020 4920
9 4920 5020 5021 4921
9 4921 5021 5022 4922
9 4922 5022 5023 4923
9 4923 5023 5024 4924
9 4924 5024 5025 4925
9 4925 5025 5026 4926
9 4926 5026 5027 4927
9 4927 5027 5028 4928
9 4928 5028 5029 4929
9 4929 5029 5030 4930
9 4930 5030 5031 4931
9 4931 5031 5032 4932
9 4932 5032 5033 4933
9 4933 5033 5034 4934
9 4934 5034 5035 4935
9 4935 5035 5036 4936
9 4936 5036 5037 4937
9 4937 5037 5038 4938
9 4938 5038 5039 4939
9 4939 5039 5040 4940
9 4940 5040 5041 4941
9 4941 5041 5042 4942
9 4942 5042 5043 4943
9 4943 5043 5044 4944
9 4944 5044 5045 4945
9 4945 5045 5046 4946
9 4946 5046 5047 4947
9 4947 5047 5048 4948
9 4948 5048 5049 4949
9 4949 5049 5050 4950
9 4950 5050 5051 4951
9 4951 5051 5052 4952
9 4952 5052 5053 4953
9 4953 5053 5054 4954
9 4954 5054 5055 4955
9 4955 5055 5056 4956
9 4956 5056 5057 4957
9 4957 5057 5058 4958
9 4958 5058 5059 4959
9 4959 5059 5060 4960
9 4960 5060 5061 4961
9 4961 5061 5062 4962
9 4962 5062 5063 4963
9 4963 5063 5064 4964
9 4964 5064 5065 4965
9 4965 5065 5066 4966
9 4966 5066 5067 4967
9 4967 5067 5068 4968
9 4968 5068 5069 4969
9 4969 5069 5070 4970
9 4970 5070 5071 4971
9 4971 5071 5072 4972
9 4972 5072 5073 4973
9 4973 5073 5074 4974
9 4974 5074 5075 4975
9 4975 5075 5076 4976
9 4976 5076 5077 4977
9 4977 5077 5078 4978
9 4978 5078 5079 4979
9 4979 5079 5080 4980
9 4980 5080 5081 4981
9 4981 5081 5082 4982
9 4982 5082 5083 4983
9 4983 5083 5084 4984
9 4984 5084 5085 4985
9 4985 5085 5086 4986
9 4986 5086 5087 4987
9 4987 5087 5088 4988
9 4988 5088 5089 4989
9 4989 5089 5090 4990
9 4990 5090 5091 4991
9 4991 5091 5092 4992
9 4992 5092 5093 4993
9 4993 5093 5094 4994
9 4994 5094 5095 4995
9 4995 5095 5096 4996
9 4996 5096 5097 4997
9 4997 5097 5098 4998
9 4998 5098 5099 4999
9 5000 5100 5101 5001
9 5001 5101 5102 5002
9 5002 5102 5103 5003
9 5003 5103 5104 5004
9 5004 5104 5105 5005
9 5005 5105 5106 5006
9 5006 5106 5107 5007
9 5007 5107 5108 5008
9 5008 5108 5109 5009
9 5009 5109 5110 5010
9 5010 5110 5111 5011
9 5011 5111 5112 5012
9 5012 5112 5113 5013
9 5013 5113 5114 5014
9 5014 5114 5115 5015
9 5015 5115 5116 5016
9 5016 5116 5117 5017
9 5017 5117 5118 5018
9 5018 5118 5119 5019
9 5019 5119 5120 5020
9 5020 5120 5121 5021
9 5021 5121 5122 5022
9 5022 5122 5123 5023
9 5023 5123 5124 5024
9 5024 5124 5125 5025
9 5025 5125 5126 5026
9 5026 5126 5127 5027
9 5027 5127 5128 5028
9 5028 5128 5129 5029
9 5029 5129 5130 5030
9 5030 5130 5131 5031
9 5031 5131 5132 5032
9 5032 5132 5133 5033
9 5033 5133 5134 5034
9 5034 5134 5135 5035
9 5035 5135 5136 5036
9 5036 5136 5137 5037
9 5037 5137 5138 5038
9 5038 5138 5139 5039
9 5039 5139 5140 5040
9 5040 5140 5141 5041
9 5041 5141 5142 5042
9 5042 5142 5143 5043
9 5043 5143 5144 5044
9 5044 5144 5145 5045
9 5045 5145 5146 5046
9 5046 5146 5147 5047
9 5047 5147 5148 5048
9 5048 5148 5149 5049
9 5049 5149 5150 5050
9 5050 5150 5151 5051
9 5051 5151 5152 5052
9 5052 5152 5153 5053
9 5053 5153 5154 5054
9 5054 5154 5155 5055
9 5055 5155 5156 5056
9 5056 5156 5157 5057
9 5057 5157 5158 5058
9 5058 5158 5159 5059
9 5059 5159 5160 5060
9 5060 5160 5161 5061
9 5061 5161 5162 5062
9 5062 5162 5163 5063
9 5063 5163 5164 5064
9 5064 5164 5165 5065
9 5065 5165 5166 5066
9 5066 5166 5167 5067
9 5067 5167 5168 5068
9 5068 5168 5169 5069
9 5069 5169 5170 5070
9 5070 5170 5171 5071
9 5071 5171 5172 5072
9 5072 5172 5173 5073
9 5073 5173 5174 5074
9 5074 5174 5175 5075
9 5075 5175 5176 5076
9 5076 5176 5177 5077
9 5077 5177 5178 5078
9 5078 5178 5179 5079
9 5079 5179 5180 5080
9 5080 5180 5181 5081
9 5081 5181 5182 5082
9 5082 5182 5183 5083
9 5083 5183 5184 5084
9 5084 5184 5185 5085
9 5085 5185 5186 5086
9 5086 5186 5187 5087
9 5087 5187 5188 5088
9 5088 5188 5189 5089
9 5089 5189 5190 5090
9 5090 5190 5191 5091
9 5091 5191 5192 5092
9 5092 5192 5193 5093
9 5093 5193 5194 5094
9 5094 5194 5195 5095
9 5095 5195 5196 5096
9 5096 5196 5197 5097
9 5097 5197 5198 5098
9 5098 5198 5199 5099
9 5100 5200 5201 5101
9 5101 5201 5202 5102
9 5102 5202 5203 5103
9 5103 5203 5204 5104
9 5104 5204 5205 5105
9 5105 5205 5206 5106
9 5106 5206 5207 5107
9 5107 5207 5208 5108
9 5108 5208 5209 5109
9 5109 5209 5210 5110
9 5110 5210 5211 5111
9 5111 5211 5212 5112
9 5112 5212 5213 5113
9 5113 5213 5214 5114
9 5114 5214 5215 5115
9 5115 5215 5216 5116
9 5116 5216 5217 5117
9 5117 5217 5218 5118
9 5118 5218 5219 5119
9 5119 5219 5220 5120
9 5120 5220 5221 5121
9 5121 5221 5222 5122
9 5122 5222 5223 5123
9 5123 5223 5224 5124
9 5124 5224 5225 5125
9 5125 5225 5226 5126
9 5126 5226 5227 5127
9 5127 5227 5228 5128
9 5128 5228 5229 5129
9 5129 5229 5230 5130
9 5130 5230 5231 5131
9 5131 5231 5232 5132
9 5132 5232 5233 5133
9 5133 5233 5234 5134
9 5134 5234 5235 5135
9 5135 5235 5236 5136
9 5136 5236 5237 5137
9 5137 5237 5238 5138
9 5138 5238 5239 5139
9 5139 5239 5240 5140
9 5140 5240 5241 5141
9 5141 5241 5242 5142
9 5142 5242 5243 5143
9 5143 5243 5244 5144
9 5144 5244 5245 5145
9 5145 5245 5246 5146
9 5146 5246 5247 5147
9 5147 5247 5248 5148
9 5148 5248 5249 5149
9 5149 5249 5250 5150
9 5150 5250 5251 5151
9 5151 5251 5252 5152
9 5152 5252 5253 5153
9 5153 5253 5254 5154
9 5154 5254 5255 5155
9 5155 5255 5256 5156
9 5156 5256 5257 5157
9 5157 5257 5258 5158
9 5158 5258 5259 5159
9 5159 5259 5260 5160
9 5160 5260 5261 5161
9 5161 5261 5262 5162
9 5162 5262 5263 5163
9 5163 5263 5264 5164
9 5164 5264 5265 5165
9 5165 5265 5266 5166
9 5166 5266 5267 5167
9 5167 5267 5268 5168
9 5168 5268 5269 5169
9 5169 5269 5270 5170
9 5170 5270 5271 5171
9 5171 5271 5272 5172
9 5172 5272 5273 5173
9 5173 5273 5274 5174
9 5174 5274 5275 5175
9 5175 5275 5276 5176
9 5176 5276 5277 5177
9 5177 5277 5278 5178
9 5178 5278 5279 5179
9 5179 5279 5280 5180
9 5180 5280 5281 5181
9 5181 5281 5282 5182
9 5182 5282 5283 5183
9 5183 5283 5284 5184
9 5184 5284 5285 5185
9 5185 5285 5286 5186
9 5186 5286 5287 5187
9 5187 5287 5288 5188
9 5188 5288 5289 5189
9 5189 5289 5290 5190
9 5190 5290 5291 5191
9 5191 5291 5292 5192
9 5192 5292 5293 5193
9 5193 5293 5294 5194
9 5194 5294 5295 5195
9 5195 5295 5296 5196
9 5196 5296 5297 5197
9 5197 5297 5298 5198
9 5198 5298 5299 5199
9 5200 5300 5301 5201
9 5201 5301 5302 5202
9 5202 5302 5303 5203
9 5203 5303 5304 5204
9 5204 5304 5305 5205
9 5205 5305 5306 5206
9 5206 5306 5307 5207
9 5207 5307 5308 5208
9 5208 5308 5309 5209
9 5209 5309 5310 5210
9 5210 5310 5311 5211
9 5211 5311 5312 5212
9 5212 5312 5313 5213
9 5213 5313 5314 5214
9 5214 5314 5315 5215
9 5215 5315 5316 5216
9 5216 5316 5317 5217
9 5217 5317 5318 5218
9 5218 5318 5319 5219
9 5219 5319 5320 5220
9 5220 5320 5321 5221
9 5221 5321 5322 5222
9 5222 5322 5323 5223
9 5223 5323 5324 5224
9 5224 5324 5325 5225
9 5225 5325 5326 5226
9 5226 5326 5327 5227
9 5227 5327 5328 5228
9 5228 5328 5329 5229
9 5229 5329 5330 5230
9 5230 5330 5331 5231
9 5231 5331 5332 5232
9 5232 5332 5333 5233
9 5233 5333 5334 5234
9 5234 5334 5335 5235
9 5235 5335 5336 5236
9 5236 5336 5337 5237
9 5237 5337 5338 5238
9 5238 5338 5339 5239
9 5239 5339 5340 5240
9 5240 5340 5341 5241
9 5241 5341 5342 5242
9 5242 5342 5343 5243
9 5243 5343 5344 5244
9 5244 5344 5345 5245
9 5245 5345 5346 5246
9 5246 5346 5347 5247
9 5247 5347 5348 5248
9 5248 5348 5349 5249
9 5249 5349 5350 5250
9 5250 5350 5351 5251
9 5251 5351 5352 5252
9 5252 5352 5353 5253
9 5253 5353 5354 5254
9 5254 5354 5355 5255
9 5255 5355 5356 5256
9 5256 5356 5357 5257
9 5257 5357 5358 5258
9 5258 5358 5359 5259
9 5259 5359 5360 5260
9 5260 5360 5361 5261
9 5261 5361 5362 5262
9 5262 5362 5363 5263
9 5263 5363 5364 5264
9 5264 5364 5365 5265
9 5265 5365 5366 5266
9 5266 5366 5367 5267
9 5267 5367 5368 5268
9 5268 5368 5369 5269
9 5269 5369 5370 5270
9 5270 5370 5371 5271
9 5271 5371 5372 5272
9 5272 5372 5373 5273
9 5273 5373 5374 5274
9 5274 5374 5375 5275
9 5275 5375 5376 5276
9 5276 5376 5377 5277
9 5277 5377 5378 5278
9 5278 5378 5379 5279
9 5279 5379 5380 5280
9 5280 5380 5381 5281
9 5281 5381 5382 5282
9 5282 5382 5383 5283
9 5283 5383 5384 5284
9 5284 5384 5385 5285
9 5285 5385 5386 5286
9 5286 5386 5387 5287
9 5287 5387 5388 5288
9 5288 5388 5389 5289
9 5289 5389 5390 5290
9 5290 5390 5391 5291
9 5291 5391 5392 5292
9 5292 5392 5393 5293
9 5293 5393 5394 5294
9 5294 5394 5395 5295
9 5295 5395 5396 5296
9 5296 5396 5397 5297
9 5297 5397 5398 5298
9 5298 5398 5399 5299
9 5300 5400 5401 5301
9 5301 5401 5402 5302
9 5302 5402 5403 5303
9 5303 5403 5404 5304
9 5304 5404 5405 5305
9 5305 5405 5406 5306
9 5306 5406 5407 5307
9 5307 5407 5408 5308
9 5308 5408 5409 5309
9 5309 5409 5410 5310
9 5310 5410 5411 5311
9 5311 5411 5412 5312
9 5312 5412 5413 5313
9 5313 5413 5414 5314
9 5314 5414 5415 5315
9 5315 5415 5416 5316
9 5316 5416 5417 5317
9 5317 5417 5418 5318
9 5318 5418 5419 5319
9 5319 5419 5420 5320
9 5320 5420 5421 5321
9 5321 5421 5422 5322
9 5322 5422 5423 5323
9 5323 5423 5424 5324
9 5324 5424 5425 5325
9 5325 5425 5426 5326
9 5326 5426 5427 5327
9 5327 5427 5428 5328
9 5328 5428 5429 5329
9 5329 5429 5430 5330
9 5330 5430 5431 5331
9 5331 5431 5432 5332
9 5332 5432 5433 5333
9 5333 5433 5434 5334
9 5334 5434 5435 5335
9 5335 5435 5436 5336
9 5336 5436 5437 5337
9 5337 5437 5438 5338
9 5338 5438 5439 5339
9 5339 5439 5440 5340
9 5340 5440 5441 5341
9 5341 5441 5442 5342
9 5342 5442 5443 5343
9 5343 5443 5444 5344
9 5344 5444 5445 5345
9 5345 5445 5446 5346
9 5346 5446 5447 5347
9 5347 5447 5448 5348
9 5348 5448 5449 5349
9 5349 5449 5450 5350
9 5350 5450 5451 5351
9 5351 5451 5452 5352
9 5352 5452 5453 5353
9 5353 5453 5454 5354
9 5354 5454 5455 5355
9 5355 5455 5456 5356
9 5356 5456 5457 5357
9 5357 5457 5458 5358
9 5358 5458 5459 5359
9 5359 5459 5460 5360
9 5360 5460 5461 5361
9 5361 5461 5462 5362
9 5362 5462 5463 5363
9 5363 5463 5464 5364
9 5364 5464 5465 5365
9 5365 5465 5466 5366
9 5366 5466 5467 5367
9 5367 5467 5468 5368
9 5368 5468 5469 5369
9 5369 5469 5470 5370
9 5370 5470 5471 5371
9 5371 5471 5472 5372
9 5372 5472 5473 5373
9 5373 5473 5474 5374
9 5374 5474 5475 5375
9 5375 5475 5476 5376
9 5376 5476 5477 5377
9 5377 5477 5478 5378
9 5378 5478 5479 5379
9 5379 5479 5480 5380
9 5380 5480 5481 5381
9 5381 5481 5482 5382
9 5382 5482 5483 5383
9 5383 5483 5484 5384
9 5384 5484 5485 5385
9 5385 5485 5486 5386
9 5386 5486 5487 5387
9 5387 5487 5488 5388
9 5388 5488 5489 5389
9 5389 5489 5490 5390
9 5390 5490 5491 5391
9 5391 5491 5492 5392
9 5392 5492 5493 5393
9 5393 5493 5494 5394
9 5394 5494 5495 5395
9 5395 5495 5496 5396
9 5396 5496 5497 5397
9 5397 5497 5498 5398
9 5398 5498 5499 5399
9 5400 5500 5501 5401
9 5401 5501 5502 5402
9 5402 5502 5503 5403
9 5403 5503 5504 5404
9 5404 5504 5505 5405
9 5405 5505 5506 5406
9 5406 5506 5507 5407
9 5407 5507 5508 5408
9 5408 5508 5509 5409
9 5409 5509 5510 5410
9 5410 5510 5511 5411
9 5411 5511 5512 5412
9 5412 5512 5513 5413
9 5413 5513 5514 5414
9 5414 5514 5515 5415
9 5415 5515 5516 5416
9 5416 5516 5517 5417
9 5417 5517 5518 5418
9 5418 5518 5519 5419
9 5419 5519 5520 5420
9 5420 5520 5521 5421
9 5421 5521 5522 5422
9 5422 5522 5523 5423
9 5423 5523 5524 5424
9 5424 5524 5525 5425
9 5425 5525 5526 5426
9 5426 5526 5527 5427
9 5427 5527 5528 5428
9 5428 5528 5529 5429
9 5429 5529 5530 5430
9 5430 5530 5531 5431
9 5431 5531 5532 5432
9 5432 5532 5533 5433
9 5433 5533 5534 5434
9 5434 5534 5535 5435
9 5435 5535 5536 5436
9 5436 5536 5537 5437
9 5437 5537 5538 5438
9 5438 5538 5539 5439
9 5439 5539 5540 5440
9 5440 5540 5541 5441
9 5441 5541 5542 5442
9 5442 5542 5543 5443
9 5443 5543 5544 5444
9 5444 5544 5545 5445
9 5445 5545 5546 5446
9 5446 5546 5547 5447
9 5447 5547 5548 5448
9 5448 5548 5549 5449
9 5449 5549 5550 5450
9 5450 5550 5551 5451
9 5451 5551 5552 5452
9 5452 5552 5553 5453
9 5453 5553 5554 5454
9 5454 5554 5555 5455
9 5455 5555 5556 5456
9 5456 5556 5557 5457
9 5457 5557 5558 5458
9 5458 5558 5559 5459
9 5459 5559 5560 5460
9 5460 5560 5561 5461
9 5461 5561 5562 5462
9 5462 5562 5563 5463
9 5463 5563 5564 5464
9 5464 5564 5565 5465
9 5465 5565 5566 5466
9 5466 5566 5567 5467
9 5467 5567 5568 5468
9 5468 5568 5569 5469
9 5469 5569 5570 5470
9 5470 5570 5571 5471
9 5471 5571 5572 5472
9 5472 5572 5573 5473
9 5473 5573 5574 5474
9 5474 5574 5575 5475
9 5475 5575 5576 5476
9 5476 5576 5577 5477
9 5477 5577 5578 5478
9 5478 5578 5579 5479
9 5479 5579 5580 5480
9 5480 5580 5581 5481
9 5481 5581 5582 5482
9 5482 5582 5583 5483
9 5483 5583 5584 5484
9 5484 5584 5585 5485
9 5485 5585 5586 5486
9 5486 5586 5587 5487
9 5487 5587 5588 5488
9 5488 5588 5589 5489
9 5489 5589 5590 5490
9 5490 5590 5591 5491
9 5491 5591 5592 5492
9 5492 5592 5593 5493
9 5493 5593 5594 5494
9 5494 5594 5595 5495
9 5495 5595 5596 5496
9 5496 5596 5597 5497
9 5497 5597 5598 5498
9 5498 5598 5599 5499
9 5500 5600 5601 5501
9 5501 5601 5602 5502
9 5502 5602 5603 5503
9 5503 5603 5604 5504
9 5504 5604 5605 5505
9 5505 5605 5606 5506
9 5506 5606 5607 5507
9 5507 5607 5608 5508
9 5508 5608 5609 5509
9 5509 5609 5610 5510
9 5510 5610 5611 5511
9 5511 5611 5612 5512
9 5512 5612 5613 5513
9 5513 5613 5614 5514
9 5514 5614 5615 5515
9 5515 5615 5616 5516
9 5516 5616 5617 5517
9 5517 5617 5618 5518
9 5518 5618 5619 5519
9 5519 5619 5620 5520
9 5520 5620 5621 5521
9 5521 5621 5622 5522
9 5522 5622 5623 5523
9 5523 5623 5624 5524
9 5524 5624 5625 5525
9 5525 5625 5626 5526
9 5526 5626 5627 5527
9 5527 5627 5628 5528
9 5528 5628 5629 5529
9 5529 5629 5630 5530
9 5530 5630 5631 5531
9 5531 5631 5632 5532
9 5532 5632 5633 5533
9 5533 5633 5634 5534
9 5534 5634 5635 5535
9 5535 5635 5636 5536
9 5536 5636 5637 5537
9 5537 5637 5638 5538
9 5538 5638 5639 5539
9 5539 5639 5640 5540
9 5540 5640 5641 5541
9 5541 5641 5642 5542
9 5542 5642 5643 5543
9 5543 5643 5644 5544
9 5544 5644 5645 5545
9 5545 5645 5646 5546
9 5546 5646 5647 5547
9 5547 5647 5648 5548
9 5548 5648 5649 5549
9 5549 5649 5650 5550
9 5550 5650 5651 5551
9 5551 5651 5652 5552
9 5552 5652 5653 5553
9 5553 5653 5654 5554
9 5554 5654 5655 5555
9 5555 5655 5656 5556
9 5556 5656 5657 5557
9 5557 5657 5658 5558
9 5558 5658 5659 5559
9 5559 5659 5660 5560
9 5560 5660 5661 5561
9 5561 5661 5662 5562
9 5562 5662 5663 5563
9 5563 5663 5664 5564
9 5564 5664 5665 5565
9 5565 5665 5666 5566
9 5566 5666 5667 5567
9 5567 5667 5668 5568
9 5568 5668 5669 5569
9 5569 5669 5670 5570
9 5570 5670 5671 5571
9 5571 5671 5672 5572
9 5572 5672 5673 5573
9 5573 5673 5674 5574
9 5574 5674 5675 5575
9 5575 5675 5676 5576
9 5576 5676 5677 5577
9 5577 5677 5678 5578
9 5578 5678 5679 5579
9 5579 5679 5680 5580
9 5580 5680 5681 5581
9 5581 5681 5682 5582
9 5582 5682 5683 5583
9 5583 5683 5684 5584
9 5584 5684 5685 5585
9 5585 5685 5686 5586
9 5586 5686 5687 5587
9 5587 5687 5688 5588
9 5588 5688 5689 5589
9 5589 5689 5690 5590
9 5590 5690 5691 5591
9 5591 5691 5692 5592
9 5592 5692 5693 5593
9 5593 5693 5694 5594
9 5594 5694 5695 5595
9 5595 5695 5696 5596
9 5596 5696 5697 5597
9 5597 5697 5698 5598
9 5598 5698 5699 5599
9 5600 5700 5701 5601
9 5601 5701 5702 5602
9 5602 5702 5703 5603
9 5603 5703 5704 5604
9 5604 5704 5705 5605
9 5605 5705 5706 5606
9 5606 5706 5707 5607
9 5607 5707 5708 5608
9 5608 5708 5709 5609
9 5609 5709 5710 5610
9 5610 5710 5711 5611
9 5611 5711 5712 5612
9 5612 5712 5713 5613
9 5613 5713 5714 5614
9 5614 5714 5715 5615
9 5615 5715 5716 5616
9 5616 5716 5717 5617
9 5617 5717 5718 5618
9 5618 5718 5719 5619
9 5619 5719 5720 5620
9 5620 5720 5721 5621
9 5621 5721 5722 5622
9 5622 5722 5723 5623
9 5623 5723 5724 5624
9 5624 5724 5725 5625
9 5625 5725 5726 5626
9 5626 5726 5727 5627
9 5627 5727 5728 5628
9 5628 5728 5729 5629
9 5629 5729 5730 5630
9 5630 5730 5731 5631
9 5631 5731 5732 5632
9 5632 5732 5733 5633
9 5633 5733 5734 5634
9 5634 5734 5735 5635
9 5635 5735 5736 5636
9 5636 5736 5737 5637
9 5637 5737 5738 5638
9 5638 5738 5739 5639
9 5639 5739 5740 5640
9 5640 5740 5741 5641
9 5641 5741 5742 5642
9 5642 5742 5743 5643
9 5643 5743 5744 5644
9 5644 5744 5745 5645
9 5645 5745 5746 5646
9 5646 5746 5747 5647
9 5647 5747 5748 5648
9 5648 5748 5749 5649
9 5649 5749 5750 5650
9 5650 5750 5751 5651
9 5651 5751 5752 5652
9 5652 5752 5753 5653
9 5653 5753 5754 5654
9 5654 5754 5755 5655
9 5655 5755 5756 5656
9 5656 5756 5757 5657
9 5657 5757 5758 5658
9 5658 5758 5759 5659
9 5659 5759 5760 5660
9 5660 5760 5761 5661
9 5661 5761 5762 5662
9 5662 5762 5763 5663
9 5663 5763 5764 5664
9 5664 5764 5765 5665
9 5665 5765 5766 5666
9 5666 5766 5767 5667
9 5667 5767 5768 5668
9 5668 5768 5769 5669
9 5669 5769 5770 5670
9 5670 5770 5771 5671
9 5671 5771 5772 5672
9 5672 5772 5773 5673
9 5673 5773 5774 5674
9 5674 5774 5775 5675
9 5675 5775 5776 5676
9 5676 5776 5777 5677
9 5677 5777 5778 5678
9 5678 5778 5779 5679
9 5679 5779 5780 5680
9 5680 5780 5781 5681
9 5681 5781 5782 5682
9 5682 5782 5783 5683
9 5683 5783 5784 5684
9 5684 5784 5785 5685
9 5685 5785 5786 5686
9 5686 5786 5787 5687
9 5687 5787 5788 5688
9 5688 5788 5789 5689
9 5689 5789 5790 5690
9 5690 5790 5791 5691
9 5691 5791 5792 5692
9 5692 5792 5793 5693
9 5693 5793 5794 5694
9 5694 5794 5795 5695
9 5695 5795 5796 5696
9 5696 5796 5797 5697
9 5697 5797 5798 5698
9 5698 5798 5799 5699
9 5700 5800 5801 5701
9 5701 5801 5802 5702
9 5702 5802 5803 5703
9 5703 5803 5804 5704
9 5704 5804 5805 5705
9 5705 5805 5806 5706
9 5706 5806 5807 5707
9 5707 5807 5808 5708
9 5708 5808 5809 5709
9 5709 5809 5810 5710
9 5710 5810 5811 5711
9 5711 5811 5812 5712
9 5712 5812 5813 5713
9 5713 5813 5814 5714
9 5714 5814 5815 5715
9 5715 5815 5816 5716
9 5716 5816 5817 5717
9 5717 5817 5818 5718
9 5718 5818 5819 5719
9 5719 5819 5820 5720
9 5720 5820 5821 5721
9 5721 5821 5822 5722
9 5722 5822 5823 5723
9 5723 5823 5824 5724
9 5724 5824 5825 5725
9 5725 5825 5826 5726
9 5726 5826 5827 5727
9 5727 5827 5828 5728
9 5728 5828 5829 5729
9 5729 5829 5830 5730
9 5730 5830 5831 5731
9 5731 5831 5832 5732
9 5732 5832 5833 5733
9 5733 5833 5834 5734
9 5734 5834 5835 5735
9 5735 5835 5836 5736
9 5736 5836 5837 5737
9 5737 5837 5838 5738
9 5738 5838 5839 5739
9 5739 5839 5840 5740
9 5740 5840 5841 5741
9 5741 5841 5842 5742
9 5742 5842 5843 5743
9 5743 5843 5844 5744
9 5744 5844 5845 5745
9 5745 5845 5846 5746
9 5746 5846 5847 5747
9 5747 5847 5848 5748
9 5748 5848 5849 5749
9 5749 5849 5850 5750
9 5750 5850 5851 5751
9 5751 5851 5852 5752
9 5752 5852 5853 5753
9 5753 5853 5854 5754
9 5754 5854 5855 5755
9 5755 5855 5856 5756
9 5756 5856 5857 5757
9 5757 5857 5858 5758
9 5758 5858 5859 5759
9 5759 5859 5860 5760
9 5760 5860 5861 5761
9 5761 5861 5862 5762
9 5762 5862 5863 5763
9 5763 5863 5864 5764
9 5764 5864 5865 5765
9 5765 5865 5866 5766
9 5766 5866 5867 5767
9 5767 5867 5868 5768
9 5768 5868 5869 5769
9 5769 5869 5870 5770
9 5770 5870 5871 5771
9 5771 5871 5872 5772
9 5772 5872 5873 5773
9 5773 5873 5874 5774
9 5774 5874 5875 5775
9 5775 5875 5876 5776
9 5776 5876 5877 5777
9 5777 5877 5878 5778
9 5778 5878 5879 5779
9 5779 5879 5880 5780
9 5780 5880 5881 5781
9 5781 5881 5882 5782
9 5782 5882 5883 5783
9 5783 5883 5884 5784
9 5784 5884 5885 5785
9 5785 5885 5886 5786
9 5786 5886 5887 5787
9 5787 5887 5888 5788
9 5788 5888 5889 5789
9 5789 5889 5890 5790
9 5790 5890 5891 5791
9 5791 5891 5892 5792
9 5792 5892 5893 5793
9 5793 5893 5894 5794
9 5794 5894 5895 5795
9 5795 5895 5896 5796
9 5796 5896 5897 5797
9 5797 5897 5898 5798
9 5798 5898 5899 5799
9 5800 5900 5901 5801
9 5801 5901 5902 5802
9 5802 5902 5903 5803
9 5803 5903 5904 5804
9 5804 5904 5905 5805
9 5805 5905 5906 5806
9 5806 5906 5907 5807
9 5807 5907 5908 5808
9 5808 5908 5909 5809
9 5809 5909 5910 5810
9 5810 5910 5911 5811
9 5811 5911 5912 5812
9 5812 5912 5913 5813
9 5813 5913 5914 5814
9 5814 5914 5915 5815
9 5815 5915 5916 5816
9 5816 5916 5917 5817
9 5817 5917 5918 5818
9 5818 5918 5919 5819
9 5819 5919 5920 5820
9 5820 5920 5921 5821
9 5821 5921 5922 5822
9 5822 5922 5923 5823
9 5823 5923 5924 5824
9 5824 5924 5925 5825
9 5825 5925 5926 5826
9 5826 5926 5927 5827
9 5827 5927 5928 5828
9 5828 5928 5929 5829
9 5829 5929 5930 5830
9 5830 5930 5931 5831
9 5831 5931 5932 5832
9 5832 5932 5933 5833
9 5833 5933 5934 5834
9 5834 5934 5935 5835
9 5835 5935 5936 5836
9 5836 5936 5937 5837
9 5837 5937 5938 5838
9 5838 5938 5939 5839
9 5839 5939 5940 5840
9 5840 5940 5941 5841
9 5841 5941 5942 5842
9 5842 5942 5943 5843
9 5843 5943 5944 5844
9 5844 5944 5945 5845
9 5845 5945 5946 5846
9 5846 5946 5947 5847
9 5847 5947 5948 5848
9 5848 5948 5949 5849
9 5849 5949 5950 5850
9 5850 5950 5951 5851
9 5851 5951 5952 5852
9 5852 5952 5953 5853
9 5853 5953 5954 5854
9 5854 5954 5955 5855
9 5855 5955 5956 5856
9 5856 5956 5957 5857
9 5857 5957 5958 5858
9 5858 5958 5959 5859
9 5859 5959 5960 5860
9 5860 5960 5961 5861
9 5861 5961 5962 5862
9 5862 5962 5963 5863
9 5863 5963 5964 5864
9 5864 5964 5965 5865
9 5865 5965 5966 5866
9 5866 5966 5967 5867
9 5867 5967 5968 5868
9 5868 5968 5969 5869
9 5869 5969 5970 5870
9 5870 5970 5971 5871
9 5871 5971 5972 5872
9 5872 5972 5973 5873
9 5873 5973 5974 5874
9 5874 5974 5975 5875
9 5875 5975 5976 5876
9 5876 5976 5977 5877
9 5877 5977 5978 5878
9 5878 5978 5979 5879
9 5879 5979 5980 5880
9 5880 5980 5981 5881
9 5881 5981 5982 5882
9 5882 5982 5983 5883
9 5883 5983 5984 5884
9 5884 5984 5985 5885
9 5885 5985 5986 5886
9 5886 5986 5987 5887
9 5887 5987 5988 5888
9 5888 5988 5989 5889
9 5889 5989 5990 5890
9 5890 5990 5991 5891
9 5891 5991 5992 5892
9 5892 5992 5993 5893
9 5893 5993 5994 5894
9 5894 5994 5995 5895
9 5895 5995 5996 5896
9 5896 5996 5997 5897
9 5897 5997 5998 5898
9 5898 5998 5999 5899
9 5900 6000 6001 5901
9 5901 6001 6002 5902
9 5902 6002 6003 5903
9 5903 6003 6004 5904
9 5904 6004 6005 5905
9 5905 6005 6006 5906
9 5906 6006 6007 5907
9 5907 6007 6008 5908
9 5908 6008 6009 5909
9 5909 6009 6010 5910
9 5910 6010 6011 5911
9 5911 6011 6012 5912
9 5912 6012 6013 5913
9 5913 6013 6014 5914
9 5914 6014 6015 5915
9 5915 6015 6016 5916
9 5916 6016 6017 5917
9 5917 6017 6018 5918
9 5918 6018 6019 5919
9 5919 6019 6020 5920
9 5920 6020 6021 5921
9 5921 6021 6022 5922
9 5922 6022 6023 5923
9 5923 6023 6024 5924
9 5924 6024 6025 5925
9 5925 6025 6026 5926
9 5926 6026 6027 5927
9 5927 6027 6028 5928
9 5928 6028 6029 5929
9 5929 6029 6030 5930
9 5930 6030 6031 5931
9 5931 6031 6032 5932
9 5932 6032 6033 5933
9 5933 6033 6034 5934
9 5934 6034 6035 5935
9 5935 6035 6036 5936
9 5936 6036 6037 5937
9 5937 6037 6038 5938
9 5938 6038 6039 5939
9 5939 6039 6040 5940
9 5940 6040 6041 5941
9 5941 6041 6042 5942
9 5942 6042 6043 5943
9 5943 6043 6044 5944
9 5944 6044 6045 5945
9 5945 6045 6046 5946
9 5946 6046 6047 5947
9 5947 6047 6048 5948
9 5948 6048 6049 5949
9 5949 6049 6050 5950
9 5950 6050 6051 5951
9 5951 6051 6052 5952
9 5952 6052 6053 5953
9 5953 6053 6054 5954
9 5954 6054 6055 5955
9 5955 6055 6056 5956
9 5956 6056 6057 5957
9 5957 6057 6058 5958
9 5958 6058 6059 5959
9 5959 6059 6060 5960
9 5960 6060 6061 5961
9 5961 6061 6062 5962
9 5962 6062 6063 5963
9 5963 6063 6064 5964
9 5964 6064 6065 5965
9 5965 6065 6066 5966
9 5966 6066 6067 5967
9 5967 6067 6068 5968
9 5968 6068 6069 5969
9 5969 6069 6070 5970
9 5970 6070 6071 5971
9 5971 6071 6072 5972
9 5972 6072 6073 5973
9 5973 6073 6074 5974
9 5974 6074 6075 5975
9 5975 6075 6076 5976
9 5976 6076 6077 5977
9 5977 6077 6078 5978
9 5978 6078 6079 5979
9 5979 6079 6080 5980
9 5980 6080 6081 5981
9 5981 6081 6082 5982
9 5982 6082 6083 5983
9 5983 6083 6084 5984
9 5984 6084 6085 5985
9 5985 6085 6086 5986
9 5986 6086 6087 5987
9 5987 6087 6088 5988
9 5988 6088 6089 5989
9 5989 6089 6090 5990
9 5990 6090 6091 5991
9 5991 6091 6092 5992
9 5992 6092 6093 5993
9 5993 6093 6094 5994
9 5994 6094 6095 5995
9 5995 6095 6096 5996
9 5996 6096 6097 5997
9 5997 6097 6098 5998
9 5998 6098 6099 5999
9 6000 6100 6101 6001
9 6001 6101 6102 6002
9 6002 6102 6103 6003
9 6003 6103 6104 6004
9 6004 6104 6105 6005
9 6005 6105 6106 6006
9 6006 6106 6107 6007
9 6007 6107 6108 6008
9 6008 6108 6109 6009
9 6009 6109 6110 6010
9 6010 6110 6111 6011
9 6011 6111 6112 6012
9 6012 6112 6113 6013
9 6013 6113 6114 6014
9 6014 6114 6115 6015
9 6015 6115 6116 6016
9 6016 6116 6117 6017
9 6017 6117 6118 6018
9 6018 6118 6119 6019
9 6019 6119 6120 6020
9 6020 6120 6121 6021
9 6021 6121 6122 6022
9 6022 6122 6123 6023
9 6023 6123 6124 6024
9 6024 6124 6125 6025
9 6025 6125 6126 6026
9 6026 6126 6127 6027
9 6027 6127 6128 6028
9 6028 6128 6129 6029
9 6029 6129 6130 6030
9 6030 6130 6131 6031
9 6031 6131 6132 6032
9 6032 6132 6133 6033
9 6033 6133 6134 6034
9 6034 6134 6135 6035
9 6035 6135 6136 6036
9 6036 6136 6137 6037
9 6037 6137 6138 6038
9 6038 6138 6139 6039
9 6039 6139 6140 6040
9 6040 6140 6141 6041
9 6041 6141 6142 6042
9 6042 6142 6143 6043
9 6043 6143 6144 6044
9 6044 6144 6145 6045
9 6045 6145 6146 6046
9 6046 6146 6147 6047
9 6047 6147 6148 6048
9 6048 6148 6149 6049
9 6049 6149 6150 6050
9 6050 6150 6151 6051
9 6051 6151 6152 6052
9 6052 6152 6153 6053
9 6053 6153 6154 6054
9 6054 6154 6155 6055
9 6055 6155 6156 6056
9 6056 6156 6157 6057
9 6057 6157 6158 6058
9 6058 6158 6159 6059
9 6059 6159 6160 6060
9 6060 6160 6161 6061
9 6061 6161 6162 6062
9 6062 6162 6163 6063
9 6063 6163 6164 6064
9 6064 6164 6165 6065
9 6065 6165 6166 6066
9 6066 6166 6167 6067
9 6067 6167 6168 6068
9 6068 6168 6169 6069
9 6069 6169 6170 6070
9 6070 6170 6171 6071
9 6071 6171 6172 6072
9 6072 6172 6173 6073
9 6073 6173 6174 6074
9 6074 6174 6175 6075
9 6075 6175 6176 6076
9 6076 6176 6177 6077
9 6077 6177 6178 6078
9 6078 6178 6179 6079
9 6079 6179 6180 6080
9 6080 6180 6181 6081
9 6081 6181 6182 6082
9 6082 6182 6183 6083
9 6083 6183 6184 6084
9 6084 6184 6185 6085
9 6085 6185 6186 6086
9 6086 6186 6187 6087
9 6087 6187 6188 6088
9 6088 6188 6189 6089
9 6089 6189 6190 6090
9 6090 6190 6191 6091
9 6091 6191 6192 6092
9 6092 6192 6193 6093
9 6093 6193 6194 6094
9 6094 6194 6195 6095
9 6095 6195 6196 6096
9 6096 6196 6197 6097
9 6097 6197 6198 6098
9 6098 6198 6199 6099
9 6100 6200 6201 6101
9 6101 6201 6202 6102
9 6102 6202 6203 6103
9 6103 6203 6204 6104
9 6104 6204 6205 6105
9 6105 6205 6206 6106
9 6106 6206 6207 6107
9 6107 6207 6208 6108
9 6108 6208 6209 6109
9 6109 6209 6210 6110
9 6110 6210 6211 6111
9 6111 6211 6212 6112
9 6112 6212 6213 6113
9 6113 6213 6214 6114
9 6114 6214 6215 6115
9 6115 6215 6216 6116
9 6116 6216 6217 6117
9 6117 6217 6218 6118
9 6118 6218 6219 6119
9 6119 6219 6220 6120
9 6120 6220 6221 6121
9 6121 6221 6222 6122
9 6122 6222 6223 6123
9 6123 6223 6224 6124
9 6124 6224 6225 6125
9 6125 6225 6226 6126
9 6126 6226 6227 6127
9 6127 6227 6228 6128
9 6128 6228 6229 6129
9 6129 6229 6230 6130
9 6130 6230 6231 6131
9 6131 6231 6232 6132
9 6132 6232 6233 6133
9 6133 6233 6234 6134
9 6134 6234 6235 6135
9 6135 6235 6236 6136
9 6136 6236 6237 6137
9 6137 6237 6238 6138
9 6138 6238 6239 6139
9 6139 6239 6240 6140
9 6140 6240 6241 6141
9 6141 6241 6242 6142
9 6142 6242 6243 6143
9 6143 6243 6244 6144
9 6144 6244 6245 6145
9 6145 6245 6246 6146
9 6146 6246 6247 6147
9 6147 6247 6248 6148
9 6148 6248 6249 6149
9 6149 6249 6250 6150
9 6150 6250 6251 6151
9 6151 6251 6252 6152
9 6152 6252 6253 6153
9 6153 6253 6254 6154
9 6154 6254 6255 6155
9 6155 6255 6256 6156
9 6156 6256 6257 6157
9 6157 6257 6258 6158
9 6158 6258 6259 6159
9 6159 6259 6260 6160
9 6160 6260 6261 6161
9 6161 6261 6262 6162
9 6162 6262 6263 6163
9 6163 6263 6264 6164
9 6164 6264 6265 6165
9 6165 6265 6266 6166
9 6166 6266 6267 6167
9 6167 6267 6268 6168
9 6168 6268 6269 6169
9 6169 6269 6270 6170
9 6170 6270 6271 6171
9 6171 6271 6272 6172
9 6172 6272 6273 6173
9 6173 6273 6274 6174
9 6174 6274 6275 6175
9 6175 6275 6276 6176
9 6176 6276 6277 6177
9 6177 6277 6278 6178
9 6178 6278 6279 6179
9 6179 6279 6280 6180
9 6180 6280 6281 6181
9 6181 6281 6282 6182
9 6182 6282 6283 6183
9 6183 6283 6284 6184
9 6184 6284 6285 6185
9 6185 6285 6286 6186
9 6186 6286 6287 6187
9 6187 6287 6288 6188
9 6188 6288 6289 6189
9 6189 6289 6290 6190
9 6190 6290 6291 6191
9 6191 6291 6292 6192
9 6192 6292 6293 6193
9 6193 6293 6294 6194
9 6194 6294 6295 6195
9 6195 6295 6296 6196
9 6196 6296 6297 6197
9 6197 6297 6298 6198
9 6198 6298 6299 6199
9 6200 6300 6301 6201
9 6201 6301 6302 6202
9 6202 6302 6303 6203
9 6203 6303 6304 6204
9 6204 6304 6305 6205
9 6205 6305 6306 6206
9 6206 6306 6307 6207
9 6207 6307 6308 6208
9 6208 6308 6309 6209
9 6209 6309 6310 6210
9 6210 6310 6311 6211
9 6211 6311 6312 6212
9 6212 6312 6313 6213
9 6213 6313 6314 6214
9 6214 6314 6315 6215
9 6215 6315 6316 6216
9 6216 6316 6317 6217
9 6217 6317 6318 6218
9 6218 6318 6319 6219
9 6219 6319 6320 6220
9 6220 6320 6321 6221
9 6221 6321 6322 6222
9 6222 6322 6323 6223
9 6223 6323 6324 6224
9 6224 6324 6325 6225
9 6225 6325 6326 6226
9 6226 6326 6327 6227
9 6227 6327 6328 6228
9 6228 6328 6329 6229
9 6229 6329 6330 6230
9 6230 6330 6331 6231
9 6231 6331 6332 6232
9 6232 6332 6333 6233
9 6233 6333 6334 6234
9 6234 6334 6335 6235
9 6235 6335 6336 6236
9 6236 6336 6337 6237
9 6237 6337 6338 6238
9 6238 6338 6339 6239
9 6239 6339 6340 6240
9 6240 6340 6341 6241
9 6241 6341 6342 6242
9 6242 6342 6343 6243
9 6243 6343 6344 6244
9 6244 6344 6345 6245
9 6245 6345 6346 6246
9 6246 6346 6347 6247
9 6247 6347 6348 6248
9 6248 6348 6349 6249
9 6249 6349 6350 6250
9 6250 6350 6351 6251
9 6251 6351 6352 6252
9 6252 6352 6353 6253
9 6253 6353 6354 6254
9 6254 6354 6355 6255
9 6255 6355 6356 6256
9 6256 6356 6357 6257
9 6257 6357 6358 6258
9 6258 6358 6359 6259
9 6259 6359 6360 6260
9 6260 6360 6361 6261
9 6261 6361 6362 6262
9 6262 6362 6363 6263
9 6263 6363 6364 6264
9 6264 6364 6365 6265
9 6265 6365 6366 6266
9 6266 6366 6367 6267
9 6267 6367 6368 6268
9 6268 6368 6369 6269
9 6269 6369 6370 6270
9 6270 6370 6371 6271
9 6271 6371 6372 6272
9 6272 6372 6373 6273
9 6273 6373 6374 6274
9 6274 6374 6375 6275
9 6275 6375 6376 6276
9 6276 6376 6377 6277
9 6277 6377 6378 6278
9 6278 6378 6379 6279
9 6279 6379 6380 6280
9 6280 6380 6381 6281
9 6281 6381 6382 6282
9 6282 6382 6383 6283
9 6283 6383 6384 6284
9 6284 6384 6385 6285
9 6285 6385 6386 6286
9 6286 6386 6387 6287
9 6287 6387 6388 6288
9 6288 6388 6389 6289
9 6289 6389 6390 6290
9 6290 6390 6391 6291
9 6291 6391 6392 6292
9 6292 6392 6393 6293
9 6293 6393 6394 6294
9 6294 6394 6395 6295
9 6295 6395 6396 6296
9 6296 6396 6397 6297
9 6297 6397 6398 6298
9 6298 6398 6399 6299
9 6300 6400 6401 6301
9 6301 6401 6402 6302
9 6302 6402 6403 6303
9 6303 6403 6404 6304
9 6304 6404 6405 6305
9 6305 6405 6406 6306
9 6306 6406 6407 6307
9 6307 6407 6408 6308
9 6308 6408 6409 6309
9 6309 6409 6410 6310
9 6310 6410 6411 6311
9 6311 6411 6412 6312
9 6312 6412 6413 6313
9 6313 6413 6414 6314
9 6314 6414 6415 6315
9 6315 6415 6416 6316
9 6316 6416 6417 6317
9 6317 6417 6418 6318
9 6318 6418 6419 6319
9 6319 6419 6420 6320
9 6320 6420 6421 6321
9 6321 6421 6422 6322
9 6322 6422 6423 6323
9 6323 6423 6424 6324
9 6324 6424 6425 6325
9 6325 6425 6426 6326
9 6326 6426 6427 6327
9 6327 6427 6428 6328
9 6328 6428 6429 6329
9 6329 6429 6430 6330
9 6330 6430 6431 6331
9 6331 6431 6432 6332
9 6332 6432 6433 6333
9 6333 6433 6434 6334
9 6334 6434 6435 6335
9 6335 6435 6436 6336
9 6336 6436 6437 6337
9 6337 6437 6438 6338
9 6338 6438 6439 6339
9 6339 6439 6440 6340
9 6340 6440 6441 6341
9 6341 6441 6442 6342
9 6342 6442 6443 6343
9 6343 6443 6444 6344
9 6344 6444 6445 6345
9 6345 6445 6446 6346
9 6346 6446 6447 6347
9 6347 6447 6448 6348
9 6348 6448 6449 6349
9 6349 6449 6450 6350
9 6350 6450 6451 6351
9 6351 6451 6452 6352
9 6352 6452 6453 6353
9 6353 6453 6454 6354
9 6354 6454 6455 6355
9 6355 6455 6456 6356
9 6356 6456 6457 6357
9 6357 6457 6458 6358
9 6358 6458 6459 6359
9 6359 6459 6460 6360
9 6360 6460 6461 6361
9 6361 6461 6462 6362
9 6362 6462 6463 6363
9 6363 6463 6464 6364
9 6364 6464 6465 6365
9 6365 6465 6466 6366
9 6366 6466 6467 6367
9 6367 6467 6468 6368
9 6368 6468 6469 6369
9 6369 6469 6470 6370
9 6370 6470 6471 6371
9 6371 6471 6472 6372
9 6372 6472 6473 6373
9 6373 6473 6474 6374
9 6374 6474 6475 6375
9 6375 6475 6476 6376
9 6376 6476 6477 6377
9 6377 6477 6478 6378
9 6378 6478 6479 6379
9 6379 6479 6480 6380
9 6380 6480 6481 6381
9 6381 6481 6482 6382
9 6382 6482 6483 6383
9 6383 6483 6484 6384
9 6384 6484 6485 6385
9 6385 6485 6486 6386
9 6386 6486 6487 6387
9 6387 6487 6488 6388
9 6388 6488 6489 6389
9 6389 6489 6490 6390
9 6390 6490 6491 6391
9 6391 6491 6492 6392
9 6392 6492 6493 6393
9 6393 6493 6494 6394
9 6394 6494 6495 6395
9 6395 6495 6496 6396
9 6396 6496 6497 6397
9 6397 6497 6498 6398
9 6398 6498 6499 6399
9 6400 6500 6501 6401
9 6401 6501 6502 6402
9 6402 6502 6503 6403
9 6403 6503 6504 6404
9 6404 6504 6505 6405
9 6405 6505 6506 6406
9 6406 6506 6507 6407
9 6407 6507 6508 6408
9 6408 6508 6509 6409
9 6409 6509 6510 6410
9 6410 6510 6511 6411
9 6411 6511 6512 6412
9 6412 6512 6513 6413
9 6413 6513 6514 6414
9 6414 6514 6515 6415
9 6415 6515 6516 6416
9 6416 6516 6517 6417
9 6417 6517 6518 6418
9 6418 6518 6519 6419
9 6419 6519 6520 6420
9 6420 6520 6521 6421
9 6421 6521 6522 6422
9 6422 6522 6523 6423
9 6423 6523 6524 6424
9 6424 6524 6525 6425
9 6425 6525 6526 6426
9 6426 6526 6527 6427
9 6427 6527 6528 6428
9 6428 6528 6529 6429
9 6429 6529 6530 6430
9 6430 6530 6531 6431
9 6431 6531 6532 6432
9 6432 6532 6533 6433
9 6433 6533 6534 6434
9 6434 6534 6535 6435
9 6435 6535 6536 6436
9 6436 6536 6537 6437
9 6437 6537 6538 6438
9 6438 6538 6539 6439
9 6439 6539 6540 6440
9 6440 6540 6541 6441
9 6441 6541 6542 6442
9 6442 6542 6543 6443
9 6443 6543 6544 6444
9 6444 6544 6545 6445
9 6445 6545 6546 6446
9 6446 6546 6547 6447
9 6447 6547 6548 6448
9 6448 6548 6549 6449
9 6449 6549 6550 6450
9 6450 6550 6551 6451
9 6451 6551 6552 6452
9 6452 6552 6553 6453
9 6453 6553 6554 6454
9 6454 6554 6555 6455
9 6455 6555 6556 6456
9 6456 6556 6557 6457
9 6457 6557 6558 6458
9 6458 6558 6559 6459
9 6459 6559 6560 6460
9 6460 6560 6561 6461
9 6461 6561 6562 6462
9 6462 6562 6563 6463
9 6463 6563 6564 6464
9 6464 6564 6565 6465
9 6465 6565 6566 6466
9 6466 6566 6567 6467
9 6467 6567 6568 6468
9 6468 6568 6569 6469
9 6469 6569 6570 6470
9 6470 6570 6571 6471
9 6471 6571 6572 6472
9 6472 6572 6573 6473
9 6473 6573 6574 6474
9 6474 6574 6575 6475
9 6475 6575 6576 6476
9 6476 6576 6577 6477
9 6477 6577 6578 6478
9 6478 6578 6579 6479
9 6479 6579 6580 6480
9 6480 6580 6581 6481
9 6481 6581 6582 6482
9 6482 6582 6583 6483
9 6483 6583 6584 6484
9 6484 6584 6585 6485
9 6485 6585 6586 6486
9 6486 6586 6587 6487
9 6487 6587 6588 6488
9 6488 6588 6589 6489
9 6489 6589 6590 6490
9 6490 6590 6591 6491
9 6491 6591 6592 6492
9 6492 6592 6593 6493
9 6493 6593 6594 6494
9 6494 6594 6595 6495
9 6495 6595 6596 6496
9 6496 6596 6597 6497
9 6497 6597 6598 6498
9 6498 6598 6599 6499
9 6500 6600 6601 6501
9 6501 6601 6602 6502
9 6502 6602 6603 6503
9 6503 6603 6604 6504
9 6504 6604 6605 6505
9 6505 6605 6606 6506
9 6506 6606 6607 6507
9 6507 6607 6608 6508
9 6508 6608 6609 6509
9 6509 6609 6610 6510
9 6510 6610 6611 6511
9 6511 6611 6612 6512
9 6512 6612 6613 6513
9 6513 6613 6614 6514
9 6514 6614 6615 6515
9 6515 6615 6616 6516
9 6516 6616 6617 6517
9 6517 6617 6618 6518
9 6518 6618 6619 6519
9 6519 6619 6620 6520
9 6520 6620 6621 6521
9 6521 6621 6622 6522
9 6522 6622 6623 6523
9 6523 6623 6624 6524
9 6524 6624 6625 6525
9 6525 6625 6626 6526
9 6526 6626 6627 6527
9 6527 6627 6628 6528
9 6528 6628 6629 6529
9 6529 6629 6630 6530
9 6530 6630 6631 6531
9 6531 6631 6632 6532
9 6532 6632 6633 6533
9 6533 6633 6634 6534
9 6534 6634 6635 6535
9 6535 6635 6636 6536
9 6536 6636 6637 6537
9 6537 6637 6638 6538
9 6538 6638 6639 6539
9 6539 6639 6640 6540
9 6540 6640 6641 6541
9 6541 6641 6642 6542
9 6542 6642 6643 6543
9 6543 6643 6644 6544
9 6544 6644 6645 6545
9 6545 6645 6646 6546
9 6546 6646 6647 6547
9 6547 6647 6648 6548
9 6548 6648 6649 6549
9 6549 6649 6650 6550
9 6550 6650 6651 6551
9 6551 6651 6652 6552
9 6552 6652 6653 6553
9 6553 6653 6654 6554
9 6554 6654 6655 6555
9 6555 6655 6656 6556
9 6556 6656 6657 6557
9 6557 6657 6658 6558
9 6558 6658 6659 6559
9 6559 6659 6660 6560
9 6560 6660 6661 6561
9 6561 6661 6662 6562
9 6562 6662 6663 6563
9 6563 6663 6664 6564
9 6564 6664 6665 6565
9 6565 6665 6666 6566
9 6566 6666 6667 6567
9 6567 6667 6668 6568
9 6568 6668 6669 6569
9 6569 6669 6670 6570
9 6570 6670 6671 6571
9 6571 6671 6672 6572
9 6572 6672 6673 6573
9 6573 6673 6674 6574
9 6574 6674 6675 6575
9 6575 6675 6676 6576
9 6576 6676 6677 6577
9 6577 6677 6678 6578
9 6578 6678 6679 6579
9 6579 6679 6680 6580
9 6580 6680 6681 6581
9 6581 6681 6682 6582
9 6582 6682 6683 6583
9 6583 6683 6684 6584
9 6584 6684 6685 6585
9 6585 6685 6686 6586
9 6586 6686 6687 6587
9 6587 6687 6688 6588
9 6588 6688 6689 6589
9 6589 6689 6690 6590
9 6590 6690 6691 6591
9 6591 6691 6692 6592
9 6592 6692 6693 6593
9 6593 6693 6694 6594
9 6594 6694 6695 6595
9 6595 6695 6696 6596
9 6596 6696 6697 6597
9 6597 6697 6698 6598
9 6598 6698 6699 6599
9 6600 6700 6701 6601
9 6601 6701 6702 6602
9 6602 6702 6703 6603
9 6603 6703 6704 6604
9 6604 6704 6705 6605
9 6605 6705 6706 6606
9 6606 6706 6707 6607
9 6607 6707 6708 6608
9 6608 6708 6709 6609
9 6609 6709 6710 6610
9 6610 6710 6711 6611
9 6611 6711 6712 6612
9 6612 6712 6713 6613
9 6613 6713 6714 6614
9 6614 6714 6715 6615
9 6615 6715 6716 6616
9 6616 6716 6717 6617
9 6617 6717 6718 6618
9 6618 6718 6719 6619
9 6619 6719 6720 6620
9 6620 6720 6721 6621
9 6621 6721 6722 6622
9 6622 6722 6723 6623
9 6623 6723 6724 6624
9 6624 6724 6725 6625
9 6625 6725 6726 6626
9 6626 6726 6727 6627
9 6627 6727 6728 6628
9 6628 6728 6729 6629
9 6629 6729 6730 6630
9 6630 6730 6731 6631
9 6631 6731 6732 6632
9 6632 6732 6733 6633
9 6633 6733 6734 6634
9 6634 6734 6735 6635
9 6635 6735 6736 6636
9 6636 6736 6737 6637
9 6637 6737 6738 6638
9 6638 6738 6739 6639
9 6639 6739 6740 6640
9 6640 6740 6741 6641
9 6641 6741 6742 6642
9 6642 6742 6743 6643
9 6643 6743 6744 6644
9 6644 6744 6745 6645
9 6645 6745 6746 6646
9 6646 6746 6747 6647
9 6647 6747 6748 6648
9 6648 6748 6749 6649
9 6649 6749 6750 6650
9 6650 6750 6751 6651
9 6651 6751 6752 6652
9 6652 6752 6753 6653
9 6653 6753 6754 6654
9 6654 6754 6755 6655
9 6655 6755 6756 6656
9 6656 6756 6757 6657
9 6657 6757 6758 6658
9 6658 6758 6759 6659
9 6659 6759 6760 6660
9 6660 6760 6761 6661
9 6661 6761 6762 6662
9 6662 6762 6763 6663
9 6663 6763 6764 6664
9 6664 6764 6765 6665
9 6665 6765 6766 6666
9 6666 6766 6767 6667
9 6667 6767 6768 6668
9 6668 6768 6769 6669
9 6669 6769 6770 6670
9 6670 6770 6771 6671
9 6671 6771 6772 6672
9 6672 6772 6773 6673
9 6673 6773 6774 6674
9 6674 6774 6775 6675
9 6675 6775 6776 6676
9 6676 6776 6777 6677
9 6677 6777 6778 6678
9 6678 6778 6779 6679
9 6679 6779 6780 6680
9 6680 6780 6781 6681
9 6681 6781 6782 6682
9 6682 6782 6783 6683
9 6683 6783 6784 6684
9 6684 6784 6785 6685
9 6685 6785 6786 6686
9 6686 6786 6787 6687
9 6687 6787 6788 6688
9 6688 6788 6789 6689
9 6689 6789 6790 6690
9 6690 6790 6791 6691
9 6691 6791 6792 6692
9 6692 6792 6793 6693
9 6693 6793 6794 6694
9 6694 6794 6795 6695
9 6695 6795 6796 6696
9 6696 6796 6797 6697
9 6697 6797 6798 6698
9 6698 6798 6799 6699
9 6700 6800 6801 6701
9 6701 6801 6802 6702
9 6702 6802 6803 6703
9 6703 6803 6804 6704
9 6704 6804 6805 6705
9 6705 6805 6806 6706
9 6706 6806 6807 6707
9 6707 6807 6808 6708
9 6708 6808 6809 6709
9 6709 6809 6810 6710
9 6710 6810 6811 6711
9 6711 6811 6812 6712
9 6712 6812 6813 6713
9 6713 6813 6814 6714
9 6714 6814 6815 6715
9 6715 6815 6816 6716
9 6716 6816 6817 6717
9 6717 6817 6818 6718
9 6718 6818 6819 6719
9 6719 6819 6820 6720
9 6720 6820 6821 6721
9 6721 6821 6822 6722
9 6722 6822 6823 6723
9 6723 6823 6824 6724
9 6724 6824 6825 6725
9 6725 6825 6826 6726
9 6726 6826 6827 6727
9 6727 6827 6828 6728
9 6728 6828 6829 6729
9 6729 6829 6830 6730
9 6730 6830 6831 6731
9 6731 6831 6832 6732
9 6732 6832 6833 6733
9 6733 6833 6834 6734
9 6734 6834 6835 6735
9 6735 6835 6836 6736
9 6736 6836 6837 6737
9 6737 6837 6838 6738
9 6738 6838 6839 6739
9 6739 6839 6840 6740
9 6740 6840 6841 6741
9 6741 6841 6842 6742
9 6742 6842 6843 6743
9 6743 6843 6844 6744
9 6744 6844 6845 6745
9 6745 6845 6846 6746
9 6746 6846 6847 6747
9 6747 6847 6848 6748
9 6748 6848 6849 6749
9 6749 6849 6850 6750
9 6750 6850 6851 6751
9 6751 6851 6852 6752
9 6752 6852 6853 6753
9 6753 6853 6854 6754
9 6754 6854 6855 6755
9 6755 6855 6856 6756
9 6756 6856 6857 6757
9 6757 6857 6858 6758
9 6758 6858 6859 6759
9 6759 6859 6860 6760
9 6760 6860 6861 6761
9 6761 6861 6862 6762
9 6762 6862 6863 6763
9 6763 6863 6864 6764
9 6764 6864 6865 6765
9 6765 6865 6866 6766
9 6766 6866 6867 6767
9 6767 6867 6868 6768
9 6768 6868 6869 6769
9 6769 6869 6870 6770
9 6770 6870 6871 6771
9 6771 6871 6872 6772
9 6772 6872 6873 6773
9 6773 6873 6874 6774
9 6774 6874 6875 6775
9 6775 6875 6876 6776
9 6776 6876 6877 6777
9 6777 6877 6878 6778
9 6778 6878 6879 6779
9 6779 6879 6880 6780
9 6780 6880 6881 6781
9 6781 6881 6882 6782
9 6782 6882 6883 6783
9 6783 6883 6884 6784
9 6784 6884 6885 6785
9 6785 6885 6886 6786
9 6786 6886 6887 6787
9 6787 6887 6888 6788
9 6788 6888 6889 6789
9 6789 6889 6890 6790
9 6790 6890 6891 6791
9 6791 6891 6892 6792
9 6792 6892 6893 6793
9 6793 6893 6894 6794
9 6794 6894 6895 6795
9 6795 6895 6896 6796
9 6796 6896 6897 6797
9 6797 6897 6898 6798
9 6798 6898 6899 6799
9 6800 6900 6901 6801
9 6801 6901 6902 6802
9 6802 6902 6903 6803
9 6803 6903 6904 6804
9 6804 6904 6905 6805
9 6805 6905 6906 6806
9 6806 6906 6907 6807
9 6807 6907 6908 6808
9 6808 6908 6909 6809
9 6809 6909 6910 6810
9 6810 6910 6911 6811
9 6811 6911 6912 6812
9 6812 6912 6913 6813
9 6813 6913 6914 6814
9 6814 6914 6915 6815
9 6815 6915 6916 6816
9 6816 6916 6917 6817
9 6817 6917 6918 6818
9 6818 6918 6919 6819
9 6819 6919 6920 6820
9 6820 6920 6921 6821
9 6821 6921 6922 6822
9 6822 6922 6923 6823
9 6823 6923 6924 6824
9 6824 6924 6925 6825
9 6825 6925 6926 6826
9 6826 6926 6927 6827
9 6827 6927 6928 6828
9 6828 6928 6929 6829
9 6829 6929 6930 6830
9 6830 6930 6931 6831
9 6831 6931 6932 6832
9 6832 6932 6933 6833
9 6833 6933 6934 6834
9 6834 6934 6935 6835
9 6835 6935 6936 6836
9 6836 6936 6937 6837
9 6837 6937 6938 6838
9 6838 6938 6939 6839
9 6839 6939 6940 6840
9 6840 6940 6941 6841
9 6841 6941 6942 6842
9 6842 6942 6943 6843
9 6843 6943 6944 6844
9 6844 6944 6945 6845
9 6845 6945 6946 6846
9 6846 6946 6947 6847
9 6847 6947 6948 6848
9 6848 6948 6949 6849
9 6849 6949 6950 6850
9 6850 6950 6951 6851
9 6851 6951 6952 6852
9 6852 6952 6953 6853
9 6853 6953 6954 6854
9 6854 6954 6955 6855
9 6855 6955 6956 6856
9 6856 6956 6957 6857
9 6857 6957 6958 6858
9 6858 6958 6959 6859
9 6859 6959 6960 6860
9 6860 6960 6961 6861
9 6861 6961 6962 6862
9 6862 6962 6963 6863
9 6863 6963 6964 6864
9 6864 6964 6965 6865
9 6865 6965 6966 6866
9 6866 6966 6967 6867
9 6867 6967 6968 6868
9 6868 6968 6969 6869
9 6869 6969 6970 6870
9 6870 6970 6971 6871
9 6871 6971 6972 6872
9 6872 6972 6973 6873
9 6873 6973 6974 6874
9 6874 6974 6975 6875
9 6875 6975 6976 6876
9 6876 6976 6977 6877
9 6877 6977 6978 6878
9 6878 6978 6979 6879
9 6879 6979 6980 6880
9 6880 6980 6981 6881
9 6881 6981 6982 6882
9 6882 6982 6983 6883
9 6883 6983 6984 6884
9 6884 6984 6985 6885
9 6885 6985 6986 6886
9 6886 6986 6987 6887
9 6887 6987 6988 6888
9 6888 6988 6989 6889
9 6889 6989 6990 6890
9 6890 6990 6991 6891
9 6891 6991 6992 6892
9 6892 6992 6993 6893
9 6893 6993 6994 6894
9 6894 6994 6995 6895
9 6895 6995 6996 6896
9 6896 6996 6997 6897
9 6897 6997 6998 6898
9 6898 6998 6999 6899
9 6900 7000 7001 6901
9 6901 7001 7002 6902
9 6902 7002 7003 6903
9 6903 7003 7004 6904
9 6904 7004 7005 6905
9 6905 7005 7006 6906
9 6906 7006 7007 6907
9 6907 7007 7008 6908
9 6908 7008 7009 6909
9 6909 7009 7010 6910
9 6910 7010 7011 6911
9 6911 7011 7012 6912
9 6912 7012 7013 6913
9 6913 7013 7014 6914
9 6914 7014 7015 6915
9 6915 7015 7016 6916
9 6916 7016 7017 6917
9 6917 7017 7018 6918
9 6918 7018 7019 6919
9 6919 7019 7020 6920
9 6920 7020 7021 6921
9 6921 7021 7022 6922
9 6922 7022 7023 6923
9 6923 7023 7024 6924
9 6924 7024 7025 6925
9 6925 7025 7026 6926
9 6926 7026 7027 6927
9 6927 7027 7028 6928
9 6928 7028 7029 6929
9 6929 7029 7030 6930
9 6930 7030 7031 6931
9 6931 7031 7032 6932
9 6932 7032 7033 6933
9 6933 7033 7034 6934
9 6934 7034 7035 6935
9 6935 7035 7036 6936
9 6936 7036 7037 6937
9 6937 7037 7038 6938
9 6938 7038 7039 6939
9 6939 7039 7040 6940
9 6940 7040 7041 6941
9 6941 7041 7042 6942
9 6942 7042 7043 6943
9 6943 7043 7044 6944
9 6944 7044 7045 6945
9 6945 7045 7046 6946
9 6946 7046 7047 6947
9 6947 7047 7048 6948
9 6948 7048 7049 6949
9 6949 7049 7050 6950
9 6950 7050 7051 6951
9 6951 7051 7052 6952
9 6952 7052 7053 6953
9 6953 7053 7054 6954
9 6954 7054 7055 6955
9 6955 7055 7056 6956
9 6956 7056 7057 6957
9 6957 7057 7058 6958
9 6958 7058 7059 6959
9 6959 7059 7060 6960
9 6960 7060 7061 6961
9 6961 7061 7062 6962
9 6962 7062 7063 6963
9 6963 7063 7064 6964
9 6964 7064 7065 6965
9 6965 7065 7066 6966
9 6966 7066 7067 6967
9 6967 7067 7068 6968
9 6968 7068 7069 6969
9 6969 7069 7070 6970
9 6970 7070 7071 6971
9 6971 7071 7072 6972
9 6972 7072 7073 6973
9 6973 7073 7074 6974
9 6974 7074 7075 6975
9 6975 7075 7076 6976
9 6976 7076 7077 6977
9 6977 7077 7078 6978
9 6978 7078 7079 6979
9 6979 7079 7080 6980
9 6980 7080 7081 6981
9 6981 7081 7082 6982
9 6982 7082 7083 6983
9 6983 7083 7084 6984
9 6984 7084 7085 6985
9 6985 7085 7086 6986
9 6986 7086 7087 6987
9 6987 7087 7088 6988
9 6988 7088 7089 6989
9 6989 7089 7090 6990
9 6990 7090 7091 6991
9 6991 7091 7092 6992
9 6992 7092 7093 6993
9 6993 7093 7094 6994
9 6994 7094 7095 6995
9 6995 7095 7096 6996
9 6996 7096 7097 6997
9 6997 7097 7098 6998
9 6998 7098 7099 6999
9 7000 7100 7101 7001
9 7001 7101 7102 7002
9 7002 7102 7103 7003
9 7003 7103 7104 7004
9 7004 7104 7105 7005
9 7005 7105 7106 7006
9 7006 7106 7107 7007
9 7007 7107 7108 7008
9 7008 7108 7109 7009
9 7009 7109 7110 7010
9 7010 7110 7111 7011
9 7011 7111 7112 7012
9 7012 7112 7113 7013
9 7013 7113 7114 7014
9 7014 7114 7115 7015
9 7015 7115 7116 7016
9 7016 7116 7117 7017
9 7017 7117 7118 7018
9 7018 7118 7119 7019
9 7019 7119 7120 7020
9 7020 7120 7121 7021
9 7021 7121 7122 7022
9 7022 7122 7123 7023
9 7023 7123 7124 7024
9 7024 7124 7125 7025
9 7025 7125 7126 7026
9 7026 7126 7127 7027
9 7027 7127 7128 7028
9 7028 7128 7129 7029
9 7029 7129 7130 7030
9 7030 7130 7131 7031
9 7031 7131 7132 7032
9 7032 7132 7133 7033
9 7033 7133 7134 7034
9 7034 7134 7135 7035
9 7035 7135 7136 7036
9 7036 7136 7137 7037
9 7037 7137 7138 7038
9 7038 7138 7139 7039
9 7039 7139 7140 7040
9 7040 7140 7141 7041
9 7041 7141 7142 7042
9 7042 7142 7143 7043
9 7043 7143 7144 7044
9 7044 7144 7145 7045
9 7045 7145 7146 7046
9 7046 7146 7147 7047
9 7047 7147 7148 7048
9 7048 7148 7149 7049
9 7049 7149 7150 7050
9 7050 7150 7151 7051
9 7051 7151 7152 7052
9 7052 7152 7153 7053
9 7053 7153 7154 7054
9 7054 7154 7155 7055
9 7055 7155 7156 7056
9 7056 7156 7157 7057
9 7057 7157 7158 7058
9 7058 7158 7159 7059
9 7059 7159 7160 7060
9 7060 7160 7161 7061
9 7061 7161 7162 7062
9 7062 7162 7163 7063
9 7063 7163 7164 7064
9 7064 7164 7165 7065
9 7065 7165 7166 7066
9 7066 7166 7167 7067
9 7067 7167 7168 7068
9 7068 7168 7169 7069
9 7069 7169 7170 7070
9 7070 7170 7171 7071
9 7071 7171 7172 7072
9 7072 7172 7173 7073
9 7073 7173 7174 7074
9 7074 7174 7175 7075
9 7075 7175 7176 7076
9 7076 7176 7177 7077
9 7077 7177 7178 7078
9 7078 7178 7179 7079
9 7079 7179 7180 7080
9 7080 7180 7181 7081
9 7081 7181 7182 7082
9 7082 7182 7183 7083
9 7083 7183 7184 7084
9 7084 7184 7185 7085
9 7085 7185 7186 7086
9 7086 7186 7187 7087
9 7087 7187 7188 7088
9 7088 7188 7189 7089
9 7089 7189 7190 7090
9 7090 7190 7191 7091
9 7091 7191 7192 7092
9 7092 7192 7193 7093
9 7093 7193 7194 7094
9 7094 7194 7195 7095
9 7095 7195 7196 7096
9 7096 7196 7197 7097
9 7097 7197 7198 7098
9 7098 7198 7199 7099
9 7100 7200 7201 7101
9 7101 7201 7202 7102
9 7102 7202 7203 7103
9 7103 7203 7204 7104
9 7104 7204 7205 7105
9 7105 7205 7206 7106
9 7106 7206 7207 7107
9 7107 7207 7208 7108
9 7108 7208 7209 7109
9 7109 7209 7210 7110
9 7110 7210 7211 7111
9 7111 7211 7212 7112
9 7112 7212 7213 7113
9 7113 7213 7214 7114
9 7114 7214 7215 7115
9 7115 7215 7216 7116
9 7116 7216 7217 7117
9 7117 7217 7218 7118
9 7118 7218 7219 7119
9 7119 7219 7220 7120
9 7120 7220 7221 7121
9 7121 7221 7222 7122
9 7122 7222 7223 7123
9 7123 7223 7224 7124
9 7124 7224 7225 7125
9 7125 7225 7226 7126
9 7126 7226 7227 7127
9 7127 7227 7228 7128
9 7128 7228 7229 7129
9 7129 7229 7230 7130
9 7130 7230 7231 7131
9 7131 7231 7232 7132
9 7132 7232 7233 7133
9 7133 7233 7234 7134
9 7134 7234 7235 7135
9 7135 7235 7236 7136
9 7136 7236 7237 7137
9 7137 7237 7238 7138
9 7138 7238 7239 7139
9 7139 7239 7240 7140
9 7140 7240 7241 7141
9 7141 7241 7242 7142
9 7142 7242 7243 7143
9 7143 7243 7244 7144
9 7144 7244 7245 7145
9 7145 7245 7246 7146
9 7146 7246 7247 7147
9 7147 7247 7248 7148
9 7148 7248 7249 7149
9 7149 7249 7250 7150
9 7150 7250 7251 7151
9 7151 7251 7252 7152
9 7152 7252 7253 7153
9 7153 7253 7254 7154
9 7154 7254 7255 7155
9 7155 7255 7256 7156
9 7156 7256 7257 7157
9 7157 7257 7258 7158
9 7158 7258 7259 7159
9 7159 7259 7260 7160
9 7160 7260 7261 7161
9 7161 7261 7262 7162
9 7162 7262 7263 7163
9 7163 7263 7264 7164
9 7164 7264 7265 7165
9 7165 7265 7266 7166
9 7166 7266 7267 7167
9 7167 7267 7268 7168
9 7168 7268 7269 7169
9 7169 7269 7270 7170
9 7170 7270 7271 7171
9 7171 7271 7272 7172
9 7172 7272 7273 7173
9 7173 7273 7274 7174
9 7174 7274 7275 7175
9 7175 7275 7276 7176
9 7176 7276 7277 7177
9 7177 7277 7278 7178
9 7178 7278 7279 7179
9 7179 7279 7280 7180
9 7180 7280 7281 7181
9 7181 7281 7282 7182
9 7182 7282 7283 7183
9 7183 7283 7284 7184
9 7184 7284 7285 7185
9 7185 7285 7286 7186
9 7186 7286 7287 7187
9 7187 7287 7288 7188
9 7188 7288 7289 7189
9 7189 7289 7290 7190
9 7190 7290 7291 7191
9 7191 7291 7292 7192
9 7192 7292 7293 7193
9 7193 7293 7294 7194
9 7194 7294 7295 7195
9 7195 7295 7296 7196
9 7196 7296 7297 7197
9 7197 7297 7298 7198
9 7198 7298 7299 7199
9 7200 7300 7301 7201
9 7201 7301 7302 7202
9 7202 7302 7303 7203
9 7203 7303 7304 7204
9 7204 7304 7305 7205
9 7205 7305 7306 7206
9 7206 7306 7307 7207
9 7207 7307 7308 7208
9 7208 7308 7309 7209
9 7209 7309 7310 7210
9 7210 7310 7311 7211
9 7211 7311 7312 7212
9 7212 7312 7313 7213
9 7213 7313 7314 7214
9 7214 7314 7315 7215
9 7215 7315 7316 7216
9 7216 7316 7317 7217
9 7217 7317 7318 7218
9 7218 7318 7319 7219
9 7219 7319 7320 7220
9 7220 7320 7321 7221
9 7221 7321 7322 7222
9 7222 7322 7323 7223
9 7223 7323 7324 7224
9 7224 7324 7325 7225
9 7225 7325 7326 7226
9 7226 7326 7327 7227
9 7227 7327 7328 7228
9 7228 7328 7329 7229
9 7229 7329 7330 7230
9 7230 7330 7331 7231
9 7231 7331 7332 7232
9 7232 7332 7333 7233
9 7233 7333 7334 7234
9 7234 7334 7335 7235
9 7235 7335 7336 7236
9 7236 7336 7337 7237
9 7237 7337 7338 7238
9 7238 7338 7339 7239
9 7239 7339 7340 7240
9 7240 7340 7341 7241
9 7241 7341 7342 7242
9 7242 7342 7343 7243
9 7243 7343 7344 7244
9 7244 7344 7345 7245
9 7245 7345 7346 7246
9 7246 7346 7347 7247
9 7247 7347 7348 7248
9 7248 7348 7349 7249
9 7249 7349 7350 7250
9 7250 7350 7351 7251
9 7251 7351 7352 7252
9 7252 7352 7353 7253
9 7253 7353 7354 7254
9 7254 7354 7355 7255
9 7255 7355 7356 7256
9 7256 7356 7357 7257
9 7257 7357 7358 7258
9 7258 7358 7359 7259
9 7259 7359 7360 7260
9 7260 7360 7361 7261
9 7261 7361 7362 7262
9 7262 7362 7363 7263
9 7263 7363 7364 7264
9 7264 7364 7365 7265
9 7265 7365 7366 7266
9 7266 7366 7367 7267
9 7267 7367 7368 7268
9 7268 7368 7369 7269
9 7269 7369 7370 7270
9 7270 7370 7371 7271
9 7271 7371 7372 7272
9 7272 7372 7373 7273
9 7273 7373 7374 7274
9 7274 7374 7375 7275
9 7275 7375 7376 7276
9 7276 7376 7377 7277
9 7277 7377 7378 7278
9 7278 7378 7379 7279
9 7279 7379 7380 7280
9 7280 7380 7381 7281
9 7281 7381 7382 7282
9 7282 7382 7383 7283
9 7283 7383 7384 7284
9 7284 7384 7385 7285
9 7285 7385 7386 7286
9 7286 7386 7387 7287
9 7287 7387 7388 7288
9 7288 7388 7389 7289
9 7289 7389 7390 7290
9 7290 7390 7391 7291
9 7291 7391 7392 7292
9 7292 7392 7393 7293
9 7293 7393 7394 7294
9 7294 7394 7395 7295
9 7295 7395 7396 7296
9 7296 7396 7397 7297
9 7297 7397 7398 7298
9 7298 7398 7399 7299
9 7300 7400 7401 7301
9 7301 7401 7402 7302
9 7302 7402 7403 7303
9 7303 7403 7404 7304
9 7304 7404 7405 7305
9 7305 7405 7406 7306
9 7306 7406 7407 7307
9 7307 7407 7408 7308
9 7308 7408 7409 7309
9 7309 7409 7410 7310
9 7310 7410 7411 7311
9 7311 7411 7412 7312
9 7312 7412 7413 7313
9 7313 7413 7414 7314
9 7314 7414 7415 7315
9 7315 7415 7416 7316
9 7316 7416 7417 7317
9 7317 7417 7418 7318
9 7318 7418 7419 7319
9 7319 7419 7420 7320
9 7320 7420 7421 7321
9 7321 7421 7422 7322
9 7322 7422 7423 7323
9 7323 7423 7424 7324
9 7324 7424 7425 7325
9 7325 7425 7426 7326
9 7326 7426 7427 7327
9 7327 7427 7428 7328
9 7328 7428 7429 7329
9 7329 7429 7430 7330
9 7330 7430 7431 7331
9 7331 7431 7432 7332
9 7332 7432 7433 7333
9 7333 7433 7434 7334
9 7334 7434 7435 7335
9 7335 7435 7436 7336
9 7336 7436 7437 7337
9 7337 7437 7438 7338
9 7338 7438 7439 7339
9 7339 7439 7440 7340
9 7340 7440 7441 7341
9 7341 7441 7442 7342
9 7342 7442 7443 7343
9 7343 7443 7444 7344
9 7344 7444 7445 7345
9 7345 7445 7446 7346
9 7346 7446 7447 7347
9 7347 7447 7448 7348
9 7348 7448 7449 7349
9 7349 7449 7450 7350
9 7350 7450 7451 7351
9 7351 7451 7452 7352
9 7352 7452 7453 7353
9 7353 7453 7454 7354
9 7354 7454 7455 7355
9 7355 7455 7456 7356
9 7356 7456 7457 7357
9 7357 7457 7458 7358
9 7358 7458 7459 7359
9 7359 7459 7460 7360
9 7360 7460 7461 7361
9 7361 7461 7462 7362
9 7362 7462 7463 7363
9 7363 7463 7464 7364
9 7364 7464 7465 7365
9 7365 7465 7466 7366
9 7366 7466 7467 7367
9 7367 7467 7468 7368
9 7368 7468 7469 7369
9 7369 7469 7470 7370
9 7370 7470 7471 7371
9 7371 7471 7472 7372
9 7372 7472 7473 7373
9 7373 7473 7474 7374
9 7374 7474 7475 7375
9 7375 7475 7476 7376
9 7376 7476 7477 7377
9 7377 7477 7478 7378
9 7378 7478 7479 7379
9 7379 7479 7480 7380
9 7380 7480 7481 7381
9 7381 7481 7482 7382
9 7382 7482 7483 7383
9 7383 7483 7484 7384
9 7384 7484 7485 7385
9 7385 7485 7486 7386
9 7386 7486 7487 7387
9 7387 7487 7488 7388
9 7388 7488 7489 7389
9 7389 7489 7490 7390
9 7390 7490 7491 7391
9 7391 7491 7492 7392
9 7392 7492 7493 7393
9 7393 7493 7494 7394
9 7394 7494 7495 7395
9 7395 7495 7496 7396
9 7396 7496 7497 7397
9 7397 7497 7498 7398
9 7398 7498 7499 7399
9 7400 7500 7501 7401
9 7401 7501 7502 7402
9 7402 7502 7503 7403
9 7403 7503 7504 7404
9 7404 7504 7505 7405
9 7405 7505 7506 7406
9 7406 7506 7507 7407
9 7407 7507 7508 7408
9 7408 7508 7509 7409
9 7409 7509 7510 7410
9 7410 7510 7511 7411
9 7411 7511 7512 7412
9 7412 7512 7513 7413
9 7413 7513 7514 7414
9 7414 7514 7515 7415
9 7415 7515 7516 7416
9 7416 7516 7517 7417
9 7417 7517 7518 7418
9 7418 7518 7519 7419
9 7419 7519 7520 7420
9 7420 7520 7521 7421
9 7421 7521 7522 7422
9 7422 7522 7523 7423
9 7423 7523 7524 7424
9 7424 7524 7525 7425
9 7425 7525 7526 7426
9 7426 7526 7527 7427
9 7427 7527 7528 7428
9 7428 7528 7529 7429
9 7429 7529 7530 7430
9 7430 7530 7531 7431
9 7431 7531 7532 7432
9 7432 7532 7533 7433
9 7433 7533 7534 7434
9 7434 7534 7535 7435
9 7435 7535 7536 7436
9 7436 7536 7537 7437
9 7437 7537 7538 7438
9 7438 7538 7539 7439
9 7439 7539 7540 7440
9 7440 7540 7541 7441
9 7441 7541 7542 7442
9 7442 7542 7543 7443
9 7443 7543 7544 7444
9 7444 7544 7545 7445
9 7445 7545 7546 7446
9 7446 7546 7547 7447
9 7447 7547 7548 7448
9 7448 7548 7549 7449
9 7449 7549 7550 7450
9 7450 7550 7551 7451
9 7451 7551 7552 7452
9 7452 7552 7553 7453
9 7453 7553 7554 7454
9 7454 7554 7555 7455
9 7455 7555 7556 7456
9 7456 7556 7557 7457
9 7457 7557 7558 7458
9 7458 7558 7559 7459
9 7459 7559 7560 7460
9 7460 7560 7561 7461
9 7461 7561 7562 7462
9 7462 7562 7563 7463
9 7463 7563 7564 7464
9 7464 7564 7565 7465
9 7465 7565 7566 7466
9 7466 7566 7567 7467
9 7467 7567 7568 7468
9 7468 7568 7569 7469
9 7469 7569 7570 7470
9 7470 7570 7571 7471
9 7471 7571 7572 7472
9 7472 7572 7573 7473
9 7473 7573 7574 7474
9 7474 7574 7575 7475
9 7475 7575 7576 7476
9 7476 7576 7577 7477
9 7477 7577 7578 7478
9 7478 7578 7579 7479
9 7479 7579 7580 7480
9 7480 7580 7581 7481
9 7481 7581 7582 7482
9 7482 7582 7583 7483
9 7483 7583 7584 7484
9 7484 7584 7585 7485
9 7485 7585 7586 7486
9 7486 7586 7587 7487
9 7487 7587 7588 7488
9 7488 7588 7589 7489
9 7489 7589 7590 7490
9 7490 7590 7591 7491
9 7491 7591 7592 7492
9 7492 7592 7593 7493
9 7493 7593 7594 7494
9 7494 7594 7595 7495
9 7495 7595 7596 7496
9 7496 7596 7597 7497
9 7497 7597 7598 7498
9 7498 7598 7599 7499
9 7500 7600 7601 7501
9 7501 7601 7602 7502
9 7502 7602 7603 7503
9 7503 7603 7604 7504
9 7504 7604 7605 7505
9 7505 7605 7606 7506
9 7506 7606 7607 7507
9 7507 7607 7608 7508
9 7508 7608 7609 7509
9 7509 7609 7610 7510
9 7510 7610 7611 7511
9 7511 7611 7612 7512
9 7512 7612 7613 7513
9 7513 7613 7614 7514
9 7514 7614 7615 7515
9 7515 7615 7616 7516
9 7516 7616 7617 7517
9 7517 7617 7618 7518
9 7518 7618 7619 7519
9 7519 7619 7620 7520
9 7520 7620 7621 7521
9 7521 7621 7622 7522
9 7522 7622 7623 7523
9 7523 7623 7624 7524
9 7524 7624 7625 7525
9 7525 7625 7626 7526
9 7526 7626 7627 7527
9 7527 7627 7628 7528
9 7528 7628 7629 7529
9 7529 7629 7630 7530
9 7530 7630 7631 7531
9 7531 7631 7632 7532
9 7532 7632 7633 7533
9 7533 7633 7634 7534
9 7534 7634 7635 7535
9 7535 7635 7636 7536
9 7536 7636 7637 7537
9 7537 7637 7638 7538
9 7538 7638 7639 7539
9 7539 7639 7640 7540
9 7540 7640 7641 7541
9 7541 7641 7642 7542
9 7542 7642 7643 7543
9 7543 7643 7644 7544
9 7544 7644 7645 7545
9 7545 7645 7646 7546
9 7546 7646 7647 7547
9 7547 7647 7648 7548
9 7548 7648 7649 7549
9 7549 7649 7650 7550
9 7550 7650 7651 7551
9 7551 7651 7652 7552
9 7552 7652 7653 7553
9 7553 7653 7654 7554
9 7554 7654 7655 7555
9 7555 7655 7656 7556
9 7556 7656 7657 7557
9 7557 7657 7658 7558
9 7558 7658 7659 7559
9 7559 7659 7660 7560
9 7560 7660 7661 7561
9 7561 7661 7662 7562
9 7562 7662 7663 7563
9 7563 7663 7664 7564
9 7564 7664 7665 7565
9 7565 7665 7666 7566
9 7566 7666 7667 7567
9 7567 7667 7668 7568
9 7568 7668 7669 7569
9 7569 7669 7670 7570
9 7570 7670 7671 7571
9 7571 7671 7672 7572
9 7572 7672 7673 7573
9 7573 7673 7674 7574
9 7574 7674 7675 7575
9 7575 7675 7676 7576
9 7576 7676 7677 7577
9 7577 7677 7678 7578
9 7578 7678 7679 7579
9 7579 7679 7680 7580
9 7580 7680 7681 7581
9 7581 7681 7682 7582
9 7582 7682 7683 7583
9 7583 7683 7684 7584
9 7584 7684 7685 7585
9 7585 7685 7686 7586
9 7586 7686 7687 7587
9 7587 7687 7688 7588
9 7588 7688 7689 7589
9 7589 7689 7690 7590
9 7590 7690 7691 7591
9 7591 7691 7692 7592
9 7592 7692 7693 7593
9 7593 7693 7694 7594
9 7594 7694 7695 7595
9 7595 7695 7696 7596
9 7596 7696 7697 7597
9 7597 7697 7698 7598
9 7598 7698 7699 7599
9 7600 7700 7701 7601
9 7601 7701 7702 7602
9 7602 7702 7703 7603
9 7603 7703 7704 7604
9 7604 7704 7705 7605
9 7605 7705 7706 7606
9 7606 7706 7707 7607
9 7607 7707 7708 7608
9 7608 7708 7709 7609
9 7609 7709 7710 7610
9 7610 7710 7711 7611
9 7611 7711 7712 7612
9 7612 7712 7713 7613
9 7613 7713 7714 7614
9 7614 7714 7715 7615
9 7615 7715 7716 7616
9 7616 7716 7717 7617
9 7617 7717 7718 7618
9 7618 7718 7719 7619
9 7619 7719 7720 7620
9 7620 7720 7721 7621
9 7621 7721 7722 7622
9 7622 7722 7723 7623
9 7623 7723 7724 7624
9 7624 7724 7725 7625
9 7625 7725 7726 7626
9 7626 7726 7727 7627
9 7627 7727 7728 7628
9 7628 7728 7729 7629
9 7629 7729 7730 7630
9 7630 7730 7731 7631
9 7631 7731 7732 7632
9 7632 7732 7733 7633
9 7633 7733 7734 7634
9 7634 7734 7735 7635
9 7635 7735 7736 7636
9 7636 7736 7737 7637
9 7637 7737 7738 7638
9 7638 7738 7739 7639
9 7639 7739 7740 7640
9 7640 7740 7741 7641
9 7641 7741 7742 7642
9 7642 7742 7743 7643
9 7643 7743 7744 7644
9 7644 7744 7745 7645
9 7645 7745 7746 7646
9 7646 7746 7747 7647
9 7647 7747 7748 7648
9 7648 7748 7749 7649
9 7649 7749 7750 7650
9 7650 7750 7751 7651
9 7651 7751 7752 7652
9 7652 7752 7753 7653
9 7653 7753 7754 7654
9 7654 7754 7755 7655
9 7655 7755 7756 7656
9 7656 7756 7757 7657
9 7657 7757 7758 7658
9 7658 7758 7759 7659
9 7659 7759 7760 7660
9 7660 7760 7761 7661
9 7661 7761 7762 7662
9 7662 7762 7763 7663
9 7663 7763 7764 7664
9 7664 7764 7765 7665
9 7665 7765 7766 7666
9 7666 7766 7767 7667
9 7667 7767 7768 7668
9 7668 7768 7769 7669
9 7669 7769 7770 7670
9 7670 7770 7771 7671
9 7671 7771 7772 7672
9 7672 7772 7773 7673
9 7673 7773 7774 7674
9 7674 7774 7775 7675
9 7675 7775 7776 7676
9 7676 7776 7777 7677
9 7677 7777 7778 7678
9 7678 7778 7779 7679
9 7679 7779 7780 7680
9 7680 7780 7781 7681
9 7681 7781 7782 7682
9 7682 7782 7783 7683
9 7683 7783 7784 7684
9 7684 7784 7785 7685
9 7685 7785 7786 7686
9 7686 7786 7787 7687
9 7687 7787 7788 7688
9 7688 7788 7789 7689
9 7689 7789 7790 7690
9 7690 7790 7791 7691
9 7691 7791 7792 7692
9 7692 7792 7793 7693
9 7693 7793 7794 7694
9 7694 7794 7795 7695
9 7695 7795 7796 7696
9 7696 7796 7797 7697
9 7697 7797 7798 7698
9 7698 7798 7799 7699
9 7700 7800 7801 7701
9 7701 7801 7802 7702
9 7702 7802 7803 7703
9 7703 7803 7804 7704
9 7704 7804 7805 7705
9 7705 7805 7806 7706
9 7706 7806 7807 7707
9 7707 7807 7808 7708
9 7708 7808 7809 7709
9 7709 7809 7810 7710
9 7710 7810 7811 7711
9 7711 7811 7812 7712
9 7712 7812 7813 7713
9 7713 7813 7814 7714
9 7714 7814 7815 7715
9 7715 7815 7816 7716
9 7716 7816 7817 7717
9 7717 7817 7818 7718
9 7718 7818 7819 7719
9 7719 7819 7820 7720
9 7720 7820 7821 7721
9 7721 7821 7822 7722
9 7722 7822 7823 7723
9 7723 7823 7824 7724
9 7724 7824 7825 7725
9 7725 7825 7826 7726
9 7726 7826 7827 7727
9 7727 7827 7828 7728
9 7728 7828 7829 7729
9 7729 7829 7830 7730
9 7730 7830 7831 7731
9 7731 7831 7832 7732
9 7732 7832 7833 7733
9 7733 7833 7834 7734
9 7734 7834 7835 7735
9 7735 7835 7836 7736
9 7736 7836 7837 7737
9 7737 7837 7838 7738
9 7738 7838 7839 7739
9 7739 7839 7840 7740
9 7740 7840 7841 7741
9 7741 7841 7842 7742
9 7742 7842 7843 7743
9 7743 7843 7844 7744
9 7744 7844 7845 7745
9 7745 7845 7846 7746
9 7746 7846 7847 7747
9 7747 7847 7848 7748
9 7748 7848 7849 7749
9 7749 7849 7850 7750
9 7750 7850 7851 7751
9 7751 7851 7852 7752
9 7752 7852 7853 7753
9 7753 7853 7854 7754
9 7754 7854 7855 7755
9 7755 7855 7856 7756
9 7756 7856 7857 7757
9 7757 7857 7858 7758
9 7758 7858 7859 7759
9 7759 7859 7860 7760
9 7760 7860 7861 7761
9 7761 7861 7862 7762
9 7762 7862 7863 7763
9 7763 7863 7864 7764
9 7764 7864 7865 7765
9 7765 7865 7866 7766
9 7766 7866 7867 7767
9 7767 7867 7868 7768
9 7768 7868 7869 7769
9 7769 7869 7870 7770
9 7770 7870 7871 7771
9 7771 7871 7872 7772
9 7772 7872 7873 7773
9 7773 7873 7874 7774
9 7774 7874 7875 7775
9 7775 7875 7876 7776
9 7776 7876 7877 7777
9 7777 7877 7878 7778
9 7778 7878 7879 7779
9 7779 7879 7880 7780
9 7780 7880 7881 7781
9 7781 7881 7882 7782
9 7782 7882 7883 7783
9 7783 7883 7884 7784
9 7784 7884 7885 7785
9 7785 7885 7886 7786
9 7786 7886 7887 7787
9 7787 7887 7888 7788
9 7788 7888 7889 7789
9 7789 7889 7890 7790
9 7790 7890 7891 7791
9 7791 7891 7892 7792
9 7792 7892 7893 7793
9 7793 7893 7894 7794
9 7794 7894 7895 7795
9 7795 7895 7896 7796
9 7796 7896 7897 7797
9 7797 7897 7898 7798
9 7798 7898 7899 7799
9 7800 7900 7901 7801
9 7801 7901 7902 7802
9 7802 7902 7903 7803
9 7803 7903 7904 7804
9 7804 7904 7905 7805
9 7805 7905 7906 7806
9 7806 7906 7907 7807
9 7807 7907 7908 7808
9 7808 7908 7909 7809
9 7809 7909 7910 7810
9 7810 7910 7911 7811
9 7811 7911 7912 7812
9 7812 7912 7913 7813
9 7813 7913 7914 7814
9 7814 7914 7915 7815
9 7815 7915 7916 7816
9 7816 7916 7917 7817
9 7817 7917 7918 7818
9 7818 7918 7919 7819
9 7819 7919 7920 7820
9 7820 7920 7921 7821
9 7821 7921 7922 7822
9 7822 7922 7923 7823
9 7823 7923 7924 7824
9 7824 7924 7925 7825
9 7825 7925 7926 7826
9 7826 7926 7927 7827
9 7827 7927 7928 7828
9 7828 7928 7929 7829
9 7829 7929 7930 7830
9 7830 7930 7931 7831
9 7831 7931 7932 7832
9 7832 7932 7933 7833
9 7833 7933 7934 7834
9 7834 7934 7935 7835
9 7835 7935 7936 7836
9 7836 7936 7937 7837
9 7837 7937 7938 7838
9 7838 7938 7939 7839
9 7839 7939 7940 7840
9 7840 7940 7941 7841
9 7841 7941 7942 7842
9 7842 7942 7943 7843
9 7843 7943 7944 7844
9 7844 7944 7945 7845
9 7845 7945 7946 7846
9 7846 7946 7947 7847
9 7847 7947 7948 7848
9 7848 7948 7949 7849
9 7849 7949 7950 7850
9 7850 7950 7951 7851
9 7851 7951 7952 7852
9 7852 7952 7953 7853
9 7853 7953 7954 7854
9 7854 7954 7955 7855
9 7855 7955 7956 7856
9 7856 7956 7957 7857
9 7857 7957 7958 7858
9 7858 7958 7959 7859
9 7859 7959 7960 7860
9 7860 7960 7961 7861
9 7861 7961 7962 7862
9 7862 7962 7963 7863
9 7863 7963 7964 7864
9 7864 7964 7965 7865
9 7865 7965 7966 7866
9 7866 7966 7967 7867
9 7867 7967 7968 7868
9 7868 7968 7969 7869
9 7869 7969 7970 7870
9 7870 7970 7971 7871
9 7871 7971 7972 7872
9 7872 7972 7973 7873
9 7873 7973 7974 7874
9 7874 7974 7975 7875
9 7875 7975 7976 7876
9 7876 7976 7977 7877
9 7877 7977 7978 7878
9 7878 7978 7979 7879
9 7879 7979 7980 7880
9 7880 7980 7981 7881
9 7881 7981 7982 7882
9 7882 7982 7983 7883
9 7883 7983 7984 7884
9 7884 7984 7985 7885
9 7885 7985 7986 7886
9 7886 7986 7987 7887
9 7887 7987 7988 7888
9 7888 7988 7989 7889
9 7889 7989 7990 7890
9 7890 7990 7991 7891
9 7891 7991 7992 7892
9 7892 7992 7993 7893
9 7893 7993 7994 7894
9 7894 7994 7995 7895
9 7895 7995 7996 7896
9 7896 7996 7997 7897
9 7897 7997 7998 7898
9 7898 7998 7999 7899
9 7900 8000 8001 7901
9 7901 8001 8002 7902
9 7902 8002 8003 7903
9 7903 8003 8004 7904
9 7904 8004 8005 7905
9 7905 8005 8006 7906
9 7906 8006 8007 7907
9 7907 8007 8008 7908
9 7908 8008 8009 7909
9 7909 8009 8010 7910
9 7910 8010 8011 7911
9 7911 8011 8012 7912
9 7912 8012 8013 7913
9 7913 8013 8014 7914
9 7914 8014 8015 7915
9 7915 8015 8016 7916
9 7916 8016 8017 7917
9 7917 8017 8018 7918
9 7918 8018 8019 7919
9 7919 8019 8020 7920
9 7920 8020 8021 7921
9 7921 8021 8022 7922
9 7922 8022 8023 7923
9 7923 8023 8024 7924
9 7924 8024 8025 7925
9 7925 8025 8026 7926
9 7926 8026 8027 7927
9 7927 8027 8028 7928
9 7928 8028 8029 7929
9 7929 8029 8030 7930
9 7930 8030 8031 7931
9 7931 8031 8032 7932
9 7932 8032 8033 7933
9 7933 8033 8034 7934
9 7934 8034 8035 7935
9 7935 8035 8036 7936
9 7936 8036 8037 7937
9 7937 8037 8038 7938
9 7938 8038 8039 7939
9 7939 8039 8040 7940
9 7940 8040 8041 7941
9 7941 8041 8042 7942
9 7942 8042 8043 7943
9 7943 8043 8044 7944
9 7944 8044 8045 7945
9 7945 8045 8046 7946
9 7946 8046 8047 7947
9 7947 8047 8048 7948
9 7948 8048 8049 7949
9 7949 8049 8050 7950
9 7950 8050 8051 7951
9 7951 8051 8052 7952
9 7952 8052 8053 7953
9 7953 8053 8054 7954
9 7954 8054 8055 7955
9 7955 8055 8056 7956
9 7956 8056 8057 7957
9 7957 8057 8058 7958
9 7958 8058 8059 7959
9 7959 8059 8060 7960
9 7960 8060 8061 7961
9 7961 8061 8062 7962
9 7962 8062 8063 7963
9 7963 8063 8064 7964
9 7964 8064 8065 7965
9 7965 8065 8066 7966
9 7966 8066 8067 7967
9 7967 8067 8068 7968
9 7968 8068 8069 7969
9 7969 8069 8070 7970
9 7970 8070 8071 7971
9 7971 8071 8072 7972
9 7972 8072 8073 7973
9 7973 8073 8074 7974
9 7974 8074 8075 7975
9 7975 8075 8076 7976
9 7976 8076 8077 7977
9 7977 8077 8078 7978
9 7978 8078 8079 7979
9 7979 8079 8080 7980
9 7980 8080 8081 7981
9 7981 8081 8082 7982
9 7982 8082 8083 7983
9 7983 8083 8084 7984
9 7984 8084 8085 7985
9 7985 8085 8086 7986
9 7986 8086 8087 7987
9 7987 8087 8088 7988
9 7988 8088 8089 7989
9 7989 8089 8090 7990
9 7990 8090 8091 7991
9 7991 8091 8092 7992
9 7992 8092 8093 7993
9 7993 8093 8094 7994
9 7994 8094 8095 7995
9 7995 8095 8096 7996
9 7996 8096 8097 7997
9 7997 8097 8098 7998
9 7998 8098 8099 7999
9 8000 8100 8101 8001
9 8001 8101 8102 8002
9 8002 8102 8103 8003
9 8003 8103 8104 8004
9 8004 8104 8105 8005
9 8005 8105 8106 8006
9 8006 8106 8107 8007
9 8007 8107 8108 8008
9 8008 8108 8109 8009
9 8009 8109 8110 8010
9 8010 8110 8111 8011
9 8011 8111 8112 8012
9 8012 8112 8113 8013
9 8013 8113 8114 8014
9 8014 8114 8115 8015
9 8015 8115 8116 8016
9 8016 8116 8117 8017
9 8017 8117 8118 8018
9 8018 8118 8119 8019
9 8019 8119 8120 8020
9 8020 8120 8121 8021
9 8021 8121 8122 8022
9 8022 8122 8123 8023
9 8023 8123 8124 8024
9 8024 8124 8125 8025
9 8025 8125 8126 8026
9 8026 8126 8127 8027
9 8027 8127 8128 8028
9 8028 8128 8129 8029
9 8029 8129 8130 8030
9 8030 8130 8131 8031
9 8031 8131 8132 8032
9 8032 8132 8133 8033
9 8033 8133 8134 8034
9 8034 8134 8135 8035
9 8035 8135 8136 8036
9 8036 8136 8137 8037
9 8037 8137 8138 8038
9 8038 8138 8139 8039
9 8039 8139 8140 8040
9 8040 8140 8141 8041
9 8041 8141 8142 8042
9 8042 8142 8143 8043
9 8043 8143 8144 8044
9 8044 8144 8145 8045
9 8045 8145 8146 8046
9 8046 8146 8147 8047
9 8047 8147 8148 8048
9 8048 8148 8149 8049
9 8049 8149 8150 8050
9 8050 8150 8151 8051
9 8051 8151 8152 8052
9 8052 8152 8153 8053
9 8053 8153 8154 8054
9 8054 8154 8155 8055
9 8055 8155 8156 8056
9 8056 8156 8157 8057
9 8057 8157 8158 8058
9 8058 8158 8159 8059
9 8059 8159 8160 8060
9 8060 8160 8161 8061
9 8061 8161 8162 8062
9 8062 8162 8163 8063
9 8063 8163 8164 8064
9 8064 8164 8165 8065
9 8065 8165 8166 8066
9 8066 8166 8167 8067
9 8067 8167 8168 8068
9 8068 8168 8169 8069
9 8069 8169 8170 8070
9 8070 8170 8171 8071
9 8071 8171 8172 8072
9 8072 8172 8173 8073
9 8073 8173 8174 8074
9 8074 8174 8175 8075
9 8075 8175 8176 8076
9 8076 8176 8177 8077
9 8077 8177 8178 8078
9 8078 8178 8179 8079
9 8079 8179 8180 8080
9 8080 8180 8181 8081
9 8081 8181 8182 8082
9 8082 8182 8183 8083
9 8083 8183 8184 8084
9 8084 8184 8185 8085
9 8085 8185 8186 8086
9 8086 8186 8187 8087
9 8087 8187 8188 8088
9 8088 8188 8189 8089
9 8089 8189 8190 8090
9 8090 8190 8191 8091
9 8091 8191 8192 8092
9 8092 8192 8193 8093
9 8093 8193 8194 8094
9 8094 8194 8195 8095
9 8095 8195 8196 8096
9 8096 8196 8197 8097
9 8097 8197 8198 8098
9 8098 8198 8199 8099
9 8100 8200 8201 8101
9 8101 8201 8202 8102
9 8102 8202 8203 8103
9 8103 8203 8204 8104
9 8104 8204 8205 8105
9 8105 8205 8206 8106
9 8106 8206 8207 8107
9 8107 8207 8208 8108
9 8108 8208 8209 8109
9 8109 8209 8210 8110
9 8110 8210 8211 8111
9 8111 8211 8212 8112
9 8112 8212 8213 8113
9 8113 8213 8214 8114
9 8114 8214 8215 8115
9 8115 8215 8216 8116
9 8116 8216 8217 8117
9 8117 8217 8218 8118
9 8118 8218 8219 8119
9 8119 8219 8220 8120
9 8120 8220 8221 8121
9 8121 8221 8222 8122
9 8122 8222 8223 8123
9 8123 8223 8224 8124
9 8124 8224 8225 8125
9 8125 8225 8226 8126
9 8126 8226 8227 8127
9 8127 8227 8228 8128
9 8128 8228 8229 8129
9 8129 8229 8230 8130
9 8130 8230 8231 8131
9 8131 8231 8232 8132
9 8132 8232 8233 8133
9 8133 8233 8234 8134
9 8134 8234 8235 8135
9 8135 8235 8236 8136
9 8136 8236 8237 8137
9 8137 8237 8238 8138
9 8138 8238 8239 8139
9 8139 8239 8240 8140
9 8140 8240 8241 8141
9 8141 8241 8242 8142
9 8142 8242 8243 8143
9 8143 8243 8244 8144
9 8144 8244 8245 8145
9 8145 8245 8246 8146
9 8146 8246 8247 8147
9 8147 8247 8248 8148
9 8148 8248 8249 8149
9 8149 8249 8250 8150
9 8150 8250 8251 8151
9 8151 8251 8252 8152
9 8152 8252 8253 8153
9 8153 8253 8254 8154
9 8154 8254 8255 8155
9 8155 8255 8256 8156
9 8156 8256 8257 8157
9 8157 8257 8258 8158
9 8158 8258 8259 8159
9 8159 8259 8260 8160
9 8160 8260 8261 8161
9 8161 8261 8262 8162
9 8162 8262 8263 8163
9 8163 8263 8264 8164
9 8164 8264 8265 8165
9 8165 8265 8266 8166
9 8166 8266 8267 8167
9 8167 8267 8268 8168
9 8168 8268 8269 8169
9 8169 8269 8270 8170
9 8170 8270 8271 8171
9 8171 8271 8272 8172
9 8172 8272 8273 8173
9 8173 8273 8274 8174
9 8174 8274 8275 8175
9 8175 8275 8276 8176
9 8176 8276 8277 8177
9 8177 8277 8278 8178
9 8178 8278 8279 8179
9 8179 8279 8280 8180
9 8180 8280 8281 8181
9 8181 8281 8282 8182
9 8182 8282 8283 8183
9 8183 8283 8284 8184
9 8184 8284 8285 8185
9 8185 8285 8286 8186
9 8186 8286 8287 8187
9 8187 8287 8288 8188
9 8188 8288 8289 8189
9 8189 8289 8290 8190
9 8190 8290 8291 8191
9 8191 8291 8292 8192
9 8192 8292 8293 8193
9 8193 8293 8294 8194
9 8194 8294 8295 8195
9 8195 8295 8296 8196
9 8196 8296 8297 8197
9 8197 8297 8298 8198
9 8198 8298 8299 8199
9 8200 8300 8301 8201
9 8201 8301 8302 8202
9 8202 8302 8303 8203
9 8203 8303 8304 8204
9 8204 8304 8305 8205
9 8205 8305 8306 8206
9 8206 8306 8307 8207
9 8207 8307 8308 8208
9 8208 8308 8309 8209
9 8209 8309 8310 8210
9 8210 8310 8311 8211
9 8211 8311 8312 8212
9 8212 8312 8313 8213
9 8213 8313 8314 8214
9 8214 8314 8315 8215
9 8215 8315 8316 8216
9 8216 8316 8317 8217
9 8217 8317 8318 8218
9 8218 8318 8319 8219
9 8219 8319 8320 8220
9 8220 8320 8321 8221
9 8221 8321 8322 8222
9 8222 8322 8323 8223
9 8223 8323 8324 8224
9 8224 8324 8325 8225
9 8225 8325 8326 8226
9 8226 8326 8327 8227
9 8227 8327 8328 8228
9 8228 8328 8329 8229
9 8229 8329 8330 8230
9 8230 8330 8331 8231
9 8231 8331 8332 8232
9 8232 8332 8333 8233
9 8233 8333 8334 8234
9 8234 8334 8335 8235
9 8235 8335 8336 8236
9 8236 8336 8337 8237
9 8237 8337 8338 8238
9 8238 8338 8339 8239
9 8239 8339 8340 8240
9 8240 8340 8341 8241
9 8241 8341 8342 8242
9 8242 8342 8343 8243
9 8243 8343 8344 8244
9 8244 8344 8345 8245
9 8245 8345 8346 8246
9 8246 8346 8347 8247
9 8247 8347 8348 8248
9 8248 8348 8349 8249
9 8249 8349 8350 8250
9 8250 8350 8351 8251
9 8251 8351 8352 8252
9 8252 8352 8353 8253
9 8253 8353 8354 8254
9 8254 8354 8355 8255
9 8255 8355 8356 8256
9 8256 8356 8357 8257
9 8257 8357 8358 8258
9 8258 8358 8359 8259
9 8259 8359 8360 8260
9 8260 8360 8361 8261
9 8261 8361 8362 8262
9 8262 8362 8363 8263
9 8263 8363 8364 8264
9 8264 8364 8365 8265
9 8265 8365 8366 8266
9 8266 8366 8367 8267
9 8267 8367 8368 8268
9 8268 8368 8369 8269
9 8269 8369 8370 8270
9 8270 8370 8371 8271
9 8271 8371 8372 8272
9 8272 8372 8373 8273
9 8273 8373 8374 8274
9 8274 8374 8375 8275
9 8275 8375 8376 8276
9 8276 8376 8377 8277
9 8277 8377 8378 8278
9 8278 8378 8379 8279
9 8279 8379 8380 8280
9 8280 8380 8381 8281
9 8281 8381 8382 8282
9 8282 8382 8383 8283
9 8283 8383 8384 8284
9 8284 8384 8385 8285
9 8285 8385 8386 8286
9 8286 8386 8387 8287
9 8287 8387 8388 8288
9 8288 8388 8389 8289
9 8289 8389 8390 8290
9 8290 8390 8391 8291
9 8291 8391 8392 8292
9 8292 8392 8393 8293
9 8293 8393 8394 8294
9 8294 8394 8395 8295
9 8295 8395 8396 8296
9 8296 8396 8397 8297
9 8297 8397 8398 8298
9 8298 8398 8399 8299
9 8300 8400 8401 8301
9 8301 8401 8402 8302
9 8302 8402 8403 8303
9 8303 8403 8404 8304
9 8304 8404 8405 8305
9 8305 8405 8406 8306
9 8306 8406 8407 8307
9 8307 8407 8408 8308
9 8308 8408 8409 8309
9 8309 8409 8410 8310
9 8310 8410 8411 8311
9 8311 8411 8412 8312
9 8312 8412 8413 8313
9 8313 8413 8414 8314
9 8314 8414 8415 8315
9 8315 8415 8416 8316
9 8316 8416 8417 8317
9 8317 8417 8418 8318
9 8318 8418 8419 8319
9 8319 8419 8420 8320
9 8320 8420 8421 8321
9 8321 8421 8422 8322
9 8322 8422 8423 8323
9 8323 8423 8424 8324
9 8324 8424 8425 8325
9 8325 8425 8426 8326
9 8326 8426 8427 8327
9 8327 8427 8428 8328
9 8328 8428 8429 8329
9 8329 8429 8430 8330
9 8330 8430 8431 8331
9 8331 8431 8432 8332
9 8332 8432 8433 8333
9 8333 8433 8434 8334
9 8334 8434 8435 8335
9 8335 8435 8436 8336
9 8336 8436 8437 8337
9 8337 8437 8438 8338
9 8338 8438 8439 8339
9 8339 8439 8440 8340
9 8340 8440 8441 8341
9 8341 8441 8442 8342
9 8342 8442 8443 8343
9 8343 8443 8444 8344
9 8344 8444 8445 8345
9 8345 8445 8446 8346
9 8346 8446 8447 8347
9 8347 8447 8448 8348
9 8348 8448 8449 8349
9 8349 8449 8450 8350
9 8350 8450 8451 8351
9 8351 8451 8452 8352
9 8352 8452 8453 8353
9 8353 8453 8454 8354
9 8354 8454 8455 8355
9 8355 8455 8456 8356
9 8356 8456 8457 8357
9 8357 8457 8458 8358
9 8358 8458 8459 8359
9 8359 8459 8460 8360
9 8360 8460 8461 8361
9 8361 8461 8462 8362
9 8362 8462 8463 8363
9 8363 8463 8464 8364
9 8364 8464 8465 8365
9 8365 8465 8466 8366
9 8366 8466 8467 8367
9 8367 8467 8468 8368
9 8368 8468 8469 8369
9 8369 8469 8470 8370
9 8370 8470 8471 8371
9 8371 8471 8472 8372
9 8372 8472 8473 8373
9 8373 8473 8474 8374
9 8374 8474 8475 8375
9 8375 8475 8476 8376
9 8376 8476 8477 8377
9 8377 8477 8478 8378
9 8378 8478 8479 8379
9 8379 8479 8480 8380
9 8380 8480 8481 8381
9 8381 8481 8482 8382
9 8382 8482 8483 8383
9 8383 8483 8484 8384
9 8384 8484 8485 8385
9 8385 8485 8486 8386
9 8386 8486 8487 8387
9 8387 8487 8488 8388
9 8388 8488 8489 8389
9 8389 8489 8490 8390
9 8390 8490 8491 8391
9 8391 8491 8492 8392
9 8392 8492 8493 8393
9 8393 8493 8494 8394
9 8394 8494 8495 8395
9 8395 8495 8496 8396
9 8396 8496 8497 8397
9 8397 8497 8498 8398
9 8398 8498 8499 8399
9 8400 8500 8501 8401
9 8401 8501 8502 8402
9 8402 8502 8503 8403
9 8403 8503 8504 8404
9 8404 8504 8505 8405
9 8405 8505 8506 8406
9 8406 8506 8507 8407
9 8407 8507 8508 8408
9 8408 8508 8509 8409
9 8409 8509 8510 8410
9 8410 8510 8511 8411
9 8411 8511 8512 8412
9 8412 8512 8513 8413
9 8413 8513 8514 8414
9 8414 8514 8515 8415
9 8415 8515 8516 8416
9 8416 8516 8517 8417
9 8417 8517 8518 8418
9 8418 8518 8519 8419
9 8419 8519 8520 8420
9 8420 8520 8521 8421
9 8421 8521 8522 8422
9 8422 8522 8523 8423
9 8423 8523 8524 8424
9 8424 8524 8525 8425
9 8425 8525 8526 8426
9 8426 8526 8527 8427
9 8427 8527 8528 8428
9 8428 8528 8529 8429
9 8429 8529 8530 8430
9 8430 8530 8531 8431
9 8431 8531 8532 8432
9 8432 8532 8533 8433
9 8433 8533 8534 8434
9 8434 8534 8535 8435
9 8435 8535 8536 8436
9 8436 8536 8537 8437
9 8437 8537 8538 8438
9 8438 8538 8539 8439
9 8439 8539 8540 8440
9 8440 8540 8541 8441
9 8441 8541 8542 8442
9 8442 8542 8543 8443
9 8443 8543 8544 8444
9 8444 8544 8545 8445
9 8445 8545 8546 8446
9 8446 8546 8547 8447
9 8447 8547 8548 8448
9 8448 8548 8549 8449
9 8449 8549 8550 8450
9 8450 8550 8551 8451
9 8451 8551 8552 8452
9 8452 8552 8553 8453
9 8453 8553 8554 8454
9 8454 8554 8555 8455
9 8455 8555 8556 8456
9 8456 8556 8557 8457
9 8457 8557 8558 8458
9 8458 8558 8559 8459
9 8459 8559 8560 8460
9 8460 8560 8561 8461
9 8461 8561 8562 8462
9 8462 8562 8563 8463
9 8463 8563 8564 8464
9 8464 8564 8565 8465
9 8465 8565 8566 8466
9 8466 8566 8567 8467
9 8467 8567 8568 8468
9 8468 8568 8569 8469
9 8469 8569 8570 8470
9 8470 8570 8571 8471
9 8471 8571 8572 8472
9 8472 8572 8573 8473
9 8473 8573 8574 8474
9 8474 8574 8575 8475
9 8475 8575 8576 8476
9 8476 8576 8577 8477
9 8477 8577 8578 8478
9 8478 8578 8579 8479
9 8479 8579 8580 8480
9 8480 8580 8581 8481
9 8481 8581 8582 8482
9 8482 8582 8583 8483
9 8483 8583 8584 8484
9 8484 8584 8585 8485
9 8485 8585 8586 8486
9 8486 8586 8587 8487
9 8487 8587 8588 8488
9 8488 8588 8589 8489
9 8489 8589 8590 8490
9 8490 8590 8591 8491
9 8491 8591 8592 8492
9 8492 8592 8593 8493
9 8493 8593 8594 8494
9 8494 8594 8595 8495
9 8495 8595 8596 8496
9 8496 8596 8597 8497
9 8497 8597 8598 8498
9 8498 8598 8599 8499
9 8500 8600 8601 8501
9 8501 8601 8602 8502
9 8502 8602 8603 8503
9 8503 8603 8604 8504
9 8504 8604 8605 8505
9 8505 8605 8606 8506
9 8506 8606 8607 8507
9 8507 8607 8608 8508
9 8508 8608 8609 8509
9 8509 8609 8610 8510
9 8510 8610 8611 8511
9 8511 8611 8612 8512
9 8512 8612 8613 8513
9 8513 8613 8614 8514
9 8514 8614 8615 8515
9 8515 8615 8616 8516
9 8516 8616 8617 8517
9 8517 8617 8618 8518
9 8518 8618 8619 8519
9 8519 8619 8620 8520
9 8520 8620 8621 8521
9 8521 8621 8622 8522
9 8522 8622 8623 8523
9 8523 8623 8624 8524
9 8524 8624 8625 8525
9 8525 8625 8626 8526
9 8526 8626 8627 8527
9 8527 8627 8628 8528
9 8528 8628 8629 8529
9 8529 8629 8630 8530
9 8530 8630 8631 8531
9 8531 8631 8632 8532
9 8532 8632 8633 8533
9 8533 8633 8634 8534
9 8534 8634 8635 8535
9 8535 8635 8636 8536
9 8536 8636 8637 8537
9 8537 8637 8638 8538
9 8538 8638 8639 8539
9 8539 8639 8640 8540
9 8540 8640 8641 8541
9 8541 8641 8642 8542
9 8542 8642 8643 8543
9 8543 8643 8644 8544
9 8544 8644 8645 8545
9 8545 8645 8646 8546
9 8546 8646 8647 8547
9 8547 8647 8648 8548
9 8548 8648 8649 8549
9 8549 8649 8650 8550
9 8550 8650 8651 8551
9 8551 8651 8652 8552
9 8552 8652 8653 8553
9 8553 8653 8654 8554
9 8554 8654 8655 8555
9 8555 8655 8656 8556
9 8556 8656 8657 8557
9 8557 8657 8658 8558
9 8558 8658 8659 8559
9 8559 8659 8660 8560
9 8560 8660 8661 8561
9 8561 8661 8662 8562
9 8562 8662 8663 8563
9 8563 8663 8664 8564
9 8564 8664 8665 8565
9 8565 8665 8666 8566
9 8566 8666 8667 8567
9 8567 8667 8668 8568
9 8568 8668 8669 8569
9 8569 8669 8670 8570
9 8570 8670 8671 8571
9 8571 8671 8672 8572
9 8572 8672 8673 8573
9 8573 8673 8674 8574
9 8574 8674 8675 8575
9 8575 8675 8676 8576
9 8576 8676 8677 8577
9 8577 8677 8678 8578
9 8578 8678 8679 8579
9 8579 8679 8680 8580
9 8580 8680 8681 8581
9 8581 8681 8682 8582
9 8582 8682 8683 8583
9 8583 8683 8684 8584
9 8584 8684 8685 8585
9 8585 8685 8686 8586
9 8586 8686 8687 8587
9 8587 8687 8688 8588
9 8588 8688 8689 8589
9 8589 8689 8690 8590
9 8590 8690 8691 8591
9 8591 8691 8692 8592
9 8592 8692 8693 8593
9 8593 8693 8694 8594
9 8594 8694 8695 8595
9 8595 8695 8696 8596
9 8596 8696 8697 8597
9 8597 8697 8698 8598
9 8598 8698 8699 8599
9 8600 8700 8701 8601
9 8601 8701 8702 8602
9 8602 8702 8703 8603
9 8603 8703 8704 8604
9 8604 8704 8705 8605
9 8605 8705 8706 8606
9 8606 8706 8707 8607
9 8607 8707 8708 8608
9 8608 8708 8709 8609
9 8609 8709 8710 8610
9 8610 8710 8711 8611
9 8611 8711 8712 8612
9 8612 8712 8713 8613
9 8613 8713 8714 8614
9 8614 8714 8715 8615
9 8615 8715 8716 8616
9 8616 8716 8717 8617
9 8617 8717 8718 8618
9 8618 8718 8719 8619
9 8619 8719 8720 8620
9 8620 8720 8721 8621
9 8621 8721 8722 8622
9 8622 8722 8723 8623
9 8623 8723 8724 8624
9 8624 8724 8725 8625
9 8625 8725 8726 8626
9 8626 8726 8727 8627
9 8627 8727 8728 8628
9 8628 8728 8729 8629
9 8629 8729 8730 8630
9 8630 8730 8731 8631
9 8631 8731 8732 8632
9 8632 8732 8733 8633
9 8633 8733 8734 8634
9 8634 8734 8735 8635
9 8635 8735 8736 8636
9 8636 8736 8737 8637
9 8637 8737 8738 8638
9 8638 8738 8739 8639
9 8639 8739 8740 8640
9 8640 8740 8741 8641
9 8641 8741 8742 8642
9 8642 8742 8743 8643
9 8643 8743 8744 8644
9 8644 8744 8745 8645
9 8645 8745 8746 8646
9 8646 8746 8747 8647
9 8647 8747 8748 8648
9 8648 8748 8749 8649
9 8649 8749 8750 8650
9 8650 8750 8751 8651
9 8651 8751 8752 8652
9 8652 8752 8753 8653
9 8653 8753 8754 8654
9 8654 8754 8755 8655
9 8655 8755 8756 8656
9 8656 8756 8757 8657
9 8657 8757 8758 8658
9 8658 8758 8759 8659
9 8659 8759 8760 8660
9 8660 8760 8761 8661
9 8661 8761 8762 8662
9 8662 8762 8763 8663
9 8663 8763 8764 8664
9 8664 8764 8765 8665
9 8665 8765 8766 8666
9 8666 8766 8767 8667
9 8667 8767 8768 8668
9 8668 8768 8769 8669
9 8669 8769 8770 8670
9 8670 8770 8771 8671
9 8671 8771 8772 8672
9 8672 8772 8773 8673
9 8673 8773 8774 8674
9 8674 8774 8775 8675
9 8675 8775 8776 8676
9 8676 8776 8777 8677
9 8677 8777 8778 8678
9 8678 8778 8779 8679
9 8679 8779 8780 8680
9 8680 8780 8781 8681
9 8681 8781 8782 8682
9 8682 8782 8783 8683
9 8683 8783 8784 8684
9 8684 8784 8785 8685
9 8685 8785 8786 8686
9 8686 8786 8787 8687
9 8687 8787 8788 8688
9 8688 8788 8789 8689
9 8689 8789 8790 8690
9 8690 8790 8791 8691
9 8691 8791 8792 8692
9 8692 8792 8793 8693
9 8693 8793 8794 8694
9 8694 8794 8795 8695
9 8695 8795 8796 8696
9 8696 8796 8797 8697
9 8697 8797 8798 8698
9 8698 8798 8799 8699
9 8700 8800 8801 8701
9 8701 8801 8802 8702
9 8702 8802 8803 8703
9 8703 8803 8804 8704
9 8704 8804 8805 8705
9 8705 8805 8806 8706
9 8706 8806 8807 8707
9 8707 8807 8808 8708
9 8708 8808 8809 8709
9 8709 8809 8810 8710
9 8710 8810 8811 8711
9 8711 8811 8812 8712
9 8712 8812 8813 8713
9 8713 8813 8814 8714
9 8714 8814 8815 8715
9 8715 8815 8816 8716
9 8716 8816 8817 8717
9 8717 8817 8818 8718
9 8718 8818 8819 8719
9 8719 8819 8820 8720
9 8720 8820 8821 8721
9 8721 8821 8822 8722
9 8722 8822 8823 8723
9 8723 8823 8824 8724
9 8724 8824 8825 8725
9 8725 8825 8826 8726
9 8726 8826 8827 8727
9 8727 8827 8828 8728
9 8728 8828 8829 8729
9 8729 8829 8830 8730
9 8730 8830 8831 8731
9 8731 8831 8832 8732
9 8732 8832 8833 8733
9 8733 8833 8834 8734
9 8734 8834 8835 8735
9 8735 8835 8836 8736
9 8736 8836 8837 8737
9 8737 8837 8838 8738
9 8738 8838 8839 8739
9 8739 8839 8840 8740
9 8740 8840 8841 8741
9 8741 8841 8842 8742
9 8742 8842 8843 8743
9 8743 8843 8844 8744
9 8744 8844 8845 8745
9 8745 8845 8846 8746
9 8746 8846 8847 8747
9 8747 8847 8848 8748
9 8748 8848 8849 8749
9 8749 8849 8850 8750
9 8750 8850 8851 8751
9 8751 8851 8852 8752
9 8752 8852 8853 8753
9 8753 8853 8854 8754
9 8754 8854 8855 8755
9 8755 8855 8856 8756
9 8756 8856 8857 8757
9 8757 8857 8858 8758
9 8758 8858 8859 8759
9 8759 8859 8860 8760
9 8760 8860 8861 8761
9 8761 8861 8862 8762
9 8762 8862 8863 8763
9 8763 8863 8864 8764
9 8764 8864 8865 8765
9 8765 8865 8866 8766
9 8766 8866 8867 8767
9 8767 8867 8868 8768
9 8768 8868 8869 8769
9 8769 8869 8870 8770
9 8770 8870 8871 8771
9 8771 8871 8872 8772
9 8772 8872 8873 8773
9 8773 8873 8874 8774
9 8774 8874 8875 8775
9 8775 8875 8876 8776
9 8776 8876 8877 8777
9 8777 8877 8878 8778
9 8778 8878 8879 8779
9 8779 8879 8880 8780
9 8780 8880 8881 8781
9 8781 8881 8882 8782
9 8782 8882 8883 8783
9 8783 8883 8884 8784
9 8784 8884 8885 8785
9 8785 8885 8886 8786
9 8786 8886 8887 8787
9 8787 8887 8888 8788
9 8788 8888 8889 8789
9 8789 8889 8890 8790
9 8790 8890 8891 8791
9 8791 8891 8892 8792
9 8792 8892 8893 8793
9 8793 8893 8894 8794
9 8794 8894 8895 8795
9 8795 8895 8896 8796
9 8796 8896 8897 8797
9 8797 8897 8898 8798
9 8798 8898 8899 8799
9 8800 8900 8901 8801
9 8801 8901 8902 8802
9 8802 8902 8903 8803
9 8803 8903 8904 8804
9 8804 8904 8905 8805
9 8805 8905 8906 8806
9 8806 8906 8907 8807
9 8807 8907 8908 8808
9 8808 8908 8909 8809
9 8809 8909 8910 8810
9 8810 8910 8911 8811
9 8811 8911 8912 8812
9 8812 8912 8913 8813
9 8813 8913 8914 8814
9 8814 8914 8915 8815
9 8815 8915 8916 8816
9 8816 8916 8917 8817
9 8817 8917 8918 8818
9 8818 8918 8919 8819
9 8819 8919 8920 8820
9 8820 8920 8921 8821
9 8821 8921 8922 8822
9 8822 8922 8923 8823
9 8823 8923 8924 8824
9 8824 8924 8925 8825
9 8825 8925 8926 8826
9 8826 8926 8927 8827
9 8827 8927 8928 8828
9 8828 8928 8929 8829
9 8829 8929 8930 8830
9 8830 8930 8931 8831
9 8831 8931 8932 8832
9 8832 8932 8933 8833
9 8833 8933 8934 8834
9 8834 8934 8935 8835
9 8835 8935 8936 8836
9 8836 8936 8937 8837
9 8837 8937 8938 8838
9 8838 8938 8939 8839
9 8839 8939 8940 8840
9 8840 8940 8941 8841
9 8841 8941 8942 8842
9 8842 8942 8943 8843
9 8843 8943 8944 8844
9 8844 8944 8945 8845
9 8845 8945 8946 8846
9 8846 8946 8947 8847
9 8847 8947 8948 8848
9 8848 8948 8949 8849
9 8849 8949 8950 8850
9 8850 8950 8951 8851
9 8851 8951 8952 8852
9 8852 8952 8953 8853
9 8853 8953 8954 8854
9 8854 8954 8955 8855
9 8855 8955 8956 8856
9 8856 8956 8957 8857
9 8857 8957 8958 8858
9 8858 8958 8959 8859
9 8859 8959 8960 8860
9 8860 8960 8961 8861
9 8861 8961 8962 8862
9 8862 8962 8963 8863
9 8863 8963 8964 8864
9 8864 8964 8965 8865
9 8865 8965 8966 8866
9 8866 8966 8967 8867
9 8867 8967 8968 8868
9 8868 8968 8969 8869
9 8869 8969 8970 8870
9 8870 8970 8971 8871
9 8871 8971 8972 8872
9 8872 8972 8973 8873
9 8873 8973 8974 8874
9 8874 8974 8975 8875
9 8875 8975 8976 8876
9 8876 8976 8977 8877
9 8877 8977 8978 8878
9 8878 8978 8979 8879
9 8879 8979 8980 8880
9 8880 8980 8981 8881
9 8881 8981 8982 8882
9 8882 8982 8983 8883
9 8883 8983 8984 8884
9 8884 8984 8985 8885
9 8885 8985 8986 8886
9 8886 8986 8987 8887
9 8887 8987 8988 8888
9 8888 8988 8989 8889
9 8889 8989 8990 8890
9 8890 8990 8991 8891
9 8891 8991 8992 8892
9 8892 8992 8993 8893
9 8893 8993 8994 8894
9 8894 8994 8995 8895
9 8895 8995 8996 8896
9 8896 8996 8997 8897
9 8897 8997 8998 8898
9 8898 8998 8999 8899
9 8900 9000 9001 8901
9 8901 9001 9002 8902
9 8902 9002 9003 8903
9 8903 9003 9004 8904
9 8904 9004 9005 8905
9 8905 9005 9006 8906
9 8906 9006 9007 8907
9 8907 9007 9008 8908
9 8908 9008 9009 8909
9 8909 9009 9010 8910
9 8910 9010 9011 8911
9 8911 9011 9012 8912
9 8912 9012 9013 8913
9 8913 9013 9014 8914
9 8914 9014 9015 8915
9 8915 9015 9016 8916
9 8916 9016 9017 8917
9 8917 9017 9018 8918
9 8918 9018 9019 8919
9 8919 9019 9020 8920
9 8920 9020 9021 8921
9 8921 9021 9022 8922
9 8922 9022 9023 8923
9 8923 9023 9024 8924
9 8924 9024 9025 8925
9 8925 9025 9026 8926
9 8926 9026 9027 8927
9 8927 9027 9028 8928
9 8928 9028 9029 8929
9 8929 9029 9030 8930
9 8930 9030 9031 8931
9 8931 9031 9032 8932
9 8932 9032 9033 8933
9 8933 9033 9034 8934
9 8934 9034 9035 8935
9 8935 9035 9036 8936
9 8936 9036 9037 8937
9 8937 9037 9038 8938
9 8938 9038 9039 8939
9 8939 9039 9040 8940
9 8940 9040 9041 8941
9 8941 9041 9042 8942
9 8942 9042 9043 8943
9 8943 9043 9044 8944
9 8944 9044 9045 8945
9 8945 9045 9046 8946
9 8946 9046 9047 8947
9 8947 9047 9048 8948
9 8948 9048 9049 8949
9 8949 9049 9050 8950
9 8950 9050 9051 8951
9 8951 9051 9052 8952
9 8952 9052 9053 8953
9 8953 9053 9054 8954
9 8954 9054 9055 8955
9 8955 9055 9056 8956
9 8956 9056 9057 8957
9 8957 9057 9058 8958
9 8958 9058 9059 8959
9 8959 9059 9060 8960
9 8960 9060 9061 8961
9 8961 9061 9062 8962
9 8962 9062 9063 8963
9 8963 9063 9064 8964
9 8964 9064 9065 8965
9 8965 9065 9066 8966
9 8966 9066 9067 8967
9 8967 9067 9068 8968
9 8968 9068 9069 8969
9 8969 9069 9070 8970
9 8970 9070 9071 8971
9 8971 9071 9072 8972
9 8972 9072 9073 8973
9 8973 9073 9074 8974
9 8974 9074 9075 8975
9 8975 9075 9076 8976
9 8976 9076 9077 8977
9 8977 9077 9078 8978
9 8978 9078 9079 8979
9 8979 9079 9080 8980
9 8980 9080 9081 8981
9 8981 9081 9082 8982
9 8982 9082 9083 8983
9 8983 9083 9084 8984
9 8984 9084 9085 8985
9 8985 9085 9086 8986
9 8986 9086 9087 8987
9 8987 9087 9088 8988
9 8988 9088 9089 8989
9 8989 9089 9090 8990
9 8990 9090 9091 8991
9 8991 9091 9092 8992
9 8992 9092 9093 8993
9 8993 9093 9094 8994
9 8994 9094 9095 8995
9 8995 9095 9096 8996
9 8996 9096 9097 8997
9 8997 9097 9098 8998
9 8998 9098 9099 8999
9 9000 9100 9101 9001
9 9001 9101 9102 9002
9 9002 9102 9103 9003
9 9003 9103 9104 9004
9 9004 9104 9105 9005
9 9005 9105 9106 9006
9 9006 9106 9107 9007
9 9007 9107 9108 9008
9 9008 9108 9109 9009
9 9009 9109 9110 9010
9 9010 9110 9111 9011
9 9011 9111 9112 9012
9 9012 9112 9113 9013
9 9013 9113 9114 9014
9 9014 9114 9115 9015
9 9015 9115 9116 9016
9 9016 9116 9117 9017
9 9017 9117 9118 9018
9 9018 9118 9119 9019
9 9019 9119 9120 9020
9 9020 9120 9121 9021
9 9021 9121 9122 9022
9 9022 9122 9123 9023
9 9023 9123 9124 9024
9 9024 9124 9125 9025
9 9025 9125 9126 9026
9 9026 9126 9127 9027
9 9027 9127 9128 9028
9 9028 9128 9129 9029
9 9029 9129 9130 9030
9 9030 9130 9131 9031
9 9031 9131 9132 9032
9 9032 9132 9133 9033
9 9033 9133 9134 9034
9 9034 9134 9135 9035
9 9035 9135 9136 9036
9 9036 9136 9137 9037
9 9037 9137 9138 9038
9 9038 9138 9139 9039
9 9039 9139 9140 9040
9 9040 9140 9141 9041
9 9041 9141 9142 9042
9 9042 9142 9143 9043
9 9043 9143 9144 9044
9 9044 9144 9145 9045
9 9045 9145 9146 9046
9 9046 9146 9147 9047
9 9047 9147 9148 9048
9 9048 9148 9149 9049
9 9049 9149 9150 9050
9 9050 9150 9151 9051
9 9051 9151 9152 9052
9 9052 9152 9153 9053
9 9053 9153 9154 9054
9 9054 9154 9155 9055
9 9055 9155 9156 9056
9 9056 9156 9157 9057
9 9057 9157 9158 9058
9 9058 9158 9159 9059
9 9059 9159 9160 9060
9 9060 9160 9161 9061
9 9061 9161 9162 9062
9 9062 9162 9163 9063
9 9063 9163 9164 9064
9 9064 9164 9165 9065
9 9065 9165 9166 9066
9 9066 9166 9167 9067
9 9067 9167 9168 9068
9 9068 9168 9169 9069
9 9069 9169 9170 9070
9 9070 9170 9171 9071
9 9071 9171 9172 9072
9 9072 9172 9173 9073
9 9073 9173 9174 9074
9 9074 9174 9175 9075
9 9075 9175 9176 9076
9 9076 9176 9177 9077
9 9077 9177 9178 9078
9 9078 9178 9179 9079
9 9079 9179 9180 9080
9 9080 9180 9181 9081
9 9081 9181 9182 9082
9 9082 9182 9183 9083
9 9083 9183 9184 9084
9 9084 9184 9185 9085
9 9085 9185 9186 9086
9 9086 9186 9187 9087
9 9087 9187 9188 9088
9 9088 9188 9189 9089
9 9089 9189 9190 9090
9 9090 9190 9191 9091
9 9091 9191 9192 9092
9 9092 9192 9193 9093
9 9093 9193 9194 9094
9 9094 9194 9195 9095
9 9095 9195 9196 9096
9 9096 9196 9197 9097
9 9097 9197 9198 9098
9 9098 9198 9199 9099
9 9100 9200 9201 9101
9 9101 9201 9202 9102
9 9102 9202 9203 9103
9 9103 9203 9204 9104
9 9104 9204 9205 9105
9 9105 9205 9206 9106
9 9106 9206 9207 9107
9 9107 9207 9208 9108
9 9108 9208 9209 9109
9 9109 9209 9210 9110
9 9110 9210 9211 9111
9 9111 9211 9212 9112
9 9112 9212 9213 9113
9 9113 9213 9214 9114
9 9114 9214 9215 9115
9 9115 9215 9216 9116
9 9116 9216 9217 9117
9 9117 9217 9218 9118
9 9118 9218 9219 9119
9 9119 9219 9220 9120
9 9120 9220 9221 9121
9 9121 9221 9222 9122
9 9122 9222 9223 9123
9 9123 9223 9224 9124
9 9124 9224 9225 9125
9 9125 9225 9226 9126
9 9126 9226 9227 9127
9 9127 9227 9228 9128
9 9128 9228 9229 9129
9 9129 9229 9230 9130
9 9130 9230 9231 9131
9 9131 9231 9232 9132
9 9132 9232 9233 9133
9 9133 9233 9234 9134
9 9134 9234 9235 9135
9 9135 9235 9236 9136
9 9136 9236 9237 9137
9 9137 9237 9238 9138
9 9138 9238 9239 9139
9 9139 9239 9240 9140
9 9140 9240 9241 9141
9 9141 9241 9242 9142
9 9142 9242 9243 9143
9 9143 9243 9244 9144
9 9144 9244 9245 9145
9 9145 9245 9246 9146
9 9146 9246 9247 9147
9 9147 9247 9248 9148
9 9148 9248 9249 9149
9 9149 9249 9250 9150
9 9150 9250 9251 9151
9 9151 9251 9252 9152
9 9152 9252 9253 9153
9 9153 9253 9254 9154
9 9154 9254 9255 9155
9 9155 9255 9256 9156
9 9156 9256 9257 9157
9 9157 9257 9258 9158
9 9158 9258 9259 9159
9 9159 9259 9260 9160
9 9160 9260 9261 9161
9 9161 9261 9262 9162
9 9162 9262 9263 9163
9 9163 9263 9264 9164
9 9164 9264 9265 9165
9 9165 9265 9266 9166
9 9166 9266 9267 9167
9 9167 9267 9268 9168
9 9168 9268 9269 9169
9 9169 9269 9270 9170
9 9170 9270 9271 9171
9 9171 9271 9272 9172
9 9172 9272 9273 9173
9 9173 9273 9274 9174
9 9174 9274 9275 9175
9 9175 9275 9276 9176
9 9176 9276 9277 9177
9 9177 9277 9278 9178
9 9178 9278 9279 9179
9 9179 9279 9280 9180
9 9180 9280 9281 9181
9 9181 9281 9282 9182
9 9182 9282 9283 9183
9 9183 9283 9284 9184
9 9184 9284 9285 9185
9 9185 9285 9286 9186
9 9186 9286 9287 9187
9 9187 9287 9288 9188
9 9188 9288 9289 9189
9 9189 9289 9290 9190
9 9190 9290 9291 9191
9 9191 9291 9292 9192
9 9192 9292 9293 9193
9 9193 9293 9294 9194
9 9194 9294 9295 9195
9 9195 9295 9296 9196
9 9196 9296 9297 9197
9 9197 9297 9298 9198
9 9198 9298 9299 9199
9 9200 9300 9301 9201
9 9201 9301 9302 9202
9 9202 9302 9303 9203
9 9203 9303 9304 9204
9 9204 9304 9305 9205
9 9205 9305 9306 9206
9 9206 9306 9307 9207
9 9207 9307 9308 9208
9 9208 9308 9309 9209
9 9209 9309 9310 9210
9 9210 9310 9311 9211
9 9211 9311 9312 9212
9 9212 9312 9313 9213
9 9213 9313 9314 9214
9 9214 9314 9315 9215
9 9215 9315 9316 9216
9 9216 9316 9317 9217
9 9217 9317 9318 9218
9 9218 9318 9319 9219
9 9219 9319 9320 9220
9 9220 9320 9321 9221
9 9221 9321 9322 9222
9 9222 9322 9323 9223
9 9223 9323 9324 9224
9 9224 9324 9325 9225
9 9225 9325 9326 9226
9 9226 9326 9327 9227
9 9227 9327 9328 9228
9 9228 9328 9329 9229
9 9229 9329 9330 9230
9 9230 9330 9331 9231
9 9231 9331 9332 9232
9 9232 9332 9333 9233
9 9233 9333 9334 9234
9 9234 9334 9335 9235
9 9235 9335 9336 9236
9 9236 9336 9337 9237
9 9237 9337 9338 9238
9 9238 9338 9339 9239
9 9239 9339 9340 9240
9 9240 9340 9341 9241
9 9241 9341 9342 9242
9 9242 9342 9343 9243
9 9243 9343 9344 9244
9 9244 9344 9345 9245
9 9245 9345 9346 9246
9 9246 9346 9347 9247
9 9247 9347 9348 9248
9 9248 9348 9349 9249
9 9249 9349 9350 9250
9 9250 9350 9351 9251
9 9251 9351 9352 9252
9 9252 9352 9353 9253
9 9253 9353 9354 9254
9 9254 9354 9355 9255
9 9255 9355 9356 9256
9 9256 9356 9357 9257
9 9257 9357 9358 9258
9 9258 9358 9359 9259
9 9259 9359 9360 9260
9 9260 9360 9361 9261
9 9261 9361 9362 9262
9 9262 9362 9363 9263
9 9263 9363 9364 9264
9 9264 9364 9365 9265
9 9265 9365 9366 9266
9 9266 9366 9367 9267
9 9267 9367 9368 9268
9 9268 9368 9369 9269
9 9269 9369 9370 9270
9 9270 9370 9371 9271
9 9271 9371 9372 9272
9 9272 9372 9373 9273
9 9273 9373 9374 9274
9 9274 9374 9375 9275
9 9275 9375 9376 9276
9 9276 9376 9377 9277
9 9277 9377 9378 9278
9 9278 9378 9379 9279
9 9279 9379 9380 9280
9 9280 9380 9381 9281
9 9281 9381 9382 9282
9 9282 9382 9383 9283
9 9283 9383 9384 9284
9 9284 9384 9385 9285
9 9285 9385 9386 9286
9 9286 9386 9387 9287
9 9287 9387 9388 9288
9 9288 9388 9389 9289
9 9289 9389 9390 9290
9 9290 9390 9391 9291
9 9291 9391 9392 9292
9 9292 9392 9393 9293
9 9293 9393 9394 9294
9 9294 9394 9395 9295
9 9295 9395 9396 9296
9 9296 9396 9397 9297
9 9297 9397 9398 9298
9 9298 9398 9399 9299
9 9300 9400 9401 9301
9 9301 9401 9402 9302
9 9302 9402 9403 9303
9 9303 9403 9404 9304
9 9304 9404 9405 9305
9 9305 9405 9406 9306
9 9306 9406 9407 9307
9 9307 9407 9408 9308
9 9308 9408 9409 9309
9 9309 9409 9410 9310
9 9310 9410 9411 9311
9 9311 9411 9412 9312
9 9312 9412 9413 9313
9 9313 9413 9414 9314
9 9314 9414 9415 9315
9 9315 9415 9416 9316
9 9316 9416 9417 9317
9 9317 9417 9418 9318
9 9318 9418 9419 9319
9 9319 9419 9420 9320
9 9320 9420 9421 9321
9 9321 9421 9422 9322
9 9322 9422 9423 9323
9 9323 9423 9424 9324
9 9324 9424 9425 9325
9 9325 9425 9426 9326
9 9326 9426 9427 9327
9 9327 9427 9428 9328
9 9328 9428 9429 9329
9 9329 9429 9430 9330
9 9330 9430 9431 9331
9 9331 9431 9432 9332
9 9332 9432 9433 9333
9 9333 9433 9434 9334
9 9334 9434 9435 9335
9 9335 9435 9436 9336
9 9336 9436 9437 9337
9 9337 9437 9438 9338
9 9338 9438 9439 9339
9 9339 9439 9440 9340
9 9340 9440 9441 9341
9 9341 9441 9442 9342
9 9342 9442 9443 9343
9 9343 9443 9444 9344
9 9344 9444 9445 9345
9 9345 9445 9446 9346
9 9346 9446 9447 9347
9 9347 9447 9448 9348
9 9348 9448 9449 9349
9 9349 9449 9450 9350
9 9350 9450 9451 9351
9 9351 9451 9452 9352
9 9352 9452 9453 9353
9 9353 9453 9454 9354
9 9354 9454 9455 9355
9 9355 9455 9456 9356
9 9356 9456 9457 9357
9 9357 9457 9458 9358
9 9358 9458 9459 9359
9 9359 9459 9460 9360
9 9360 9460 9461 9361
9 9361 9461 9462 9362
9 9362 9462 9463 9363
9 9363 9463 9464 9364
9 9364 9464 9465 9365
9 9365 9465 9466 9366
9 9366 9466 9467 9367
9 9367 9467 9468 9368
9 9368 9468 9469 9369
9 9369 9469 9470 9370
9 9370 9470 9471 9371
9 9371 9471 9472 9372
9 9372 9472 9473 9373
9 9373 9473 9474 9374
9 9374 9474 9475 9375
9 9375 9475 9476 9376
9 9376 9476 9477 9377
9 9377 9477 9478 9378
9 9378 9478 9479 9379
9 9379 9479 9480 9380
9 9380 9480 9481 9381
9 9381 9481 9482 9382
9 9382 9482 9483 9383
9 9383 9483 9484 9384
9 9384 9484 9485 9385
9 9385 9485 9486 9386
9 9386 9486 9487 9387
9 9387 9487 9488 9388
9 9388 9488 9489 9389
9 9389 9489 9490 9390
9 9390 9490 9491 9391
9 9391 9491 9492 9392
9 9392 9492 9493 9393
9 9393 9493 9494 9394
9 9394 9494 9495 9395
9 9395 9495 9496 9396
9 9396 9496 9497 9397
9 9397 9497 9498 9398
9 9398 9498 9499 9399
9 9400 9500 9501 9401
9 9401 9501 9502 9402
9 9402 9502 9503 9403
9 9403 9503 9504 9404
9 9404 9504 9505 9405
9 9405 9505 9506 9406
9 9406 9506 9507 9407
9 9407 9507 9508 9408
9 9408 9508 9509 9409
9 9409 9509 9510 9410
9 9410 9510 9511 9411
9 9411 9511 9512 9412
9 9412 9512 9513 9413
9 9413 9513 9514 9414
9 9414 9514 9515 9415
9 9415 9515 9516 9416
9 9416 9516 9517 9417
9 9417 9517 9518 9418
9 9418 9518 9519 9419
9 9419 9519 9520 9420
9 9420 9520 9521 9421
9 9421 9521 9522 9422
9 9422 9522 9523 9423
9 9423 9523 9524 9424
9 9424 9524 9525 9425
9 9425 9525 9526 9426
9 9426 9526 9527 9427
9 9427 9527 9528 9428
9 9428 9528 9529 9429
9 9429 9529 9530 9430
9 9430 9530 9531 9431
9 9431 9531 9532 9432
9 9432 9532 9533 9433
9 9433 9533 9534 9434
9 9434 9534 9535 9435
9 9435 9535 9536 9436
9 9436 9536 9537 9437
9 9437 9537 9538 9438
9 9438 9538 9539 9439
9 9439 9539 9540 9440
9 9440 9540 9541 9441
9 9441 9541 9542 9442
9 9442 9542 9543 9443
9 9443 9543 9544 9444
9 9444 9544 9545 9445
9 9445 9545 9546 9446
9 9446 9546 9547 9447
9 9447 9547 9548 9448
9 9448 9548 9549 9449
9 9449 9549 9550 9450
9 9450 9550 9551 9451
9 9451 9551 9552 9452
9 9452 9552 9553 9453
9 9453 9553 9554 9454
9 9454 9554 9555 9455
9 9455 9555 9556 9456
9 9456 9556 9557 9457
9 9457 9557 9558 9458
9 9458 9558 9559 9459
9 9459 9559 9560 9460
9 9460 9560 9561 9461
9 9461 9561 9562 9462
9 9462 9562 9563 9463
9 9463 9563 9564 9464
9 9464 9564 9565 9465
9 9465 9565 9566 9466
9 9466 9566 9567 9467
9 9467 9567 9568 9468
9 9468 9568 9569 9469
9 9469 9569 9570 9470
9 9470 9570 9571 9471
9 9471 9571 9572 9472
9 9472 9572 9573 9473
9 9473 9573 9574 9474
9 9474 9574 9575 9475
9 9475 9575 9576 9476
9 9476 9576 9577 9477
9 9477 9577 9578 9478
9 9478 9578 9579 9479
9 9479 9579 9580 9480
9 9480 9580 9581 9481
9 9481 9581 9582 9482
9 9482 9582 9583 9483
9 9483 9583 9584 9484
9 9484 9584 9585 9485
9 9485 9585 9586 9486
9 9486 9586 9587 9487
9 9487 9587 9588 9488
9 9488 9588 9589 9489
9 9489 9589 9590 9490
9 9490 9590 9591 9491
9 9491 9591 9592 9492
9 9492 9592 9593 9493
9 9493 9593 9594 9494
9 9494 9594 9595 9495
9 9495 9595 9596 9496
9 9496 9596 9597 9497
9 9497 9597 9598 9498
9 9498 9598 9599 9499
9 9500 9600 9601 9501
9 9501 9601 9602 9502
9 9502 9602 9603 9503
9 9503 9603 9604 9504
9 9504 9604 9605 9505
9 9505 9605 9606 9506
9 9506 9606 9607 9507
9 9507 9607 9608 9508
9 9508 9608 9609 9509
9 9509 9609 9610 9510
9 9510 9610 9611 9511
9 9511 9611 9612 9512
9 9512 9612 9613 9513
9 9513 9613 9614 9514
9 9514 9614 9615 9515
9 9515 9615 9616 9516
9 9516 9616 9617 9517
9 9517 9617 9618 9518
9 9518 9618 9619 9519
9 9519 9619 9620 9520
9 9520 9620 9621 9521
9 9521 9621 9622 9522
9 9522 9622 9623 9523
9 9523 9623 9624 9524
9 9524 9624 9625 9525
9 9525 9625 9626 9526
9 9526 9626 9627 9527
9 9527 9627 9628 9528
9 9528 9628 9629 9529
9 9529 9629 9630 9530
9 9530 9630 9631 9531
9 9531 9631 9632 9532
9 9532 9632 9633 9533
9 9533 9633 9634 9534
9 9534 9634 9635 9535
9 9535 9635 9636 9536
9 9536 9636 9637 9537
9 9537 9637 9638 9538
9 9538 9638 9639 9539
9 9539 9639 9640 9540
9 9540 9640 9641 9541
9 9541 9641 9642 9542
9 9542 9642 9643 9543
9 9543 9643 9644 9544
9 9544 9644 9645 9545
9 9545 9645 9646 9546
9 9546 9646 9647 9547
9 9547 9647 9648 9548
9 9548 9648 9649 9549
9 9549 9649 9650 9550
9 9550 9650 9651 9551
9 9551 9651 9652 9552
9 9552 9652 9653 9553
9 9553 9653 9654 9554
9 9554 9654 9655 9555
9 9555 9655 9656 9556
9 9556 9656 9657 9557
9 9557 9657 9658 9558
9 9558 9658 9659 9559
9 9559 9659 9660 9560
9 9560 9660 9661 9561
9 9561 9661 9662 9562
9 9562 9662 9663 9563
9 9563 9663 9664 9564
9 9564 9664 9665 9565
9 9565 9665 9666 9566
9 9566 9666 9667 9567
9 9567 9667 9668 9568
9 9568 9668 9669 9569
9 9569 9669 9670 9570
9 9570 9670 9671 9571
9 9571 9671 9672 9572
9 9572 9672 9673 9573
9 9573 9673 9674 9574
9 9574 9674 9675 9575
9 9575 9675 9676 9576
9 9576 9676 9677 9577
9 9577 9677 9678 9578
9 9578 9678 9679 9579
9 9579 9679 9680 9580
9 9580 9680 9681 9581
9 9581 9681 9682 9582
9 9582 9682 9683 9583
9 9583 9683 9684 9584
9 9584 9684 9685 9585
9 9585 9685 9686 9586
9 9586 9686 9687 9587
9 9587 9687 9688 9588
9 9588 9688 9689 9589
9 9589 9689 9690 9590
9 9590 9690 9691 9591
9 9591 9691 9692 9592
9 9592 9692 9693 9593
9 9593 9693 9694 9594
9 9594 9694 9695 9595
9 9595 9695 9696 9596
9 9596 9696 9697 9597
9 9597 9697 9698 9598
9 9598 9698 9699 9599
9 9600 9700 9701 9601
9 9601 9701 9702 9602
9 9602 9702 9703 9603
9 9603 9703 9704 9604
9 9604 9704 9705 9605
9 9605 9705 9706 9606
9 9606 9706 9707 9607
9 9607 9707 9708 9608
9 9608 9708 9709 9609
9 9609 9709 9710 9610
9 9610 9710 9711 9611
9 9611 9711 9712 9612
9 9612 9712 9713 9613
9 9613 9713 9714 9614
9 9614 9714 9715 9615
9 9615 9715 9716 9616
9 9616 9716 9717 9617
9 9617 9717 9718 9618
9 9618 9718 9719 9619
9 9619 9719 9720 9620
9 9620 9720 9721 9621
9 9621 9721 9722 9622
9 9622 9722 9723 9623
9 9623 9723 9724 9624
9 9624 9724 9725 9625
9 9625 9725 9726 9626
9 9626 9726 9727 9627
9 9627 9727 9728 9628
9 9628 9728 9729 9629
9 9629 9729 9730 9630
9 9630 9730 9731 9631
9 9631 9731 9732 9632
9 9632 9732 9733 9633
9 9633 9733 9734 9634
9 9634 9734 9735 9635
9 9635 9735 9736 9636
9 9636 9736 9737 9637
9 9637 9737 9738 9638
9 9638 9738 9739 9639
9 9639 9739 9740 9640
9 9640 9740 9741 9641
9 9641 9741 9742 9642
9 9642 9742 9743 9643
9 9643 9743 9744 9644
9 9644 9744 9745 9645
9 9645 9745 9746 9646
9 9646 9746 9747 9647
9 9647 9747 9748 9648
9 9648 9748 9749 9649
9 9649 9749 9750 9650
9 9650 9750 9751 9651
9 9651 9751 9752 9652
9 9652 9752 9753 9653
9 9653 9753 9754 9654
9 9654 9754 9755 9655
9 9655 9755 9756 9656
9 9656 9756 9757 9657
9 9657 9757 9758 9658
9 9658 9758 9759 9659
9 9659 9759 9760 9660
9 9660 9760 9761 9661
9 9661 9761 9762 9662
9 9662 9762 9763 9663
9 9663 9763 9764 9664
9 9664 9764 9765 9665
9 9665 9765 9766 9666
9 9666 9766 9767 9667
9 9667 9767 9768 9668
9 9668 9768 9769 9669
9 9669 9769 9770 9670
9 9670 9770 9771 9671
9 9671 9771 9772 9672
9 9672 9772 9773 9673
9 9673 9773 9774 9674
9 9674 9774 9775 9675
9 9675 9775 9776 9676
9 9676 9776 9777 9677
9 9677 9777 9778 9678
9 9678 9778 9779 9679
9 9679 9779 9780 9680
9 9680 9780 9781 9681
9 9681 9781 9782 9682
9 9682 9782 9783 9683
9 9683 9783 9784 9684
9 9684 9784 9785 9685
9 9685 9785 9786 9686
9 9686 9786 9787 9687
9 9687 9787 9788 9688
9 9688 9788 9789 9689
9 9689 9789 9790 9690
9 9690 9790 9791 9691
9 9691 9791 9792 9692
9 9692 9792 9793 9693
9 9693 9793 9794 9694
9 9694 9794 9795 9695
9 9695 9795 9796 9696
9 9696 9796 9797 9697
9 9697 9797 9798 9698
9 9698 9798 9799 9699
9 9700 9800 9801 9701
9 9701 9801 9802 9702
9 9702 9802 9803 9703
9 9703 9803 9804 9704
9 9704 9804 9805 9705
9 9705 9805 9806 9706
9 9706 9806 9807 9707
9 9707 9807 9808 9708
9 9708 9808 9809 9709
9 9709 9809 9810 9710
9 9710 9810 9811 9711
9 9711 9811 9812 9712
9 9712 9812 9813 9713
9 9713 9813 9814 9714
9 9714 9814 9815 9715
9 9715 9815 9816 9716
9 9716 9816 9817 9717
9 9717 9817 9818 9718
9 9718 9818 9819 9719
9 9719 9819 9820 9720
9 9720 9820 9821 9721
9 9721 9821 9822 9722
9 9722 9822 9823 9723
9 9723 9823 9824 9724
9 9724 9824 9825 9725
9 9725 9825 9826 9726
9 9726 9826 9827 9727
9 9727 9827 9828 9728
9 9728 9828 9829 9729
9 9729 9829 9830 9730
9 9730 9830 9831 9731
9 9731 9831 9832 9732
9 9732 9832 9833 9733
9 9733 9833 9834 9734
9 9734 9834 9835 9735
9 9735 9835 9836 9736
9 9736 9836 9837 9737
9 9737 9837 9838 9738
9 9738 9838 9839 9739
9 9739 9839 9840 9740
9 9740 9840 9841 9741
9 9741 9841 9842 9742
9 9742 9842 9843 9743
9 9743 9843 9844 9744
9 9744 9844 9845 9745
9 9745 9845 9846 9746
9 9746 9846 9847 9747
9 9747 9847 9848 9748
9 9748 9848 9849 9749
9 9749 9849 9850 9750
9 9750 9850 9851 9751
9 9751 9851 9852 9752
9 9752 9852 9853 9753
9 9753 9853 9854 9754
9 9754 9854 9855 9755
9 9755 9855 9856 9756
9 9756 9856 9857 9757
9 9757 9857 9858 9758
9 9758 9858 9859 9759
9 9759 9859 9860 9760
9 9760 9860 9861 9761
9 9761 9861 9862 9762
9 9762 9862 9863 9763
9 9763 9863 9864 9764
9 9764 9864 9865 9765
9 9765 9865 9866 9766
9 9766 9866 9867 9767
9 9767 9867 9868 9768
9 9768 9868 9869 9769
9 9769 9869 9870 9770
9 9770 9870 9871 9771
9 9771 9871 9872 9772
9 9772 9872 9873 9773
9 9773 9873 9874 9774
9 9774 9874 9875 9775
9 9775 9875 9876 9776
9 9776 9876 9877 9777
9 9777 9877 9878 9778
9 9778 9878 9879 9779
9 9779 9879 9880 9780
9 9780 9880 9881 9781
9 9781 9881 9882 9782
9 9782 9882 9883 9783
9 9783 9883 9884 9784
9 9784 9884 9885 9785
9 9785 9885 9886 9786
9 9786 9886 9887 9787
9 9787 9887 9888 9788
9 9788 9888 9889 9789
9 9789 9889 9890 9790
9 9790 9890 9891 9791
9 9791 9891 9892 9792
9 9792 9892 9893 9793
9 9793 9893 9894 9794
9 9794 9894 9895 9795
9 9795 9895 9896 9796
9 9796 9896 9897 9797
9 9797 9897 9898 9798
9 9798 9898 9899 9799
9 9800 9900 9901 9801
9 9801 9901 9902 9802
9 9802 9902 9903 9803
9 9803 9903 9904 9804
9 9804 9904 9905 9805
9 9805 9905 9906 9806
9 9806 9906 9907 9807
9 9807 9907 9908 9808
9 9808 9908 9909 9809
9 9809 9909 9910 9810
9 9810 9910 9911 9811
9 9811 9911 9912 9812
9 9812 9912 9913 9813
9 9813 9913 9914 9814
9 9814 9914 9915 9815
9 9815 9915 9916 9816
9 9816 9916 9917 9817
9 9817 9917 9918 9818
9 9818 9918 9919 9819
9 9819 9919 9920 9820
9 9820 9920 9921 9821
9 9821 9921 9922 9822
9 9822 9922 9923 9823
9 9823 9923 9924 9824
9 9824 9924 9925 9825
9 9825 9925 9926 9826
9 9826 9926 9927 9827
9 9827 9927 9928 9828
9 9828 9928 9929 9829
9 9829 9929 9930 9830
9 9830 9930 9931 9831
9 9831 9931 9932 9832
9 9832 9932 9933 9833
9 9833 9933 9934 9834
9 9834 9934 9935 9835
9 9835 9935 9936 9836
9 9836 9936 9937 9837
9 9837 9937 9938 9838
9 9838 9938 9939 9839
9 9839 9939 9940 9840
9 9840 9940 9941 9841
9 9841 9941 9942 9842
9 9842 9942 9943 9843
9 9843 9943 9944 9844
9 9844 9944 9945 9845
9 9845 9945 9946 9846
9 9846 9946 9947 9847
9 9847 9947 9948 9848
9 9848 9948 9949 9849
9 9849 9949 9950 9850
9 9850 9950 9951 9851
9 9851 9951 9952 9852
9 9852 9952 9953 9853
9 9853 9953 9954 9854
9 9854 9954 9955 9855
9 9855 9955 9956 9856
9 9856 9956 9957 9857
9 9857 9957 9958 9858
9 9858 9958 9959 9859
9 9859 9959 9960 9860
9 9860 9960 9961 9861
9 9861 9961 9962 9862
9 9862 9962 9963 9863
9 9863 9963 9964 9864
9 9864 9964 9965 9865
9 9865 9965 9966 9866
9 9866 9966 9967 9867
9 9867 9967 9968 9868
9 9868 9968 9969 9869
9 9869 9969 9970 9870
9 9870 9970 9971 9871
9 9871 9971 9972 9872
9 9872 9972 9973 9873
9 9873 9973 9974 9874
9 9874 9974 9975 9875
9 9875 9975 9976 9876
9 9876 9976 9977 9877
9 9877 9977 9978 9878
9 9878 9978 9979 9879
9 9879 9979 9980 9880
9 9880 9980 9981 9881
9 9881 9981 9982 9882
9 9882 9982 9983 9883
9 9883 9983 9984 9884
9 9884 9984 9985 9885
9 9885 9985 9986 9886
9 9886 9986 9987 9887
9 9887 9987 9988 9888
9 9888 9988 9989 9889
9 9889 9989 9990 9890
9 9890 9990 9991 9891
9 9891 9991 9992 9892
9 9892 9992 9993 9893
9 9893 9993 9994 9894
9 9894 9994 9995 9895
9 9895 9995 9996 9896
9 9896 9996 9997 9897
9 9897 9997 9998 9898
9 9898 9998 9999 9899
9 9900 10000 10001 9901
9 9901 10001 10002 9902
9 9902 10002 10003 9903
9 9903 10003 10004 9904
9 9904 10004 10005 9905
9 9905 10005 10006 9906
9 9906 10006 10007 9907
9 9907 10007 10008 9908
9 9908 10008 10009 9909
9 9909 10009 10010 9910
9 9910 10010 10011 9911
9 9911 10011 10012 9912
9 9912 10012 10013 9913
9 9913 10013 10014 9914
9 9914 10014 10015 9915
9 9915 10015 10016 9916
9 9916 10016 10017 9917
9 9917 10017 10018 9918
9 9918 10018 10019 9919
9 9919 10019 10020 9920
9 9920 10020 10021 9921
9 9921 10021 10022 9922
9 9922 10022 10023 9923
9 9923 10023 10024 9924
9 9924 10024 10025 9925
9 9925 10025 10026 9926
9 9926 10026 10027 9927
9 9927 10027 10028 9928
9 9928 10028 10029 9929
9 9929 10029 10030 9930
9 9930 10030 10031 9931
9 9931 10031 10032 9932
9 9932 10032 10033 9933
9 9933 10033 10034 9934
9 9934 10034 10035 9935
9 9935 10035 10036 9936
9 9936 10036 10037 9937
9 9937 10037 10038 9938
9 9938 10038 10039 9939
9 9939 10039 10040 9940
9 9940 10040 10041 9941
9 9941 10041 10042 9942
9 9942 10042 10043 9943
9 9943 10043 10044 9944
9 9944 10044 10045 9945
9 9945 10045 10046 9946
9 9946 10046 10047 9947
9 9947 10047 10048 9948
9 9948 10048 10049 9949
9 9949 10049 10050 9950
9 9950 10050 10051 9951
9 9951 10051 10052 9952
9 9952 10052 10053 9953
9 9953 10053 10054 9954
9 9954 10054 10055 9955
9 9955 10055 10056 9956
9 9956 10056 10057 9957
9 9957 10057 10058 9958
9 9958 10058 10059 9959
9 9959 10059 10060 9960
9 9960 10060 10061 9961
9 9961 10061 10062 9962
9 9962 10062 10063 9963
9 9963 10063 10064 9964
9 9964 10064 10065 9965
9 9965 10065 10066 9966
9 9966 10066 10067 9967
9 9967 10067 10068 9968
9 9968 10068 10069 9969
9 9969 10069 10070 9970
9 9970 10070 10071 9971
9 9971 10071 10072 9972
9 9972 10072 10073 9973
9 9973 10073 10074 9974
9 9974 10074 10075 9975
9 9975 10075 10076 9976
9 9976 10076 10077 9977
9 9977 10077 10078 9978
9 9978 10078 10079 9979
9 9979 10079 10080 9980
9 9980 10080 10081 9981
9 9981 10081 10082 9982
9 9982 10082 10083 9983
9 9983 10083 10084 9984
9 9984 10084 10085 9985
9 9985 10085 10086 9986
9 9986 10086 10087 9987
9 9987 10087 10088 9988
9 9988 10088 10089 9989
9 9989 10089 10090 9990
9 9990 10090 10091 9991
9 9991 10091 10092 9992
9 9992 10092 10093 9993
9 9993 10093 10094 9994
9 9994 10094 10095 9995
9 9995 10095 10096 9996
9 9996 10096 10097 9997
9 9997 10097 10098 9998
9 9998 10098 10099 9999
9 10000 10100 10101 10001
9 10001 10101 10102 10002
9 10002 10102 10103 10003
9 10003 10103 10104 10004
9 10004 10104 10105 10005
9 10005 10105 10106 10006
9 10006 10106 10107 10007
9 10007 10107 10108 10008
9 10008 10108 10109 10009
9 10009 10109 10110 10010
9 10010 10110 10111 10011
9 10011 10111 10112 10012
9 10012 10112 10113 10013
9 10013 10113 10114 10014
9 10014 10114 10115 10015
9 10015 10115 10116 10016
9 10016 10116 10117 10017
9 10017 10117 10118 10018
9 10018 10118 10119 10019
9 10019 10119 10120 10020
9 10020 10120 10121 10021
9 10021 10121 10122 10022
9 10022 10122 10123 10023
9 10023 10123 10124 10024
9 10024 10124 10125 10025
9 10025 10125 10126 10026
9 10026 10126 10127 10027
9 10027 10127 10128 10028
9 10028 10128 10129 10029
9 10029 10129 10130 10030
9 10030 10130 10131 10031
9 10031 10131 10132 10032
9 10032 10132 10133 10033
9 10033 10133 10134 10034
9 10034 10134 10135 10035
9 10035 10135 10136 10036
9 10036 10136 10137 10037
9 10037 10137 10138 10038
9 10038 10138 10139 10039
9 10039 10139 10140 10040
9 10040 10140 10141 10041
9 10041 10141 10142 10042
9 10042 10142 10143 10043
9 10043 10143 10144 10044
9 10044 10144 10145 10045
9 10045 10145 10146 10046
9 10046 10146 10147 10047
9 10047 10147 10148 10048
9 10048 10148 10149 10049
9 10049 10149 10150 10050
9 10050 10150 10151 10051
9 10051 10151 10152 10052
9 10052 10152 10153 10053
9 10053 10153 10154 10054
9 10054 10154 10155 10055
9 10055 10155 10156 10056
9 10056 10156 10157 10057
9 10057 10157 10158 10058
9 10058 10158 10159 10059
9 10059 10159 10160 10060
9 10060 10160 10161 10061
9 10061 10161 10162 10062
9 10062 10162 10163 10063
9 10063 10163 10164 10064
9 10064 10164 10165 10065
9 10065 10165 10166 10066
9 10066 10166 10167 10067
9 10067 10167 10168 10068
9 10068 10168 10169 10069
9 10069 10169 10170 10070
9 10070 10170 10171 10071
9 10071 10171 10172 10072
9 10072 10172 10173 10073
9 10073 10173 10174 10074
9 10074 10174 10175 10075
9 10075 10175 10176 10076
9 10076 10176 10177 10077
9 10077 10177 10178 10078
9 10078 10178 10179 10079
9 10079 10179 10180 10080
9 10080 10180 10181 10081
9 10081 10181 10182 10082
9 10082 10182 10183 10083
9 10083 10183 10184 10084
9 10084 10184 10185 10085
9 10085 10185 10186 10086
9 10086 10186 10187 10087
9 10087 10187 10188 10088
9 10088 10188 10189 10089
9 10089 10189 10190 10090
9 10090 10190 10191 10091
9 10091 10191 10192 10092
9 10092 10192 10193 10093
9 10093 10193 10194 10094
9 10094 10194 10195 10095
9 10095 10195 10196 10096
9 10096 10196 10197 10097
9 10097 10197 10198 10098
9 10098 10198 10199 10099
9 10100 5000 10200 10101
9 10101 10200 10201 10102
9 10102 10201 10202 10103
9 10103 10202 10203 10104
9 10104 10203 10204 10105
9 10105 10204 10205 10106
9 10106 10205 10206 10107
9 10107 10206 10207 10108
9 10108 10207 10208 10109
9 10109 10208 10209 10110
9 10110 10209 10210 10111
9 10111 10210 10211 10112
9 10112 10211 10212 10113
9 10113 10212 10213 10114
9 10114 10213 10214 10115
9 10115 10214 10215 10116
9 10116 10215 10216 10117
9 10117 10216 10217 10118
9 10118 10217 10218 10119
9 10119 10218 10219 10120
9 10120 10219 10220 10121
9 10121 10220 10221 10122
9 10122 10221 10222 10123
9 10123 10222 10223 10124
9 10124 10223 10224 10125
9 10125 10224 10225 10126
9 10126 10225 10226 10127
9 10127 10226 10227 10128
9 10128 10227 10228 10129
9 10129 10228 10229 10130
9 10130 10229 10230 10131
9 10131 10230 10231 10132
9 10132 10231 10232 10133
9 10133 10232 10233 10134
9 10134 10233 10234 10135
9 10135 10234 10235 10136
9 10136 10235 10236 10137
9 10137 10236 10237 10138
9 10138 10237 10238 10139
9 10139 10238 10239 10140
9 10140 10239 10240 10141
9 10141 10240 10241 10142
9 10142 10241 10242 10143
9 10143 10242 10243 10144
9 10144 10243 10244 10145
9 10145 10244 10245 10146
9 10146 10245 10246 10147
9 10147 10246 10247 10148
9 10148 10247 10248 10149
9 10149 10248 10249 10150
9 10150 10249 10250 10151
9 10151 10250 10251 10152
9 10152 10251 10252 10153
9 10153 10252 10253 10154
9 10154 10253 10254 10155
9 10155 10254 10255 10156
9 10156 10255 10256 10157
9 10157 10256 10257 10158
9 10158 10257 10258 10159
9 10159 10258 10259 10160
9 10160 10259 10260 10161
9 10161 10260 10261 10162
9 10162 10261 10262 10163
9 10163 10262 10263 10164
9 10164 10263 10264 10165
9 10165 10264 10265 10166
9 10166 10265 10266 10167
9 10167 10266 10267 10168
9 10168 10267 10268 10169
9 10169 10268 10269 10170
9 10170 10269 10270 10171
9 10171 10270 10271 10172
9 10172 10271 10272 10173
9 10173 10272 10273 10174
9 10174 10273 10274 10175
9 10175 10274 10275 10176
9 10176 10275 10276 10177
9 10177 10276 10277 10178
9 10178 10277 10278 10179
9 10179 10278 10279 10180
9 10180 10279 10280 10181
9 10181 10280 10281 10182
9 10182 10281 10282 10183
9 10183 10282 10283 10184
9 10184 10283 10284 10185
9 10185 10284 10285 10186
9 10186 10285 10286 10187
9 10187 10286 10287 10188
9 10188 10287 10288 10189
9 10189 10288 10289 10190
9 10190 10289 10290 10191
9 10191 10290 10291 10192
9 10192 10291 10292 10193
9 10193 10292 10293 10194
9 10194 10293 10294 10195
9 10195 10294 10295 10196
9 10196 10295 10296 10197
9 10197 10296 10297 10198
9 10198 10297 10298 10199
9 5000 4900 10299 10200
9 10200 10299 10300 10201
9 10201 10300 10301 10202
9 10202 10301 10302 10203
9 10203 10302 10303 10204
9 10204 10303 10304 10205
9 10205 10304 10305 10206
9 10206 10305 10306 10207
9 10207 10306 10307 10208
9 10208 10307 10308 10209
9 10209 10308 10309 10210
9 10210 10309 10310 10211
9 10211 10310 10311 10212
9 10212 10311 10312 10213
9 10213 10312 10313 10214
9 10214 10313 10314 10215
9 10215 10314 10315 10216
9 10216 10315 10316 10217
9 10217 10316 10317 10218
9 10218 10317 10318 10219
9 10219 10318 10319 10220
9 10220 10319 10320 10221
9 10221 10320 10321 10222
9 10222 10321 10322 10223
9 10223 10322 10323 10224
9 10224 10323 10324 10225
9 10225 10324 10325 10226
9 10226 10325 10326 10227
9 10227 10326 10327 10228
9 10228 10327 10328 10229
9 10229 10328 10329 10230
9 10230 10329 10330 10231
9 10231 10330 10331 10232
9 10232 10331 10332 10233
9 10233 10332 10333 10234
9 10234 10333 10334 10235
9 10235 10334 10335 10236
9 10236 10335 10336 10237
9 10237 10336 10337 10238
9 10238 10337 10338 10239
9 10239 10338 10339 10240
9 10240 10339 10340 10241
9 10241 10340 10341 10242
9 10242 10341 10342 10243
9 10243 10342 10343 10244
9 10244 10343 10344 10245
9 10245 10344 10345 10246
9 10246 10345 10346 10247
9 10247 10346 10347 10248
9 10248 10347 10348 10249
9 10249 10348 10349 10250
9 10250 10349 10350 10251
9 10251 10350 10351 10252
9 10252 10351 10352 10253
9 10253 10352 10353 10254
9 10254 10353 10354 10255
9 10255 10354 10355 10256
9 10256 10355 10356 10257
9 10257 10356 10357 10258
9 10258 10357 10358 10259
9 10259 10358 10359 10260
9 10260 10359 10360 10261
9 10261 10360 10361 10262
9 10262 10361 10362 10263
9 10263 10362 10363 10264
9 10264 10363 10364 10265
9 10265 10364 10365 10266
9 10266 10365 10366 10267
9 10267 10366 10367 10268
9 10268 10367 10368 10269
9 10269 10368 10369 10270
9 10270 10369 10370 10271
9 10271 10370 10371 10272
9 10272 10371 10372 10273
9 10273 10372 10373 10274
9 10274 10373 10374 10275
9 10275 10374 10375 10276
9 10276 10375 10376 10277
9 10277 10376 10377 10278
9 10278 10377 10378 10279
9 10279 10378 10379 10280
9 10280 10379 10380 10281
9 10281 10380 10381 10282
9 10282 10381 10382 10283
9 10283 10382 10383 10284
9 10284 10383 10384 10285
9 10285 10384 10385 10286
9 10286 10385 10386 10287
9 10287 10386 10387 10288
9 10288 10387 10388 10289
9 10289 10388 10389 10290
9 10290 10389 10390 10291
9 10291 10390 10391 10292
9 10292 10391 10392 10293
9 10293 10392 10393 10294
9 10294 10393 10394 10295
9 10295 10394 10395 10296
9 10296 10395 10396 10297
9 10297 10396 10397 10298
9 4900 4800 10398 10299
9 10299 10398 10399 10300
9 10300 10399 10400 10301
9 10301 10400 10401 10302
9 10302 10401 10402 10303
9 10303 10402 10403 10304
9 10304 10403 10404 10305
9 10305 10404 10405 10306
9 10306 10405 10406 10307
9 10307 10406 10407 10308
9 10308 10407 10408 10309
9 10309 10408 10409 10310
9 10310 10409 10410 10311
9 10311 10410 10411 10312
9 10312 10411 10412 10313
9 10313 10412 10413 10314
9 10314 10413 10414 10315
9 10315 10414 10415 10316
9 10316 10415 10416 10317
9 10317 10416 10417 10318
9 10318 10417 10418 10319
9 10319 10418 10419 10320
9 10320 10419 10420 10321
9 10321 10420 10421 10322
9 10322 10421 10422 10323
9 10323 10422 10423 10324
9 10324 10423 10424 10325
9 10325 10424 10425 10326
9 10326 10425 10426 10327
9 10327 10426 10427 10328
9 10328 10427 10428 10329
9 10329 10428 10429 10330
9 10330 10429 10430 10331
9 10331 10430 10431 10332
9 10332 10431 10432 10333
9 10333 10432 10433 10334
9 10334 10433 10434 10335
9 10335 10434 10435 10336
9 10336 10435 10436 10337
9 10337 10436 10437 10338
9 10338 10437 10438 10339
9 10339 10438 10439 10340
9 10340 10439 10440 10341
9 10341 10440 10441 10342
9 10342 10441 10442 10343
9 10343 10442 10443 10344
9 10344 10443 10444 10345
9 10345 10444 10445 10346
9 10346 10445 10446 10347
9 10347 10446 10447 10348
9 10348 10447 10448 10349
9 10349 10448 10449 10350
9 10350 10449 10450 10351
9 10351 10450 10451 10352
9 10352 10451 10452 10353
9 10353 10452 10453 10354
9 10354 10453 10454 10355
9 10355 10454 10455 10356
9 10356 10455 10456 10357
9 10357 10456 10457 10358
9 10358 10457 10458 10359
9 10359 10458 10459 10360
9 10360 10459 10460 10361
9 10361 10460 10461 10362
9 10362 10461 10462 10363
9 10363 10462 10463 10364
9 10364 10463 10464 10365
9 10365 10464 10465 10366
9 10366 10465 10466 10367
9 10367 10466 10467 10368
9 10368 10467 10468 10369
9 10369 10468 10469 10370
9 10370 10469 10470 10371
9 10371 10470 10471 10372
9 10372 10471 10472 10373
9 10373 10472 10473 10374
9 10374 10473 10474 10375
9 10375 10474 10475 10376
9 10376 10475 10476 10377
9 10377 10476 10477 10378
9 10378 10477 10478 10379
9 10379 10478 10479 10380
9 10380 10479 10480 10381
9 10381 10480 10481 10382
9 10382 10481 10482 10383
9 10383 10482 10483 10384
9 10384 10483 10484 10385
9 10385 10484 10485 10386
9 10386 10485 10486 10387
9 10387 10486 10487 10388
9 10388 10487 10488 10389
9 10389 10488 10489 10390
9 10390 10489 10490 10391
9 10391 10490 10491 10392
9 10392 10491 10492 10393
9 10393 10492 10493 10394
9 10394 10493 10494 10395
9 10395 10494 10495 10396
9 10396 10495 10496 10397
9 4800 4700 10497 10398
9 10398 10497 10498 10399
9 10399 10498 10499 10400
9 10400 10499 10500 10401
9 10401 10500 10501 10402
9 10402 10501 10502 10403
9 10403 10502 10503 10404
9 10404 10503 10504 10405
9 10405 10504 10505 10406
9 10406 10505 10506 10407
9 10407 10506 10507 10408
9 10408 10507 10508 10409
9 10409 10508 10509 10410
9 10410 10509 10510 10411
9 10411 10510 10511 10412
9 10412 10511 10512 10413
9 10413 10512 10513 10414
9 10414 10513 10514 10415
9 10415 10514 10515 10416
9 10416 10515 10516 10417
9 10417 10516 10517 10418
9 10418 10517 10518 10419
9 10419 10518 10519 10420
9 10420 10519 10520 10421
9 10421 10520 10521 10422
9 10422 10521 10522 10423
9 10423 10522 10523 10424
9 10424 10523 10524 10425
9 10425 10524 10525 10426
9 10426 10525 10526 10427
9 10427 10526 10527 10428
9 10428 10527 10528 10429
9 10429 10528 10529 10430
9 10430 10529 10530 10431
9 10431 10530 10531 10432
9 10432 10531 10532 10433
9 10433 10532 10533 10434
9 10434 10533 10534 10435
9 10435 10534 10535 10436
9 10436 10535 10536 10437
9 10437 10536 10537 10438
9 10438 10537 10538 10439
9 10439 10538 10539 10440
9 10440 10539 10540 10441
9 10441 10540 10541 10442
9 10442 10541 10542 10443
9 10443 10542 10543 10444
9 10444 10543 10544 10445
9 10445 10544 10545 10446
9 10446 10545 10546 10447
9 10447 10546 10547 10448
9 10448 10547 10548 10449
9 10449 10548 10549 10450
9 10450 10549 10550 10451
9 10451 10550 10551 10452
9 10452 10551 10552 10453
9 10453 10552 10553 10454
9 10454 10553 10554 10455
9 10455 10554 10555 10456
9 10456 10555 10556 10457
9 10457 10556 10557 10458
9 10458 10557 10558 10459
9 10459 10558 10559 10460
9 10460 10559 10560 10461
9 10461 10560 10561 10462
9 10462 10561 10562 10463
9 10463 10562 10563 10464
9 10464 10563 10564 10465
9 10465 10564 10565 10466
9 10466 10565 10566 10467
9 10467 10566 10567 10468
9 10468 10567 10568 10469
9 10469 10568 10569 10470
9 10470 10569 10570 10471
9 10471 10570 10571 10472
9 10472 10571 10572 10473
9 10473 10572 10573 10474
9 10474 10573 10574 10475
9 10475 10574 10575 10476
9 10476 10575 10576 10477
9 10477 10576 10577 10478
9 10478 10577 10578 10479
9 10479 10578 10579 10480
9 10480 10579 10580 10481
9 10481 10580 10581 10482
9 10482 10581 10582 10483
9 10483 10582 10583 10484
9 10484 10583 10584 10485
9 10485 10584 10585 10486
9 10486 10585 10586 10487
9 10487 10586 10587 10488
9 10488 10587 10588 10489
9 10489 10588 10589 10490
9 10490 10589 10590 10491
9 10491 10590 10591 10492
9 10492 10591 10592 10493
9 10493 10592 10593 10494
9 10494 10593 10594 10495
9 10495 10594 10595 10496
9 4700 4600 10596 10497
9 10497 10596 10597 10498
9 10498 10597 10598 10499
9 10499 10598 10599 10500
9 10500 10599 10600 10501
9 10501 10600 10601 10502
9 10502 10601 10602 10503
9 10503 10602 10603 10504
9 10504 10603 10604 10505
9 10505 10604 10605 10506
9 10506 10605 10606 10507
9 10507 10606 10607 10508
9 10508 10607 10608 10509
9 10509 10608 10609 10510
9 10510 10609 10610 10511
9 10511 10610 10611 10512
9 10512 10611 10612 10513
9 10513 10612 10613 10514
9 10514 10613 10614 10515
9 10515 10614 10615 10516
9 10516 10615 10616 10517
9 10517 10616 10617 10518
9 10518 10617 10618 10519
9 10519 10618 10619 10520
9 10520 10619 10620 10521
9 10521 10620 10621 10522
9 10522 10621 10622 10523
9 10523 10622 10623 10524
9 10524 10623 10624 10525
9 10525 10624 10625 10526
9 10526 10625 10626 10527
9 10527 10626 10627 10528
9 10528 10627 10628 10529
9 10529 10628 10629 10530
9 10530 10629 10630 10531
9 10531 10630 10631 10532
9 10532 10631 10632 10533
9 10533 10632 10633 10534
9 10534 10633 10634 10535
9 10535 10634 10635 10536
9 10536 10635 10636 10537
9 10537 10636 10637 10538
9 10538 10637 10638 10539
9 10539 10638 10639 10540
9 10540 10639 10640 10541
9 10541 10640 10641 10542
9 10542 10641 10642 10543
9 10543 10642 10643 10544
9 10544 10643 10644 10545
9 10545 10644 10645 10546
9 10546 10645 10646 10547
9 10547 10646 10647 10548
9 10548 10647 10648 10549
9 10549 10648 10649 10550
9 10550 10649 10650 10551
9 10551 10650 10651 10552
9 10552 10651 10652 10553
9 10553 10652 10653 10554
9 10554 10653 10654 10555
9 10555 10654 10655 10556
9 10556 10655 10656 10557
9 10557 10656 10657 10558
9 10558 10657 10658 10559
9 10559 10658 10659 10560
9 10560 10659 10660 10561
9 10561 10660 10661 10562
9 10562 10661 10662 10563
9 10563 10662 10663 10564
9 10564 10663 10664 10565
9 10565 10664 10665 10566
9 10566 10665 10666 10567
9 10567 10666 10667 10568
9 10568 10667 10668 10569
9 10569 10668 10669 10570
9 10570 10669 10670 10571
9 10571 10670 10671 10572
9 10572 10671 10672 10573
9 10573 10672 10673 10574
9 10574 10673 10674 10575
9 10575 10674 10675 10576
9 10576 10675 10676 10577
9 10577 10676 10677 10578
9 10578 10677 10678 10579
9 10579 10678 10679 10580
9 10580 10679 10680 10581
9 10581 10680 10681 10582
9 10582 10681 10682 10583
9 10583 10682 10683 10584
9 10584 10683 10684 10585
9 10585 10684 10685 10586
9 10586 10685 10686 10587
9 10587 10686 10687 10588
9 10588 10687 10688 10589
9 10589 10688 10689 10590
9 10590 10689 10690 10591
9 10591 10690 10691 10592
9 10592 10691 10692 10593
9 10593 10692 10693 10594
9 10594 10693 10694 10595
9 4600 4500 10695 10596
9 10596 10695 10696 10597
9 10597 10696 10697 10598
9 10598 10697 10698 10599
9 10599 10698 10699 10600
9 10600 10699 10700 10601
9 10601 10700 10701 10602
9 10602 10701 10702 10603
9 10603 10702 10703 10604
9 10604 10703 10704 10605
9 10605 10704 10705 10606
9 10606 10705 10706 10607
9 10607 10706 10707 10608
9 10608 10707 10708 10609
9 10609 10708 10709 10610
9 10610 10709 10710 10611
9 10611 10710 10711 10612
9 10612 10711 10712 10613
9 10613 10712 10713 10614
9 10614 10713 10714 10615
9 10615 10714 10715 10616
9 10616 10715 10716 10617
9 10617 10716 10717 10618
9 10618 10717 10718 10619
9 10619 10718 10719 10620
9 10620 10719 10720 10621
9 10621 10720 10721 10622
9 10622 10721 10722 10623
9 10623 10722 10723 10624
9 10624 10723 10724 10625
9 10625 10724 10725 10626
9 10626 10725 10726 10627
9 10627 10726 10727 10628
9 10628 10727 10728 10629
9 10629 10728 10729 10630
9 10630 10729 10730 10631
9 10631 10730 10731 10632
9 10632 10731 10732 10633
9 10633 10732 10733 10634
9 10634 10733 10734 10635
9 10635 10734 10735 10636
9 10636 10735 10736 10637
9 10637 10736 10737 10638
9 10638 10737 10738 10639
9 10639 10738 10739 10640
9 10640 10739 10740 10641
9 10641 10740 10741 10642
9 10642 10741 10742 10643
9 10643 10742 10743 10644
9 10644 10743 10744 10645
9 10645 10744 10745 10646
9 10646 10745 10746 10647
9 10647 10746 10747 10648
9 10648 10747 10748 10649
9 10649 10748 10749 10650
9 10650 10749 10750 10651
9 10651 10750 10751 10652
9 10652 10751 10752 10653
9 10653 10752 10753 10654
9 10654 10753 10754 10655
9 10655 10754 10755 10656
9 10656 10755 10756 10657
9 10657 10756 10757 10658
9 10658 10757 10758 10659
9 10659 10758 10759 10660
9 10660 10759 10760 10661
9 10661 10760 10761 10662
9 10662 10761 10762 10663
9 10663 10762 10763 10664
9 10664 10763 10764 10665
9 10665 10764 10765 10666
9 10666 10765 10766 10667
9 10667 10766 10767 10668
9 10668 10767 10768 10669
9 10669 10768 10769 10670
9 10670 10769 10770 10671
9 10671 10770 10771 10672
9 10672 10771 10772 10673
9 10673 10772 10773 10674
9 10674 10773 10774 10675
9 10675 10774 10775 10676
9 10676 10775 10776 10677
9 10677 10776 10777 10678
9 10678 10777 10778 10679
9 10679 10778 10779 10680
9 10680 10779 10780 10681
9 10681 10780 10781 10682
9 10682 10781 10782 10683
9 10683 10782 10783 10684
9 10684 10783 10784 10685
9 10685 10784 10785 10686
9 10686 10785 10786 10687
9 10687 10786 10787 10688
9 10688 10787 10788 10689
9 10689 10788 10789 10690
9 10690 10789 10790 10691
9 10691 10790 10791 10692
9 10692 10791 10792 10693
9 10693 10792 10793 10694
9 4500 4400 10794 10695
9 10695 10794 10795 10696
9 10696 10795 10796 10697
9 10697 10796 10797 10698
9 10698 10797 10798 10699
9 10699 10798 10799 10700
9 10700 10799 10800 10701
9 10701 10800 10801 10702
9 10702 10801 10802 10703
9 10703 10802 10803 10704
9 10704 10803 10804 10705
9 10705 10804 10805 10706
9 10706 10805 10806 10707
9 10707 10806 10807 10708
9 10708 10807 10808 10709
9 10709 10808 10809 10710
9 10710 10809 10810 10711
9 10711 10810 10811 10712
9 10712 10811 10812 10713
9 10713 10812 10813 10714
9 10714 10813 10814 10715
9 10715 10814 10815 10716
9 10716 10815 10816 10717
9 10717 10816 10817 10718
9 10718 10817 10818 10719
9 10719 10818 10819 10720
9 10720 10819 10820 10721
9 10721 10820 10821 10722
9 10722 10821 10822 10723
9 10723 10822 10823 10724
9 10724 10823 10824 10725
9 10725 10824 10825 10726
9 10726 10825 10826 10727
9 10727 10826 10827 10728
9 10728 10827 10828 10729
9 10729 10828 10829 10730
9 10730 10829 10830 10731
9 10731 10830 10831 10732
9 10732 10831 10832 10733
9 10733 10832 10833 10734
9 10734 10833 10834 10735
9 10735 10834 10835 10736
9 10736 10835 10836 10737
9 10737 10836 10837 10738
9 10738 10837 10838 10739
9 10739 10838 10839 10740
9 10740 10839 10840 10741
9 10741 10840 10841 10742
9 10742 10841 10842 10743
9 10743 10842 10843 10744
9 10744 10843 10844 10745
9 10745 10844 10845 10746
9 10746 10845 10846 10747
9 10747 10846 10847 10748
9 10748 10847 10848 10749
9 10749 10848 10849 10750
9 10750 10849 10850 10751
9 10751 10850 10851 10752
9 10752 10851 10852 10753
9 10753 10852 10853 10754
9 10754 10853 10854 10755
9 10755 10854 10855 10756
9 10756 10855 10856 10757
9 10757 10856 10857 10758
9 10758 10857 10858 10759
9 10759 10858 10859 10760
9 10760 10859 10860 10761
9 10761 10860 10861 10762
9 10762 10861 10862 10763
9 10763 10862 10863 10764
9 10764 10863 10864 10765
9 10765 10864 10865 10766
9 10766 10865 10866 10767
9 10767 10866 10867 10768
9 10768 10867 10868 10769
9 10769 10868 10869 10770
9 10770 10869 10870 10771
9 10771 10870 10871 10772
9 10772 10871 10872 10773
9 10773 10872 10873 10774
9 10774 10873 10874 10775
9 10775 10874 10875 10776
9 10776 10875 10876 10777
9 10777 10876 10877 10778
9 10778 10877 10878 10779
9 10779 10878 10879 10780
9 10780 10879 10880 10781
9 10781 10880 10881 10782
9 10782 10881 10882 10783
9 10783 10882 10883 10784
9 10784 10883 10884 10785
9 10785 10884 10885 10786
9 10786 10885 10886 10787
9 10787 10886 10887 10788
9 10788 10887 10888 10789
9 10789 10888 10889 10790
9 10790 10889 10890 10791
9 10791 10890 10891 10792
9 10792 10891 10892 10793
9 4400 4300 10893 10794
9 10794 10893 10894 10795
9 10795 10894 10895 10796
9 10796 10895 10896 10797
9 10797 10896 10897 10798
9 10798 10897 10898 10799
9 10799 10898 10899 10800
9 10800 10899 10900 10801
9 10801 10900 10901 10802
9 10802 10901 10902 10803
9 10803 10902 10903 10804
9 10804 10903 10904 10805
9 10805 10904 10905 10806
9 10806 10905 10906 10807
9 10807 10906 10907 10808
9 10808 10907 10908 10809
9 10809 10908 10909 10810
9 10810 10909 10910 10811
9 10811 10910 10911 10812
9 10812 10911 10912 10813
9 10813 10912 10913 10814
9 10814 10913 10914 10815
9 10815 10914 10915 10816
9 10816 10915 10916 10817
9 10817 10916 10917 10818
9 10818 10917 10918 10819
9 10819 10918 10919 10820
9 10820 10919 10920 10821
9 10821 10920 10921 10822
9 10822 10921 10922 10823
9 10823 10922 10923 10824
9 10824 10923 10924 10825
9 10825 10924 10925 10826
9 10826 10925 10926 10827
9 10827 10926 10927 10828
9 10828 10927 10928 10829
9 10829 10928 10929 10830
9 10830 10929 10930 10831
9 10831 10930 10931 10832
9 10832 10931 10932 10833
9 10833 10932 10933 10834
9 10834 10933 10934 10835
9 10835 10934 10935 10836
9 10836 10935 10936 10837
9 10837 10936 10937 10838
9 10838 10937 10938 10839
9 10839 10938 10939 10840
9 10840 10939 10940 10841
9 10841 10940 10941 10842
9 10842 10941 10942 10843
9 10843 10942 10943 10844
9 10844 10943 10944 10845
9 10845 10944 10945 10846
9 10846 10945 10946 10847
9 10847 10946 10947 10848
9 10848 10947 10948 10849
9 10849 10948 10949 10850
9 10850 10949 10950 10851
9 10851 10950 10951 10852
9 10852 10951 10952 10853
9 10853 10952 10953 10854
9 10854 10953 10954 10855
9 10855 10954 10955 10856
9 10856 10955 10956 10857
9 10857 10956 10957 10858
9 10858 10957 10958 10859
9 10859 10958 10959 10860
9 10860 10959 10960 10861
9 10861 10960 10961 10862
9 10862 10961 10962 10863
9 10863 10962 10963 10864
9 10864 10963 10964 10865
9 10865 10964 10965 10866
9 10866 10965 10966 10867
9 10867 10966 10967 10868
9 10868 10967 10968 10869
9 10869 10968 10969 10870
9 10870 10969 10970 10871
9 10871 10970 10971 10872
9 10872 10971 10972 10873
9 10873 10972 10973 10874
9 10874 10973 10974 10875
9 10875 10974 10975 10876
9 10876 10975 10976 10877
9 10877 10976 10977 10878
9 10878 10977 10978 10879
9 10879 10978 10979 10880
9 10880 10979 10980 10881
9 10881 10980 10981 10882
9 10882 10981 10982 10883
9 10883 10982 10983 10884
9 10884 10983 10984 10885
9 10885 10984 10985 10886
9 10886 10985 10986 10887
9 10887 10986 10987 10888
9 10888 10987 10988 10889
9 10889 10988 10989 10890
9 10890 10989 10990 10891
9 10891 10990 10991 10892
9 4300 4200 10992 10893
9 10893 10992 10993 10894
9 10894 10993 10994 10895
9 10895 10994 10995 10896
9 10896 10995 10996 10897
9 10897 10996 10997 10898
9 10898 10997 10998 10899
9 10899 10998 10999 10900
9 10900 10999 11000 10901
9 10901 11000 11001 10902
9 10902 11001 11002 10903
9 10903 11002 11003 10904
9 10904 11003 11004 10905
9 10905 11004 11005 10906
9 10906 11005 11006 10907
9 10907 11006 11007 10908
9 10908 11007 11008 10909
9 10909 11008 11009 10910
9 10910 11009 11010 10911
9 10911 11010 11011 10912
9 10912 11011 11012 10913
9 10913 11012 11013 10914
9 10914 11013 11014 10915
9 10915 11014 11015 10916
9 10916 11015 11016 10917
9 10917 11016 11017 10918
9 10918 11017 11018 10919
9 10919 11018 11019 10920
9 10920 11019 11020 10921
9 10921 11020 11021 10922
9 10922 11021 11022 10923
9 10923 11022 11023 10924
9 10924 11023 11024 10925
9 10925 11024 11025 10926
9 10926 11025 11026 10927
9 10927 11026 11027 10928
9 10928 11027 11028 10929
9 10929 11028 11029 10930
9 10930 11029 11030 10931
9 10931 11030 11031 10932
9 10932 11031 11032 10933
9 10933 11032 11033 10934
9 10934 11033 11034 10935
9 10935 11034 11035 10936
9 10936 11035 11036 10937
9 10937 11036 11037 10938
9 10938 11037 11038 10939
9 10939 11038 11039 10940
9 10940 11039 11040 10941
9 10941 11040 11041 10942
9 10942 11041 11042 10943
9 10943 11042 11043 10944
9 10944 11043 11044 10945
9 10945 11044 11045 10946
9 10946 11045 11046 10947
9 10947 11046 11047 10948
9 10948 11047 11048 10949
9 10949 11048 11049 10950
9 10950 11049 11050 10951
9 10951 11050 11051 10952
9 10952 11051 11052 10953
9 10953 11052 11053 10954
9 10954 11053 11054 10955
9 10955 11054 11055 10956
9 10956 11055 11056 10957
9 10957 11056 11057 10958
9 10958 11057 11058 10959
9 10959 11058 11059 10960
9 10960 11059 11060 10961
9 10961 11060 11061 10962
9 10962 11061 11062 10963
9 10963 11062 11063 10964
9 10964 11063 11064 10965
9 10965 11064 11065 10966
9 10966 11065 11066 10967
9 10967 11066 11067 10968
9 10968 11067 11068 10969
9 10969 11068 11069 10970
9 10970 11069 11070 10971
9 10971 11070 11071 10972
9 10972 11071 11072 10973
9 10973 11072 11073 10974
9 10974 11073 11074 10975
9 10975 11074 11075 10976
9 10976 11075 11076 10977
9 10977 11076 11077 10978
9 10978 11077 11078 10979
9 10979 11078 11079 10980
9 10980 11079 11080 10981
9 10981 11080 11081 10982
9 10982 11081 11082 10983
9 10983 11082 11083 10984
9 10984 11083 11084 10985
9 10985 11084 11085 10986
9 10986 11085 11086 10987
9 10987 11086 11087 10988
9 10988 11087 11088 10989
9 10989 11088 11089 10990
9 10990 11089 11090 10991
9 4200 4100 11091 10992
9 10992 11091 11092 10993
9 10993 11092 11093 10994
9 10994 11093 11094 10995
9 10995 11094 11095 10996
9 10996 11095 11096 10997
9 10997 11096 11097 10998
9 10998 11097 11098 10999
9 10999 11098 11099 11000
9 11000 11099 11100 11001
9 11001 11100 11101 11002
9 11002 11101 11102 11003
9 11003 11102 11103 11004
9 11004 11103 11104 11005
9 11005 11104 11105 11006
9 11006 11105 11106 11007
9 11007 11106 11107 11008
9 11008 11107 11108 11009
9 11009 11108 11109 11010
9 11010 11109 11110 11011
9 11011 11110 11111 11012
9 11012 11111 11112 11013
9 11013 11112 11113 11014
9 11014 11113 11114 11015
9 11015 11114 11115 11016
9 11016 11115 11116 11017
9 11017 11116 11117 11018
9 11018 11117 11118 11019
9 11019 11118 11119 11020
9 11020 11119 11120 11021
9 11021 11120 11121 11022
9 11022 11121 11122 11023
9 11023 11122 11123 11024
9 11024 11123 11124 11025
9 11025 11124 11125 11026
9 11026 11125 11126 11027
9 11027 11126 11127 11028
9 11028 11127 11128 11029
9 11029 11128 11129 11030
9 11030 11129 11130 11031
9 11031 11130 11131 11032
9 11032 11131 11132 11033
9 11033 11132 11133 11034
9 11034 11133 11134 11035
9 11035 11134 11135 11036
9 11036 11135 11136 11037
9 11037 11136 11137 11038
9 11038 11137 11138 11039
9 11039 11138 11139 11040
9 11040 11139 11140 11041
9 11041 11140 11141 11042
9 11042 11141 11142 11043
9 11043 11142 11143 11044
9 11044 11143 11144 11045
9 11045 11144 11145 11046
9 11046 11145 11146 11047
9 11047 11146 11147 11048
9 11048 11147 11148 11049
9 11049 11148 11149 11050
9 11050 11149 11150 11051
9 11051 11150 11151 11052
9 11052 11151 11152 11053
9 11053 11152 11153 11054
9 11054 11153 11154 11055
9 11055 11154 11155 11056
9 11056 11155 11156 11057
9 11057 11156 11157 11058
9 11058 11157 11158 11059
9 11059 11158 11159 11060
9 11060 11159 11160 11061
9 11061 11160 11161 11062
9 11062 11161 11162 11063
9 11063 11162 11163 11064
9 11064 11163 11164 11065
9 11065 11164 11165 11066
9 11066 11165 11166 11067
9 11067 11166 11167 11068
9 11068 11167 11168 11069
9 11069 11168 11169 11070
9 11070 11169 11170 11071
9 11071 11170 11171 11072
9 11072 11171 11172 11073
9 11073 11172 11173 11074
9 11074 11173 11174 11075
9 11075 11174 11175 11076
9 11076 11175 11176 11077
9 11077 11176 11177 11078
9 11078 11177 11178 11079
9 11079 11178 11179 11080
9 11080 11179 11180 11081
9 11081 11180 11181 11082
9 11082 11181 11182 11083
9 11083 11182 11183 11084
9 11084 11183 11184 11085
9 11085 11184 11185 11086
9 11086 11185 11186 11087
9 11087 11186 11187 11088
9 11088 11187 11188 11089
9 11089 11188 11189 11090
9 4100 4000 11190 11091
9 11091 11190 11191 11092
9 11092 11191 11192 11093
9 11093 11192 11193 11094
9 11094 11193 11194 11095
9 11095 11194 11195 11096
9 11096 11195 11196 11097
9 11097 11196 11197 11098
9 11098 11197 11198 11099
9 11099 11198 11199 11100
9 11100 11199 11200 11101
9 11101 11200 11201 11102
9 11102 11201 11202 11103
9 11103 11202 11203 11104
9 11104 11203 11204 11105
9 11105 11204 11205 11106
9 11106 11205 11206 11107
9 11107 11206 11207 11108
9 11108 11207 11208 11109
9 11109 11208 11209 11110
9 11110 11209 11210 11111
9 11111 11210 11211 11112
9 11112 11211 11212 11113
9 11113 11212 11213 11114
9 11114 11213 11214 11115
9 11115 11214 11215 11116
9 11116 11215 11216 11117
9 11117 11216 11217 11118
9 11118 11217 11218 11119
9 11119 11218 11219 11120
9 11120 11219 11220 11121
9 11121 11220 11221 11122
9 11122 11221 11222 11123
9 11123 11222 11223 11124
9 11124 11223 11224 11125
9 11125 11224 11225 11126
9 11126 11225 11226 11127
9 11127 11226 11227 11128
9 11128 11227 11228 11129
9 11129 11228 11229 11130
9 11130 11229 11230 11131
9 11131 11230 11231 11132
9 11132 11231 11232 11133
9 11133 11232 11233 11134
9 11134 11233 11234 11135
9 11135 11234 11235 11136
9 11136 11235 11236 11137
9 11137 11236 11237 11138
9 11138 11237 11238 11139
9 11139 11238 11239 11140
9 11140 11239 11240 11141
9 11141 11240 11241 11142
9 11142 11241 11242 11143
9 11143 11242 11243 11144
9 11144 11243 11244 11145
9 11145 11244 11245 11146
9 11146 11245 11246 11147
9 11147 11246 11247 11148
9 11148 11247 11248 11149
9 11149 11248 11249 11150
9 11150 11249 11250 11151
9 11151 11250 11251 11152
9 11152 11251 11252 11153
9 11153 11252 11253 11154
9 11154 11253 11254 11155
9 11155 11254 11255 11156
9 11156 11255 11256 11157
9 11157 11256 11257 11158
9 11158 11257 11258 11159
9 11159 11258 11259 11160
9 11160 11259 11260 11161
9 11161 11260 11261 11162
9 11162 11261 11262 11163
9 11163 11262 11263 11164
9 11164 11263 11264 11165
9 11165 11264 11265 11166
9 11166 11265 11266 11167
9 11167 11266 11267 11168
9 11168 11267 11268 11169
9 11169 11268 11269 11170
9 11170 11269 11270 11171
9 11171 11270 11271 11172
9 11172 11271 11272 11173
9 11173 11272 11273 11174
9 11174 11273 11274 11175
9 11175 11274 11275 11176
9 11176 11275 11276 11177
9 11177 11276 11277 11178
9 11178 11277 11278 11179
9 11179 11278 11279 11180
9 11180 11279 11280 11181
9 11181 11280 11281 11182
9 11182 11281 11282 11183
9 11183 11282 11283 11184
9 11184 11283 11284 11185
9 11185 11284 11285 11186
9 11186 11285 11286 11187
9 11187 11286 11287 11188
9 11188 11287 11288 11189
9 4000 3900 11289 11190
9 11190 11289 11290 11191
9 11191 11290 11291 11192
9 11192 11291 11292 11193
9 11193 11292 11293 11194
9 11194 11293 11294 11195
9 11195 11294 11295 11196
9 11196 11295 11296 11197
9 11197 11296 11297 11198
9 11198 11297 11298 11199
9 11199 11298 11299 11200
9 11200 11299 11300 11201
9 11201 11300 11301 11202
9 11202 11301 11302 11203
9 11203 11302 11303 11204
9 11204 11303 11304 11205
9 11205 11304 11305 11206
9 11206 11305 11306 11207
9 11207 11306 11307 11208
9 11208 11307 11308 11209
9 11209 11308 11309 11210
9 11210 11309 11310 11211
9 11211 11310 11311 11212
9 11212 11311 11312 11213
9 11213 11312 11313 11214
9 11214 11313 11314 11215
9 11215 11314 11315 11216
9 11216 11315 11316 11217
9 11217 11316 11317 11218
9 11218 11317 11318 11219
9 11219 11318 11319 11220
9 11220 11319 11320 11221
9 11221 11320 11321 11222
9 11222 11321 11322 11223
9 11223 11322 11323 11224
9 11224 11323 11324 11225
9 11225 11324 11325 11226
9 11226 11325 11326 11227
9 11227 11326 11327 11228
9 11228 11327 11328 11229
9 11229 11328 11329 11230
9 11230 11329 11330 11231
9 11231 11330 11331 11232
9 11232 11331 11332 11233
9 11233 11332 11333 11234
9 11234 11333 11334 11235
9 11235 11334 11335 11236
9 11236 11335 11336 11237
9 11237 11336 11337 11238
9 11238 11337 11338 11239
9 11239 11338 11339 11240
9 11240 11339 11340 11241
9 11241 11340 11341 11242
9 11242 11341 11342 11243
9 11243 11342 11343 11244
9 11244 11343 11344 11245
9 11245 11344 11345 11246
9 11246 11345 11346 11247
9 11247 11346 11347 11248
9 11248 11347 11348 11249
9 11249 11348 11349 11250
9 11250 11349 11350 11251
9 11251 11350 11351 11252
9 11252 11351 11352 11253
9 11253 11352 11353 11254
9 11254 11353 11354 11255
9 11255 11354 11355 11256
9 11256 11355 11356 11257
9 11257 11356 11357 11258
9 11258 11357 11358 11259
9 11259 11358 11359 11260
9 11260 11359 11360 11261
9 11261 11360 11361 11262
9 11262 11361 11362 11263
9 11263 11362 11363 11264
9 11264 11363 11364 11265
9 11265 11364 11365 11266
9 11266 11365 11366 11267
9 11267 11366 11367 11268
9 11268 11367 11368 11269
9 11269 11368 11369 11270
9 11270 11369 11370 11271
9 11271 11370 11371 11272
9 11272 11371 11372 11273
9 11273 11372 11373 11274
9 11274 11373 11374 11275
9 11275 11374 11375 11276
9 11276 11375 11376 11277
9 11277 11376 11377 11278
9 11278 11377 11378 11279
9 11279 11378 11379 11280
9 11280 11379 11380 11281
9 11281 11380 11381 11282
9 11282 11381 11382 11283
9 11283 11382 11383 11284
9 11284 11383 11384 11285
9 11285 11384 11385 11286
9 11286 11385 11386 11287
9 11287 11386 11387 11288
9 3900 3800 11388 11289
9 11289 11388 11389 11290
9 11290 11389 11390 11291
9 11291 11390 11391 11292
9 11292 11391 11392 11293
9 11293 11392 11393 11294
9 11294 11393 11394 11295
9 11295 11394 11395 11296
9 11296 11395 11396 11297
9 11297 11396 11397 11298
9 11298 11397 11398 11299
9 11299 11398 11399 11300
9 11300 11399 11400 11301
9 11301 11400 11401 11302
9 11302 11401 11402 11303
9 11303 11402 11403 11304
9 11304 11403 11404 11305
9 11305 11404 11405 11306
9 11306 11405 11406 11307
9 11307 11406 11407 11308
9 11308 11407 11408 11309
9 11309 11408 11409 11310
9 11310 11409 11410 11311
9 11311 11410 11411 11312
9 11312 11411 11412 11313
9 11313 11412 11413 11314
9 11314 11413 11414 11315
9 11315 11414 11415 11316
9 11316 11415 11416 11317
9 11317 11416 11417 11318
9 11318 11417 11418 11319
9 11319 11418 11419 11320
9 11320 11419 11420 11321
9 11321 11420 11421 11322
9 11322 11421 11422 11323
9 11323 11422 11423 11324
9 11324 11423 11424 11325
9 11325 11424 11425 11326
9 11326 11425 11426 11327
9 11327 11426 11427 11328
9 11328 11427 11428 11329
9 11329 11428 11429 11330
9 11330 11429 11430 11331
9 11331 11430 11431 11332
9 11332 11431 11432 11333
9 11333 11432 11433 11334
9 11334 11433 11434 11335
9 11335 11434 11435 11336
9 11336 11435 11436 11337
9 11337 11436 11437 11338
9 11338 11437 11438 11339
9 11339 11438 11439 11340
9 11340 11439 11440 11341
9 11341 11440 11441 11342
9 11342 11441 11442 11343
9 11343 11442 11443 11344
9 11344 11443 11444 11345
9 11345 11444 11445 11346
9 11346 11445 11446 11347
9 11347 11446 11447 11348
9 11348 11447 11448 11349
9 11349 11448 11449 11350
9 11350 11449 11450 11351
9 11351 11450 11451 11352
9 11352 11451 11452 11353
9 11353 11452 11453 11354
9 11354 11453 11454 11355
9 11355 11454 11455 11356
9 11356 11455 11456 11357
9 11357 11456 11457 11358
9 11358 11457 11458 11359
9 11359 11458 11459 11360
9 11360 11459 11460 11361
9 11361 11460 11461 11362
9 11362 11461 11462 11363
9 11363 11462 11463 11364
9 11364 11463 11464 11365
9 11365 11464 11465 11366
9 11366 11465 11466 11367
9 11367 11466 11467 11368
9 11368 11467 11468 11369
9 11369 11468 11469 11370
9 11370 11469 11470 11371
9 11371 11470 11471 11372
9 11372 11471 11472 11373
9 11373 11472 11473 11374
9 11374 11473 11474 11375
9 11375 11474 11475 11376
9 11376 11475 11476 11377
9 11377 11476 11477 11378
9 11378 11477 11478 11379
9 11379 11478 11479 11380
9 11380 11479 11480 11381
9 11381 11480 11481 11382
9 11382 11481 11482 11383
9 11383 11482 11483 11384
9 11384 11483 11484 11385
9 11385 11484 11485 11386
9 11386 11485 11486 11387
9 3800 3700 11487 11388
9 11388 11487 11488 11389
9 11389 11488 11489 11390
9 11390 11489 11490 11391
9 11391 11490 11491 11392
9 11392 11491 11492 11393
9 11393 11492 11493 11394
9 11394 11493 11494 11395
9 11395 11494 11495 11396
9 11396 11495 11496 11397
9 11397 11496 11497 11398
9 11398 11497 11498 11399
9 11399 11498 11499 11400
9 11400 11499 11500 11401
9 11401 11500 11501 11402
9 11402 11501 11502 11403
9 11403 11502 11503 11404
9 11404 11503 11504 11405
9 11405 11504 11505 11406
9 11406 11505 11506 11407
9 11407 11506 11507 11408
9 11408 11507 11508 11409
9 11409 11508 11509 11410
9 11410 11509 11510 11411
9 11411 11510 11511 11412
9 11412 11511 11512 11413
9 11413 11512 11513 11414
9 11414 11513 11514 11415
9 11415 11514 11515 11416
9 11416 11515 11516 11417
9 11417 11516 11517 11418
9 11418 11517 11518 11419
9 11419 11518 11519 11420
9 11420 11519 11520 11421
9 11421 11520 11521 11422
9 11422 11521 11522 11423
9 11423 11522 11523 11424
9 11424 11523 11524 11425
9 11425 11524 11525 11426
9 11426 11525 11526 11427
9 11427 11526 11527 11428
9 11428 11527 11528 11429
9 11429 11528 11529 11430
9 11430 11529 11530 11431
9 11431 11530 11531 11432
9 11432 11531 11532 11433
9 11433 11532 11533 11434
9 11434 11533 11534 11435
9 11435 11534 11535 11436
9 11436 11535 11536 11437
9 11437 11536 11537 11438
9 11438 11537 11538 11439
9 11439 11538 11539 11440
9 11440 11539 11540 11441
9 11441 11540 11541 11442
9 11442 11541 11542 11443
9 11443 11542 11543 11444
9 11444 11543 11544 11445
9 11445 11544 11545 11446
9 11446 11545 11546 11447
9 11447 11546 11547 11448
9 11448 11547 11548 11449
9 11449 11548 11549 11450
9 11450 11549 11550 11451
9 11451 11550 11551 11452
9 11452 11551 11552 11453
9 11453 11552 11553 11454
9 11454 11553 11554 11455
9 11455 11554 11555 11456
9 11456 11555 11556 11457
9 11457 11556 11557 11458
9 11458 11557 11558 11459
9 11459 11558 11559 11460
9 11460 11559 11560 11461
9 11461 11560 11561 11462
9 11462 11561 11562 11463
9 11463 11562 11563 11464
9 11464 11563 11564 11465
9 11465 11564 11565 11466
9 11466 11565 11566 11467
9 11467 11566 11567 11468
9 11468 11567 11568 11469
9 11469 11568 11569 11470
9 11470 11569 11570 11471
9 11471 11570 11571 11472
9 11472 11571 11572 11473
9 11473 11572 11573 11474
9 11474 11573 11574 11475
9 11475 11574 11575 11476
9 11476 11575 11576 11477
9 11477 11576 11577 11478
9 11478 11577 11578 11479
9 11479 11578 11579 11480
9 11480 11579 11580 11481
9 11481 11580 11581 11482
9 11482 11581 11582 11483
9 11483 11582 11583 11484
9 11484 11583 11584 11485
9 11485 11584 11585 11486
9 3700 3600 11586 11487
9 11487 11586 11587 11488
9 11488 11587 11588 11489
9 11489 11588 11589 11490
9 11490 11589 11590 11491
9 11491 11590 11591 11492
9 11492 11591 11592 11493
9 11493 11592 11593 11494
9 11494 11593 11594 11495
9 11495 11594 11595 11496
9 11496 11595 11596 11497
9 11497 11596 11597 11498
9 11498 11597 11598 11499
9 11499 11598 11599 11500
9 11500 11599 11600 11501
9 11501 11600 11601 11502
9 11502 11601 11602 11503
9 11503 11602 11603 11504
9 11504 11603 11604 11505
9 11505 11604 11605 11506
9 11506 11605 11606 11507
9 11507 11606 11607 11508
9 11508 11607 11608 11509
9 11509 11608 11609 11510
9 11510 11609 11610 11511
9 11511 11610 11611 11512
9 11512 11611 11612 11513
9 11513 11612 11613 11514
9 11514 11613 11614 11515
9 11515 11614 11615 11516
9 11516 11615 11616 11517
9 11517 11616 11617 11518
9 11518 11617 11618 11519
9 11519 11618 11619 11520
9 11520 11619 11620 11521
9 11521 11620 11621 11522
9 11522 11621 11622 11523
9 11523 11622 11623 11524
9 11524 11623 11624 11525
9 11525 11624 11625 11526
9 11526 11625 11626 11527
9 11527 11626 11627 11528
9 11528 11627 11628 11529
9 11529 11628 11629 11530
9 11530 11629 11630 11531
9 11531 11630 11631 11532
9 11532 11631 11632 11533
9 11533 11632 11633 11534
9 11534 11633 11634 11535
9 11535 11634 11635 11536
9 11536 11635 11636 11537
9 11537 11636 11637 11538
9 11538 11637 11638 11539
9 11539 11638 11639 11540
9 11540 11639 11640 11541
9 11541 11640 11641 11542
9 11542 11641 11642 11543
9 11543 11642 11643 11544
9 11544 11643 11644 11545
9 11545 11644 11645 11546
9 11546 11645 11646 11547
9 11547 11646 11647 11548
9 11548 11647 11648 11549
9 11549 11648 11649 11550
9 11550 11649 11650 11551
9 11551 11650 11651 11552
9 11552 11651 11652 11553
9 11553 11652 11653 11554
9 11554 11653 11654 11555
9 11555 11654 11655 11556
9 11556 11655 11656 11557
9 11557 11656 11657 11558
9 11558 11657 11658 11559
9 11559 11658 11659 11560
9 11560 11659 11660 11561
9 11561 11660 11661 11562
9 11562 11661 11662 11563
9 11563 11662 11663 11564
9 11564 11663 11664 11565
9 11565 11664 11665 11566
9 11566 11665 11666 11567
9 11567 11666 11667 11568
9 11568 11667 11668 11569
9 11569 11668 11669 11570
9 11570 11669 11670 11571
9 11571 11670 11671 11572
9 11572 11671 11672 11573
9 11573 11672 11673 11574
9 11574 11673 11674 11575
9 11575 11674 11675 11576
9 11576 11675 11676 11577
9 11577 11676 11677 11578
9 11578 11677 11678 11579
9 11579 11678 11679 11580
9 11580 11679 11680 11581
9 11581 11680 11681 11582
9 11582 11681 11682 11583
9 11583 11682 11683 11584
9 11584 11683 11684 11585
9 3600 3500 11685 11586
9 11586 11685 11686 11587
9 11587 11686 11687 11588
9 11588 11687 11688 11589
9 11589 11688 11689 11590
9 11590 11689 11690 11591
9 11591 11690 11691 11592
9 11592 11691 11692 11593
9 11593 11692 11693 11594
9 11594 11693 11694 11595
9 11595 11694 11695 11596
9 11596 11695 11696 11597
9 11597 11696 11697 11598
9 11598 11697 11698 11599
9 11599 11698 11699 11600
9 11600 11699 11700 11601
9 11601 11700 11701 11602
9 11602 11701 11702 11603
9 11603 11702 11703 11604
9 11604 11703 11704 11605
9 11605 11704 11705 11606
9 11606 11705 11706 11607
9 11607 11706 11707 11608
9 11608 11707 11708 11609
9 11609 11708 11709 11610
9 11610 11709 11710 11611
9 11611 11710 11711 11612
9 11612 11711 11712 11613
9 11613 11712 11713 11614
9 11614 11713 11714 11615
9 11615 11714 11715 11616
9 11616 11715 11716 11617
9 11617 11716 11717 11618
9 11618 11717 11718 11619
9 11619 11718 11719 11620
9 11620 11719 11720 11621
9 11621 11720 11721 11622
9 11622 11721 11722 11623
9 11623 11722 11723 11624
9 11624 11723 11724 11625
9 11625 11724 11725 11626
9 11626 11725 11726 11627
9 11627 11726 11727 11628
9 11628 11727 11728 11629
9 11629 11728 11729 11630
9 11630 11729 11730 11631
9 11631 11730 11731 11632
9 11632 11731 11732 11633
9 11633 11732 11733 11634
9 11634 11733 11734 11635
9 11635 11734 11735 11636
9 11636 11735 11736 11637
9 11637 11736 11737 11638
9 11638 11737 11738 11639
9 11639 11738 11739 11640
9 11640 11739 11740 11641
9 11641 11740 11741 11642
9 11642 11741 11742 11643
9 11643 11742 11743 11644
9 11644 11743 11744 11645
9 11645 11744 11745 11646
9 11646 11745 11746 11647
9 11647 11746 11747 11648
9 11648 11747 11748 11649
9 11649 11748 11749 11650
9 11650 11749 11750 11651
9 11651 11750 11751 11652
9 11652 11751 11752 11653
9 11653 11752 11753 11654
9 11654 11753 11754 11655
9 11655 11754 11755 11656
9 11656 11755 11756 11657
9 11657 11756 11757 11658
9 11658 11757 11758 11659
9 11659 11758 11759 11660
9 11660 11759 11760 11661
9 11661 11760 11761 11662
9 11662 11761 11762 11663
9 11663 11762 11763 11664
9 11664 11763 11764 11665
9 11665 11764 11765 11666
9 11666 11765 11766 11667
9 11667 11766 11767 11668
9 11668 11767 11768 11669
9 11669 11768 11769 11670
9 11670 11769 11770 11671
9 11671 11770 11771 11672
9 11672 11771 11772 11673
9 11673 11772 11773 11674
9 11674 11773 11774 11675
9 11675 11774 11775 11676
9 11676 11775 11776 11677
9 11677 11776 11777 11678
9 11678 11777 11778 11679
9 11679 11778 11779 11680
9 11680 11779 11780 11681
9 11681 11780 11781 11682
9 11682 11781 11782 11683
9 11683 11782 11783 11684
9 3500 3400 11784 11685
9 11685 11784 11785 11686
9 11686 11785 11786 11687
9 11687 11786 11787 11688
9 11688 11787 11788 11689
9 11689 11788 11789 11690
9 11690 11789 11790 11691
9 11691 11790 11791 11692
9 11692 11791 11792 11693
9 11693 11792 11793 11694
9 11694 11793 11794 11695
9 11695 11794 11795 11696
9 11696 11795 11796 11697
9 11697 11796 11797 11698
9 11698 11797 11798 11699
9 11699 11798 11799 11700
9 11700 11799 11800 11701
9 11701 11800 11801 11702
9 11702 11801 11802 11703
9 11703 11802 11803 11704
9 11704 11803 11804 11705
9 11705 11804 11805 11706
9 11706 11805 11806 11707
9 11707 11806 11807 11708
9 11708 11807 11808 11709
9 11709 11808 11809 11710
9 11710 11809 11810 11711
9 11711 11810 11811 11712
9 11712 11811 11812 11713
9 11713 11812 11813 11714
9 11714 11813 11814 11715
9 11715 11814 11815 11716
9 11716 11815 11816 11717
9 11717 11816 11817 11718
9 11718 11817 11818 11719
9 11719 11818 11819 11720
9 11720 11819 11820 11721
9 11721 11820 11821 11722
9 11722 11821 11822 11723
9 11723 11822 11823 11724
9 11724 11823 11824 11725
9 11725 11824 11825 11726
9 11726 11825 11826 11727
9 11727 11826 11827 11728
9 11728 11827 11828 11729
9 11729 11828 11829 11730
9 11730 11829 11830 11731
9 11731 11830 11831 11732
9 11732 11831 11832 11733
9 11733 11832 11833 11734
9 11734 11833 11834 11735
9 11735 11834 11835 11736
9 11736 11835 11836 11737
9 11737 11836 11837 11738
9 11738 11837 11838 11739
9 11739 11838 11839 11740
9 11740 11839 11840 11741
9 11741 11840 11841 11742
9 11742 11841 11842 11743
9 11743 11842 11843 11744
9 11744 11843 11844 11745
9 11745 11844 11845 11746
9 11746 11845 11846 11747
9 11747 11846 11847 11748
9 11748 11847 11848 11749
9 11749 11848 11849 11750
9 11750 11849 11850 11751
9 11751 11850 11851 11752
9 11752 11851 11852 11753
9 11753 11852 11853 11754
9 11754 11853 11854 11755
9 11755 11854 11855 11756
9 11756 11855 11856 11757
9 11757 11856 11857 11758
9 11758 11857 11858 11759
9 11759 11858 11859 11760
9 11760 11859 11860 11761
9 11761 11860 11861 11762
9 11762 11861 11862 11763
9 11763 11862 11863 11764
9 11764 11863 11864 11765
9 11765 11864 11865 11766
9 11766 11865 11866 11767
9 11767 11866 11867 11768
9 11768 11867 11868 11769
9 11769 11868 11869 11770
9 11770 11869 11870 11771
9 11771 11870 11871 11772
9 11772 11871 11872 11773
9 11773 11872 11873 11774
9 11774 11873 11874 11775
9 11775 11874 11875 11776
9 11776 11875 11876 11777
9 11777 11876 11877 11778
9 11778 11877 11878 11779
9 11779 11878 11879 11780
9 11780 11879 11880 11781
9 11781 11880 11881 11782
9 11782 11881 11882 11783
9 3400 3300 11883 11784
9 11784 11883 11884 11785
9 11785 11884 11885 11786
9 11786 11885 11886 11787
9 11787 11886 11887 11788
9 11788 11887 11888 11789
9 11789 11888 11889 11790
9 11790 11889 11890 11791
9 11791 11890 11891 11792
9 11792 11891 11892 11793
9 11793 11892 11893 11794
9 11794 11893 11894 11795
9 11795 11894 11895 11796
9 11796 11895 11896 11797
9 11797 11896 11897 11798
9 11798 11897 11898 11799
9 11799 11898 11899 11800
9 11800 11899 11900 11801
9 11801 11900 11901 11802
9 11802 11901 11902 11803
9 11803 11902 11903 11804
9 11804 11903 11904 11805
9 11805 11904 11905 11806
9 11806 11905 11906 11807
9 11807 11906 11907 11808
9 11808 11907 11908 11809
9 11809 11908 11909 11810
9 11810 11909 11910 11811
9 11811 11910 11911 11812
9 11812 11911 11912 11813
9 11813 11912 11913 11814
9 11814 11913 11914 11815
9 11815 11914 11915 11816
9 11816 11915 11916 11817
9 11817 11916 11917 11818
9 11818 11917 11918 11819
9 11819 11918 11919 11820
9 11820 11919 11920 11821
9 11821 11920 11921 11822
9 11822 11921 11922 11823
9 11823 11922 11923 11824
9 11824 11923 11924 11825
9 11825 11924 11925 11826
9 11826 11925 11926 11827
9 11827 11926 11927 11828
9 11828 11927 11928 11829
9 11829 11928 11929 11830
9 11830 11929 11930 11831
9 11831 11930 11931 11832
9 11832 11931 11932 11833
9 11833 11932 11933 11834
9 11834 11933 11934 11835
9 11835 11934 11935 11836
9 11836 11935 11936 11837
9 11837 11936 11937 11838
9 11838 11937 11938 11839
9 11839 11938 11939 11840
9 11840 11939 11940 11841
9 11841 11940 11941 11842
9 11842 11941 11942 11843
9 11843 11942 11943 11844
9 11844 11943 11944 11845
9 11845 11944 11945 11846
9 11846 11945 11946 11847
9 11847 11946 11947 11848
9 11848 11947 11948 11849
9 11849 11948 11949 11850
9 11850 11949 11950 11851
9 11851 11950 11951 11852
9 11852 11951 11952 11853
9 11853 11952 11953 11854
9 11854 11953 11954 11855
9 11855 11954 11955 11856
9 11856 11955 11956 11857
9 11857 11956 11957 11858
9 11858 11957 11958 11859
9 11859 11958 11959 11860
9 11860 11959 11960 11861
9 11861 11960 11961 11862
9 11862 11961 11962 11863
9 11863 11962 11963 11864
9 11864 11963 11964 11865
9 11865 11964 11965 11866
9 11866 11965 11966 11867
9 11867 11966 11967 11868
9 11868 11967 11968 11869
9 11869 11968 11969 11870
9 11870 11969 11970 11871
9 11871 11970 11971 11872
9 11872 11971 11972 11873
9 11873 11972 11973 11874
9 11874 11973 11974 11875
9 11875 11974 11975 11876
9 11876 11975 11976 11877
9 11877 11976 11977 11878
9 11878 11977 11978 11879
9 11879 11978 11979 11880
9 11880 11979 11980 11881
9 11881 11980 11981 11882
9 3300 3200 11982 11883
9 11883 11982 11983 11884
9 11884 11983 11984 11885
9 11885 11984 11985 11886
9 11886 11985 11986 11887
9 11887 11986 11987 11888
9 11888 11987 11988 11889
9 11889 11988 11989 11890
9 11890 11989 11990 11891
9 11891 11990 11991 11892
9 11892 11991 11992 11893
9 11893 11992 11993 11894
9 11894 11993 11994 11895
9 11895 11994 11995 11896
9 11896 11995 11996 11897
9 11897 11996 11997 11898
9 11898 11997 11998 11899
9 11899 11998 11999 11900
9 11900 11999 12000 11901
9 11901 12000 12001 11902
9 11902 12001 12002 11903
9 11903 12002 12003 11904
9 11904 12003 12004 11905
9 11905 12004 12005 11906
9 11906 12005 12006 11907
9 11907 12006 12007 11908
9 11908 12007 12008 11909
9 11909 12008 12009 11910
9 11910 12009 12010 11911
9 11911 12010 12011 11912
9 11912 12011 12012 11913
9 11913 12012 12013 11914
9 11914 12013 12014 11915
9 11915 12014 12015 11916
9 11916 12015 12016 11917
9 11917 12016 12017 11918
9 11918 12017 12018 11919
9 11919 12018 12019 11920
9 11920 12019 12020 11921
9 11921 12020 12021 11922
9 11922 12021 12022 11923
9 11923 12022 12023 11924
9 11924 12023 12024 11925
9 11925 12024 12025 11926
9 11926 12025 12026 11927
9 11927 12026 12027 11928
9 11928 12027 12028 11929
9 11929 12028 12029 11930
9 11930 12029 12030 11931
9 11931 12030 12031 11932
9 11932 12031 12032 11933
9 11933 12032 12033 11934
9 11934 12033 12034 11935
9 11935 12034 12035 11936
9 11936 12035 12036 11937
9 11937 12036 12037 11938
9 11938 12037 12038 11939
9 11939 12038 12039 11940
9 11940 12039 12040 11941
9 11941 12040 12041 11942
9 11942 12041 12042 11943
9 11943 12042 12043 11944
9 11944 12043 12044 11945
9 11945 12044 12045 11946
9 11946 12045 12046 11947
9 11947 12046 12047 11948
9 11948 12047 12048 11949
9 11949 12048 12049 11950
9 11950 12049 12050 11951
9 11951 12050 12051 11952
9 11952 12051 12052 11953
9 11953 12052 12053 11954
9 11954 12053 12054 11955
9 11955 12054 12055 11956
9 11956 12055 12056 11957
9 11957 12056 12057 11958
9 11958 12057 12058 11959
9 11959 12058 12059 11960
9 11960 12059 12060 11961
9 11961 12060 12061 11962
9 11962 12061 12062 11963
9 11963 12062 12063 11964
9 11964 12063 12064 11965
9 11965 12064 12065 11966
9 11966 12065 12066 11967
9 11967 12066 12067 11968
9 11968 12067 12068 11969
9 11969 12068 12069 11970
9 11970 12069 12070 11971
9 11971 12070 12071 11972
9 11972 12071 12072 11973
9 11973 12072 12073 11974
9 11974 12073 12074 11975
9 11975 12074 12075 11976
9 11976 12075 12076 11977
9 11977 12076 12077 11978
9 11978 12077 12078 11979
9 11979 12078 12079 11980
9 11980 12079 12080 11981
9 3200 3100 12081 11982
9 11982 12081 12082 11983
9 11983 12082 12083 11984
9 11984 12083 12084 11985
9 11985 12084 12085 11986
9 11986 12085 12086 11987
9 11987 12086 12087 11988
9 11988 12087 12088 11989
9 11989 12088 12089 11990
9 11990 12089 12090 11991
9 11991 12090 12091 11992
9 11992 12091 12092 11993
9 11993 12092 12093 11994
9 11994 12093 12094 11995
9 11995 12094 12095 11996
9 11996 12095 12096 11997
9 11997 12096 12097 11998
9 11998 12097 12098 11999
9 11999 12098 12099 12000
9 12000 12099 12100 12001
9 12001 12100 12101 12002
9 12002 12101 12102 12003
9 12003 12102 12103 12004
9 12004 12103 12104 12005
9 12005 12104 12105 12006
9 12006 12105 12106 12007
9 12007 12106 12107 12008
9 12008 12107 12108 12009
9 12009 12108 12109 12010
9 12010 12109 12110 12011
9 12011 12110 12111 12012
9 12012 12111 12112 12013
9 12013 12112 12113 12014
9 12014 12113 12114 12015
9 12015 12114 12115 12016
9 12016 12115 12116 12017
9 12017 12116 12117 12018
9 12018 12117 12118 12019
9 12019 12118 12119 12020
9 12020 12119 12120 12021
9 12021 12120 12121 12022
9 12022 12121 12122 12023
9 12023 12122 12123 12024
9 12024 12123 12124 12025
9 12025 12124 12125 12026
9 12026 12125 12126 12027
9 12027 12126 12127 12028
9 12028 12127 12128 12029
9 12029 12128 12129 12030
9 12030 12129 12130 12031
9 12031 12130 12131 12032
9 12032 12131 12132 12033
9 12033 12132 12133 12034
9 12034 12133 12134 12035
9 12035 12134 12135 12036
9 12036 12135 12136 12037
9 12037 12136 12137 12038
9 12038 12137 12138 12039
9 12039 12138 12139 12040
9 12040 12139 12140 12041
9 12041 12140 12141 12042
9 12042 12141 12142 12043
9 12043 12142 12143 12044
9 12044 12143 12144 12045
9 12045 12144 12145 12046
9 12046 12145 12146 12047
9 12047 12146 12147 12048
9 12048 12147 12148 12049
9 12049 12148 12149 12050
9 12050 12149 12150 12051
9 12051 12150 12151 12052
9 12052 12151 12152 12053
9 12053 12152 12153 12054
9 12054 12153 12154 12055
9 12055 12154 12155 12056
9 12056 12155 12156 12057
9 12057 12156 12157 12058
9 12058 12157 12158 12059
9 12059 12158 12159 12060
9 12060 12159 12160 12061
9 12061 12160 12161 12062
9 12062 12161 12162 12063
9 12063 12162 12163 12064
9 12064 12163 12164 12065
9 12065 12164 12165 12066
9 12066 12165 12166 12067
9 12067 12166 12167 12068
9 12068 12167 12168 12069
9 12069 12168 12169 12070
9 12070 12169 12170 12071
9 12071 12170 12171 12072
9 12072 12171 12172 12073
9 12073 12172 12173 12074
9 12074 12173 12174 12075
9 12075 12174 12175 12076
9 12076 12175 12176 12077
9 12077 12176 12177 12078
9 12078 12177 12178 12079
9 12079 12178 12179 12080
9 3100 3000 12180 12081
9 12081 12180 12181 12082
9 12082 12181 12182 12083
9 12083 12182 12183 12084
9 12084 12183 12184 12085
9 12085 12184 12185 12086
9 12086 12185 12186 12087
9 12087 12186 12187 12088
9 12088 12187 12188 12089
9 12089 12188 12189 12090
9 12090 12189 12190 12091
9 12091 12190 12191 12092
9 12092 12191 12192 12093
9 12093 12192 12193 12094
9 12094 12193 12194 12095
9 12095 12194 12195 12096
9 12096 12195 12196 12097
9 12097 12196 12197 12098
9 12098 12197 12198 12099
9 12099 12198 12199 12100
9 12100 12199 12200 12101
9 12101 12200 12201 12102
9 12102 12201 12202 12103
9 12103 12202 12203 12104
9 12104 12203 12204 12105
9 12105 12204 12205 12106
9 12106 12205 12206 12107
9 12107 12206 12207 12108
9 12108 12207 12208 12109
9 12109 12208 12209 12110
9 12110 12209 12210 12111
9 12111 12210 12211 12112
9 12112 12211 12212 12113
9 12113 12212 12213 12114
9 12114 12213 12214 12115
9 12115 12214 12215 12116
9 12116 12215 12216 12117
9 12117 12216 12217 12118
9 12118 12217 12218 12119
9 12119 12218 12219 12120
9 12120 12219 12220 12121
9 12121 12220 12221 12122
9 12122 12221 12222 12123
9 12123 12222 12223 12124
9 12124 12223 12224 12125
9 12125 12224 12225 12126
9 12126 12225 12226 12127
9 12127 12226 12227 12128
9 12128 12227 12228 12129
9 12129 12228 12229 12130
9 12130 12229 12230 12131
9 12131 12230 12231 12132
9 12132 12231 12232 12133
9 12133 12232 12233 12134
9 12134 12233 12234 12135
9 12135 12234 12235 12136
9 12136 12235 12236 12137
9 12137 12236 12237 12138
9 12138 12237 12238 12139
9 12139 12238 12239 12140
9 12140 12239 12240 12141
9 12141 12240 12241 12142
9 12142 12241 12242 12143
9 12143 12242 12243 12144
9 12144 12243 12244 12145
9 12145 12244 12245 12146
9 12146 12245 12246 12147
9 12147 12246 12247 12148
9 12148 12247 12248 12149
9 12149 12248 12249 12150
9 12150 12249 12250 12151
9 12151 12250 12251 12152
9 12152 12251 12252 12153
9 12153 12252 12253 12154
9 12154 12253 12254 12155
9 12155 12254 12255 12156
9 12156 12255 12256 12157
9 12157 12256 12257 12158
9 12158 12257 12258 12159
9 12159 12258 12259 12160
9 12160 12259 12260 12161
9 12161 12260 12261 12162
9 12162 12261 12262 12163
9 12163 12262 12263 12164
9 12164 12263 12264 12165
9 12165 12264 12265 12166
9 12166 12265 12266 12167
9 12167 12266 12267 12168
9 12168 12267 12268 12169
9 12169 12268 12269 12170
9 12170 12269 12270 12171
9 12171 12270 12271 12172
9 12172 12271 12272 12173
9 12173 12272 12273 12174
9 12174 12273 12274 12175
9 12175 12274 12275 12176
9 12176 12275 12276 12177
9 12177 12276 12277 12178
9 12178 12277 12278 12179
9 3000 2900 12279 12180
9 12180 12279 12280 12181
9 12181 12280 12281 12182
9 12182 12281 12282 12183
9 12183 12282 12283 12184
9 12184 12283 12284 12185
9 12185 12284 12285 12186
9 12186 12285 12286 12187
9 12187 12286 12287 12188
9 12188 12287 12288 12189
9 12189 12288 12289 12190
9 12190 12289 12290 12191
9 12191 12290 12291 12192
9 12192 12291 12292 12193
9 12193 12292 12293 12194
9 12194 12293 12294 12195
9 12195 12294 12295 12196
9 12196 12295 12296 12197
9 12197 12296 12297 12198
9 12198 12297 12298 12199
9 12199 12298 12299 12200
9 12200 12299 12300 12201
9 12201 12300 12301 12202
9 12202 12301 12302 12203
9 12203 12302 12303 12204
9 12204 12303 12304 12205
9 12205 12304 12305 12206
9 12206 12305 12306 12207
9 12207 12306 12307 12208
9 12208 12307 12308 12209
9 12209 12308 12309 12210
9 12210 12309 12310 12211
9 12211 12310 12311 12212
9 12212 12311 12312 12213
9 12213 12312 12313 12214
9 12214 12313 12314 12215
9 12215 12314 12315 12216
9 12216 12315 12316 12217
9 12217 12316 12317 12218
9 12218 12317 12318 12219
9 12219 12318 12319 12220
9 12220 12319 12320 12221
9 12221 12320 12321 12222
9 12222 12321 12322 12223
9 12223 12322 12323 12224
9 12224 12323 12324 12225
9 12225 12324 12325 12226
9 12226 12325 12326 12227
9 12227 12326 12327 12228
9 12228 12327 12328 12229
9 12229 12328 12329 12230
9 12230 12329 12330 12231
9 12231 12330 12331 12232
9 12232 12331 12332 12233
9 12233 12332 12333 12234
9 12234 12333 12334 12235
9 12235 12334 12335 12236
9 12236 12335 12336 12237
9 12237 12336 12337 12238
9 12238 12337 12338 12239
9 12239 12338 12339 12240
9 12240 12339 12340 12241
9 12241 12340 12341 12242
9 12242 12341 12342 12243
9 12243 12342 12343 12244
9 12244 12343 12344 12245
9 12245 12344 12345 12246
9 12246 12345 12346 12247
9 12247 12346 12347 12248
9 12248 12347 12348 12249
9 12249 12348 12349 12250
9 12250 12349 12350 12251
9 12251 12350 12351 12252
9 12252 12351 12352 12253
9 12253 12352 12353 12254
9 12254 12353 12354 12255
9 12255 12354 12355 12256
9 12256 12355 12356 12257
9 12257 12356 12357 12258
9 12258 12357 12358 12259
9 12259 12358 12359 12260
9 12260 12359 12360 12261
9 12261 12360 12361 12262
9 12262 12361 12362 12263
9 12263 12362 12363 12264
9 12264 12363 12364 12265
9 12265 12364 12365 12266
9 12266 12365 12366 12267
9 12267 12366 12367 12268
9 12268 12367 12368 12269
9 12269 12368 12369 12270
9 12270 12369 12370 12271
9 12271 12370 12371 12272
9 12272 12371 12372 12273
9 12273 12372 12373 12274
9 12274 12373 12374 12275
9 12275 12374 12375 12276
9 12276 12375 12376 12277
9 12277 12376 12377 12278
9 2900 2800 12378 12279
9 12279 12378 12379 12280
9 12280 12379 12380 12281
9 12281 12380 12381 12282
9 12282 12381 12382 12283
9 12283 12382 12383 12284
9 12284 12383 12384 12285
9 12285 12384 12385 12286
9 12286 12385 12386 12287
9 12287 12386 12387 12288
9 12288 12387 12388 12289
9 12289 12388 12389 12290
9 12290 12389 12390 12291
9 12291 12390 12391 12292
9 12292 12391 12392 12293
9 12293 12392 12393 12294
9 12294 12393 12394 12295
9 12295 12394 12395 12296
9 12296 12395 12396 12297
9 12297 12396 12397 12298
9 12298 12397 12398 12299
9 12299 12398 12399 12300
9 12300 12399 12400 12301
9 12301 12400 12401 12302
9 12302 12401 12402 12303
9 12303 12402 12403 12304
9 12304 12403 12404 12305
9 12305 12404 12405 12306
9 12306 12405 12406 12307
9 12307 12406 12407 12308
9 12308 12407 12408 12309
9 12309 12408 12409 12310
9 12310 12409 12410 12311
9 12311 12410 12411 12312
9 12312 12411 12412 12313
9 12313 12412 12413 12314
9 12314 12413 12414 12315
9 12315 12414 12415 12316
9 12316 12415 12416 12317
9 12317 12416 12417 12318
9 12318 12417 12418 12319
9 12319 12418 12419 12320
9 12320 12419 12420 12321
9 12321 12420 12421 12322
9 12322 12421 12422 12323
9 12323 12422 12423 12324
9 12324 12423 12424 12325
9 12325 12424 12425 12326
9 12326 12425 12426 12327
9 12327 12426 12427 12328
9 12328 12427 12428 12329
9 12329 12428 12429 12330
9 12330 12429 12430 12331
9 12331 12430 12431 12332
9 12332 12431 12432 12333
9 12333 12432 12433 12334
9 12334 12433 12434 12335
9 12335 12434 12435 12336
9 12336 12435 12436 12337
9 12337 12436 12437 12338
9 12338 12437 12438 12339
9 12339 12438 12439 12340
9 12340 12439 12440 12341
9 12341 12440 12441 12342
9 12342 12441 12442 12343
9 12343 12442 12443 12344
9 12344 12443 12444 12345
9 12345 12444 12445 12346
9 12346 12445 12446 12347
9 12347 12446 12447 12348
9 12348 12447 12448 12349
9 12349 12448 12449 12350
9 12350 12449 12450 12351
9 12351 12450 12451 12352
9 12352 12451 12452 12353
9 12353 12452 12453 12354
9 12354 12453 12454 12355
9 12355 12454 12455 12356
9 12356 12455 12456 12357
9 12357 12456 12457 12358
9 12358 12457 12458 12359
9 12359 12458 12459 12360
9 12360 12459 12460 12361
9 12361 12460 12461 12362
9 12362 12461 12462 12363
9 12363 12462 12463 12364
9 12364 12463 12464 12365
9 12365 12464 12465 12366
9 12366 12465 12466 12367
9 12367 12466 12467 12368
9 12368 12467 12468 12369
9 12369 12468 12469 12370
9 12370 12469 12470 12371
9 12371 12470 12471 12372
9 12372 12471 12472 12373
9 12373 12472 12473 12374
9 12374 12473 12474 12375
9 12375 12474 12475 12376
9 12376 12475 12476 12377
9 2800 2700 12477 12378
9 12378 12477 12478 12379
9 12379 12478 12479 12380
9 12380 12479 12480 12381
9 12381 12480 12481 12382
9 12382 12481 12482 12383
9 12383 12482 12483 12384
9 12384 12483 12484 12385
9 12385 12484 12485 12386
9 12386 12485 12486 12387
9 12387 12486 12487 12388
9 12388 12487 12488 12389
9 12389 12488 12489 12390
9 12390 12489 12490 12391
9 12391 12490 12491 12392
9 12392 12491 12492 12393
9 12393 12492 12493 12394
9 12394 12493 12494 12395
9 12395 12494 12495 12396
9 12396 12495 12496 12397
9 12397 12496 12497 12398
9 12398 12497 12498 12399
9 12399 12498 12499 12400
9 12400 12499 12500 12401
9 12401 12500 12501 12402
9 12402 12501 12502 12403
9 12403 12502 12503 12404
9 12404 12503 12504 12405
9 12405 12504 12505 12406
9 12406 12505 12506 12407
9 12407 12506 12507 12408
9 12408 12507 12508 12409
9 12409 12508 12509 12410
9 12410 12509 12510 12411
9 12411 12510 12511 12412
9 12412 12511 12512 12413
9 12413 12512 12513 12414
9 12414 12513 12514 12415
9 12415 12514 12515 12416
9 12416 12515 12516 12417
9 12417 12516 12517 12418
9 12418 12517 12518 12419
9 12419 12518 12519 12420
9 12420 12519 12520 12421
9 12421 12520 12521 12422
9 12422 12521 12522 12423
9 12423 12522 12523 12424
9 12424 12523 12524 12425
9 12425 12524 12525 12426
9 12426 12525 12526 12427
9 12427 12526 12527 12428
9 12428 12527 12528 12429
9 12429 12528 12529 12430
9 12430 12529 12530 12431
9 12431 12530 12531 12432
9 12432 12531 12532 12433
9 12433 12532 12533 12434
9 12434 12533 12534 12435
9 12435 12534 12535 12436
9 12436 12535 12536 12437
9 12437 12536 12537 12438
9 12438 12537 12538 12439
9 12439 12538 12539 12440
9 12440 12539 12540 12441
9 12441 12540 12541 12442
9 12442 12541 12542 12443
9 12443 12542 12543 12444
9 12444 12543 12544 12445
9 12445 12544 12545 12446
9 12446 12545 12546 12447
9 12447 12546 12547 12448
9 12448 12547 12548 12449
9 12449 12548 12549 12450
9 12450 12549 12550 12451
9 12451 12550 12551 12452
9 12452 12551 12552 12453
9 12453 12552 12553 12454
9 12454 12553 12554 12455
9 12455 12554 12555 12456
9 12456 12555 12556 12457
9 12457 12556 12557 12458
9 12458 12557 12558 12459
9 12459 12558 12559 12460
9 12460 12559 12560 12461
9 12461 12560 12561 12462
9 12462 12561 12562 12463
9 12463 12562 12563 12464
9 12464 12563 12564 12465
9 12465 12564 12565 12466
9 12466 12565 12566 12467
9 12467 12566 12567 12468
9 12468 12567 12568 12469
9 12469 12568 12569 12470
9 12470 12569 12570 12471
9 12471 12570 12571 12472
9 12472 12571 12572 12473
9 12473 12572 12573 12474
9 12474 12573 12574 12475
9 12475 12574 12575 12476
9 2700 2600 12576 12477
9 12477 12576 12577 12478
9 12478 12577 12578 12479
9 12479 12578 12579 12480
9 12480 12579 12580 12481
9 12481 12580 12581 12482
9 12482 12581 12582 12483
9 12483 12582 12583 12484
9 12484 12583 12584 12485
9 12485 12584 12585 12486
9 12486 12585 12586 12487
9 12487 12586 12587 12488
9 12488 12587 12588 12489
9 12489 12588 12589 12490
9 12490 12589 12590 12491
9 12491 12590 12591 12492
9 12492 12591 12592 12493
9 12493 12592 12593 12494
9 12494 12593 12594 12495
9 12495 12594 12595 12496
9 12496 12595 12596 12497
9 12497 12596 12597 12498
9 12498 12597 12598 12499
9 12499 12598 12599 12500
9 12500 12599 12600 12501
9 12501 12600 12601 12502
9 12502 12601 12602 12503
9 12503 12602 12603 12504
9 12504 12603 12604 12505
9 12505 12604 12605 12506
9 12506 12605 12606 12507
9 12507 12606 12607 12508
9 12508 12607 12608 12509
9 12509 12608 12609 12510
9 12510 12609 12610 12511
9 12511 12610 12611 12512
9 12512 12611 12612 12513
9 12513 12612 12613 12514
9 12514 12613 12614 12515
9 12515 12614 12615 12516
9 12516 12615 12616 12517
9 12517 12616 12617 12518
9 12518 12617 12618 12519
9 12519 12618 12619 12520
9 12520 12619 12620 12521
9 12521 12620 12621 12522
9 12522 12621 12622 12523
9 12523 12622 12623 12524
9 12524 12623 12624 12525
9 12525 12624 12625 12526
9 12526 12625 12626 12527
9 12527 12626 12627 12528
9 12528 12627 12628 12529
9 12529 12628 12629 12530
9 12530 12629 12630 12531
9 12531 12630 12631 12532
9 12532 12631 12632 12533
9 12533 12632 12633 12534
9 12534 12633 12634 12535
9 12535 12634 12635 12536
9 12536 12635 12636 12537
9 12537 12636 12637 12538
9 12538 12637 12638 12539
9 12539 12638 12639 12540
9 12540 12639 12640 12541
9 12541 12640 12641 12542
9 12542 12641 12642 12543
9 12543 12642 12643 12544
9 12544 12643 12644 12545
9 12545 12644 12645 12546
9 12546 12645 12646 12547
9 12547 12646 12647 12548
9 12548 12647 12648 12549
9 12549 12648 12649 12550
9 12550 12649 12650 12551
9 12551 12650 12651 12552
9 12552 12651 12652 12553
9 12553 12652 12653 12554
9 12554 12653 12654 12555
9 12555 12654 12655 12556
9 12556 12655 12656 12557
9 12557 12656 12657 12558
9 12558 12657 12658 12559
9 12559 12658 12659 12560
9 12560 12659 12660 12561
9 12561 12660 12661 12562
9 12562 12661 12662 12563
9 12563 12662 12663 12564
9 12564 12663 12664 12565
9 12565 12664 12665 12566
9 12566 12665 12666 12567
9 12567 12666 12667 12568
9 12568 12667 12668 12569
9 12569 12668 12669 12570
9 12570 12669 12670 12571
9 12571 12670 12671 12572
9 12572 12671 12672 12573
9 12573 12672 12673 12574
9 12574 12673 12674 12575
9 2600 2500 12675 12576
9 12576 12675 12676 12577
9 12577 12676 12677 12578
9 12578 12677 12678 12579
9 12579 12678 12679 12580
9 12580 12679 12680 12581
9 12581 12680 12681 12582
9 12582 12681 12682 12583
9 12583 12682 12683 12584
9 12584 12683 12684 12585
9 12585 12684 12685 12586
9 12586 12685 12686 12587
9 12587 12686 12687 12588
9 12588 12687 12688 12589
9 12589 12688 12689 12590
9 12590 12689 12690 12591
9 12591 12690 12691 12592
9 12592 12691 12692 12593
9 12593 12692 12693 12594
9 12594 12693 12694 12595
9 12595 12694 12695 12596
9 12596 12695 12696 12597
9 12597 12696 12697 12598
9 12598 12697 12698 12599
9 12599 12698 12699 12600
9 12600 12699 12700 12601
9 12601 12700 12701 12602
9 12602 12701 12702 12603
9 12603 12702 12703 12604
9 12604 12703 12704 12605
9 12605 12704 12705 12606
9 12606 12705 12706 12607
9 12607 12706 12707 12608
9 12608 12707 12708 12609
9 12609 12708 12709 12610
9 12610 12709 12710 12611
9 12611 12710 12711 12612
9 12612 12711 12712 12613
9 12613 12712 12713 12614
9 12614 12713 12714 12615
9 12615 12714 12715 12616
9 12616 12715 12716 12617
9 12617 12716 12717 12618
9 12618 12717 12718 12619
9 12619 12718 12719 12620
9 12620 12719 12720 12621
9 12621 12720 12721 12622
9 12622 12721 12722 12623
9 12623 12722 12723 12624
9 12624 12723 12724 12625
9 12625 12724 12725 12626
9 12626 12725 12726 12627
9 12627 12726 12727 12628
9 12628 12727 12728 12629
9 12629 12728 12729 12630
9 12630 12729 12730 12631
9 12631 12730 12731 12632
9 12632 12731 12732 12633
9 12633 12732 12733 12634
9 12634 12733 12734 12635
9 12635 12734 12735 12636
9 12636 12735 12736 12637
9 12637 12736 12737 12638
9 12638 12737 12738 12639
9 12639 12738 12739 12640
9 12640 12739 12740 12641
9 12641 12740 12741 12642
9 12642 12741 12742 12643
9 12643 12742 12743 12644
9 12644 12743 12744 12645
9 12645 12744 12745 12646
9 12646 12745 12746 12647
9 12647 12746 12747 12648
9 12648 12747 12748 12649
9 12649 12748 12749 12650
9 12650 12749 12750 12651
9 12651 12750 12751 12652
9 12652 12751 12752 12653
9 12653 12752 12753 12654
9 12654 12753 12754 12655
9 12655 12754 12755 12656
9 12656 12755 12756 12657
9 12657 12756 12757 12658
9 12658 12757 12758 12659
9 12659 12758 12759 12660
9 12660 12759 12760 12661
9 12661 12760 12761 12662
9 12662 12761 12762 12663
9 12663 12762 12763 12664
9 12664 12763 12764 12665
9 12665 12764 12765 12666
9 12666 12765 12766 12667
9 12667 12766 12767 12668
9 12668 12767 12768 12669
9 12669 12768 12769 12670
9 12670 12769 12770 12671
9 12671 12770 12771 12672
9 12672 12771 12772 12673
9 12673 12772 12773 12674
9 2500 2400 12774 12675
9 12675 12774 12775 12676
9 12676 12775 12776 12677
9 12677 12776 12777 12678
9 12678 12777 12778 12679
9 12679 12778 12779 12680
9 12680 12779 12780 12681
9 12681 12780 12781 12682
9 12682 12781 12782 12683
9 12683 12782 12783 12684
9 12684 12783 12784 12685
9 12685 12784 12785 12686
9 12686 12785 12786 12687
9 12687 12786 12787 12688
9 12688 12787 12788 12689
9 12689 12788 12789 12690
9 12690 12789 12790 12691
9 12691 12790 12791 12692
9 12692 12791 12792 12693
9 12693 12792 12793 12694
9 12694 12793 12794 12695
9 12695 12794 12795 12696
9 12696 12795 12796 12697
9 12697 12796 12797 12698
9 12698 12797 12798 12699
9 12699 12798 12799 12700
9 12700 12799 12800 12701
9 12701 12800 12801 12702
9 12702 12801 12802 12703
9 12703 12802 12803 12704
9 12704 12803 12804 12705
9 12705 12804 12805 12706
9 12706 12805 12806 12707
9 12707 12806 12807 12708
9 12708 12807 12808 12709
9 12709 12808 12809 12710
9 12710 12809 12810 12711
9 12711 12810 12811 12712
9 12712 12811 12812 12713
9 12713 12812 12813 12714
9 12714 12813 12814 12715
9 12715 12814 12815 12716
9 12716 12815 12816 12717
9 12717 12816 12817 12718
9 12718 12817 12818 12719
9 12719 12818 12819 12720
9 12720 12819 12820 12721
9 12721 12820 12821 12722
9 12722 12821 12822 12723
9 12723 12822 12823 12724
9 12724 12823 12824 12725
9 12725 12824 12825 12726
9 12726 12825 12826 12727
9 12727 12826 12827 12728
9 12728 12827 12828 12729
9 12729 12828 12829 12730
9 12730 12829 12830 12731
9 12731 12830 12831 12732
9 12732 12831 12832 12733
9 12733 12832 12833 12734
9 12734 12833 12834 12735
9 12735 12834 12835 12736
9 12736 12835 12836 12737
9 12737 12836 12837 12738
9 12738 12837 12838 12739
9 12739 12838 12839 12740
9 12740 12839 12840 12741
9 12741 12840 12841 12742
9 12742 12841 12842 12743
9 12743 12842 12843 12744
9 12744 12843 12844 12745
9 12745 12844 12845 12746
9 12746 12845 12846 12747
9 12747 12846 12847 12748
9 12748 12847 12848 12749
9 12749 12848 12849 12750
9 12750 12849 12850 12751
9 12751 12850 12851 12752
9 12752 12851 12852 12753
9 12753 12852 12853 12754
9 12754 12853 12854 12755
9 12755 12854 12855 12756
9 12756 12855 12856 12757
9 12757 12856 12857 12758
9 12758 12857 12858 12759
9 12759 12858 12859 12760
9 12760 12859 12860 12761
9 12761 12860 12861 12762
9 12762 12861 12862 12763
9 12763 12862 12863 12764
9 12764 12863 12864 12765
9 12765 12864 12865 12766
9 12766 12865 12866 12767
9 12767 12866 12867 12768
9 12768 12867 12868 12769
9 12769 12868 12869 12770
9 12770 12869 12870 12771
9 12771 12870 12871 12772
9 12772 12871 12872 12773
9 2400 2300 12873 12774
9 12774 12873 12874 12775
9 12775 12874 12875 12776
9 12776 12875 12876 12777
9 12777 12876 12877 12778
9 12778 12877 12878 12779
9 12779 12878 12879 12780
9 12780 12879 12880 12781
9 12781 12880 12881 12782
9 12782 12881 12882 12783
9 12783 12882 12883 12784
9 12784 12883 12884 12785
9 12785 12884 12885 12786
9 12786 12885 12886 12787
9 12787 12886 12887 12788
9 12788 12887 12888 12789
9 12789 12888 12889 12790
9 12790 12889 12890 12791
9 12791 12890 12891 12792
9 12792 12891 12892 12793
9 12793 12892 12893 12794
9 12794 12893 12894 12795
9 12795 12894 12895 12796
9 12796 12895 12896 12797
9 12797 12896 12897 12798
9 12798 12897 12898 12799
9 12799 12898 12899 12800
9 12800 12899 12900 12801
9 12801 12900 12901 12802
9 12802 12901 12902 12803
9 12803 12902 12903 12804
9 12804 12903 12904 12805
9 12805 12904 12905 12806
9 12806 12905 12906 12807
9 12807 12906 12907 12808
9 12808 12907 12908 12809
9 12809 12908 12909 12810
9 12810 12909 12910 12811
9 12811 12910 12911 12812
9 12812 12911 12912 12813
9 12813 12912 12913 12814
9 12814 12913 12914 12815
9 12815 12914 12915 12816
9 12816 12915 12916 12817
9 12817 12916 12917 12818
9 12818 12917 12918 12819
9 12819 12918 12919 12820
9 12820 12919 12920 12821
9 12821 12920 12921 12822
9 12822 12921 12922 12823
9 12823 12922 12923 12824
9 12824 12923 12924 12825
9 12825 12924 12925 12826
9 12826 12925 12926 12827
9 12827 12926 12927 12828
9 12828 12927 12928 12829
9 12829 12928 12929 12830
9 12830 12929 12930 12831
9 12831 12930 12931 12832
9 12832 12931 12932 12833
9 12833 12932 12933 12834
9 12834 12933 12934 12835
9 12835 12934 12935 12836
9 12836 12935 12936 12837
9 12837 12936 12937 12838
9 12838 12937 12938 12839
9 12839 12938 12939 12840
9 12840 12939 12940 12841
9 12841 12940 12941 12842
9 12842 12941 12942 12843
9 12843 12942 12943 12844
9 12844 12943 12944 12845
9 12845 12944 12945 12846
9 12846 12945 12946 12847
9 12847 12946 12947 12848
9 12848 12947 12948 12849
9 12849 12948 12949 12850
9 12850 12949 12950 12851
9 12851 12950 12951 12852
9 12852 12951 12952 12853
9 12853 12952 12953 12854
9 12854 12953 12954 12855
9 12855 12954 12955 12856
9 12856 12955 12956 12857
9 12857 12956 12957 12858
9 12858 12957 12958 12859
9 12859 12958 12959 12860
9 12860 12959 12960 12861
9 12861 12960 12961 12862
9 12862 12961 12962 12863
9 12863 12962 12963 12864
9 12864 12963 12964 12865
9 12865 12964 12965 12866
9 12866 12965 12966 12867
9 12867 12966 12967 12868
9 12868 12967 12968 12869
9 12869 12968 12969 12870
9 12870 12969 12970 12871
9 12871 12970 12971 12872
9 2300 2200 12972 12873
9 12873 12972 12973 12874
9 12874 12973 12974 12875
9 12875 12974 12975 12876
9 12876 12975 12976 12877
9 12877 12976 12977 12878
9 12878 12977 12978 12879
9 12879 12978 12979 12880
9 12880 12979 12980 12881
9 12881 12980 12981 12882
9 12882 12981 12982 12883
9 12883 12982 12983 12884
9 12884 12983 12984 12885
9 12885 12984 12985 12886
9 12886 12985 12986 12887
9 12887 12986 12987 12888
9 12888 12987 12988 12889
9 12889 12988 12989 12890
9 12890 12989 12990 12891
9 12891 12990 12991 12892
9 12892 12991 12992 12893
9 12893 12992 12993 12894
9 12894 12993 12994 12895
9 12895 12994 12995 12896
9 12896 12995 12996 12897
9 12897 12996 12997 12898
9 12898 12997 12998 12899
9 12899 12998 12999 12900
9 12900 12999 13000 12901
9 12901 13000 13001 12902
9 12902 13001 13002 12903
9 12903 13002 13003 12904
9 12904 13003 13004 12905
9 12905 13004 13005 12906
9 12906 13005 13006 12907
9 12907 13006 13007 12908
9 12908 13007 13008 12909
9 12909 13008 13009 12910
9 12910 13009 13010 12911
9 12911 13010 13011 12912
9 12912 13011 13012 12913
9 12913 13012 13013 12914
9 12914 13013 13014 12915
9 12915 13014 13015 12916
9 12916 13015 13016 12917
9 12917 13016 13017 12918
9 12918 13017 13018 12919
9 12919 13018 13019 12920
9 12920 13019 13020 12921
9 12921 13020 13021 12922
9 12922 13021 13022 12923
9 12923 13022 13023 12924
9 12924 13023 13024 12925
9 12925 13024 13025 12926
9 12926 13025 13026 12927
9 12927 13026 13027 12928
9 12928 13027 13028 12929
9 12929 13028 13029 12930
9 12930 13029 13030 12931
9 12931 13030 13031 12932
9 12932 13031 13032 12933
9 12933 13032 13033 12934
9 12934 13033 13034 12935
9 12935 13034 13035 12936
9 12936 13035 13036 12937
9 12937 13036 13037 12938
9 12938 13037 13038 12939
9 12939 13038 13039 12940
9 12940 13039 13040 12941
9 12941 13040 13041 12942
9 12942 13041 13042 12943
9 12943 13042 13043 12944
9 12944 13043 13044 12945
9 12945 13044 13045 12946
9 12946 13045 13046 12947
9 12947 13046 13047 12948
9 12948 13047 13048 12949
9 12949 13048 13049 12950
9 12950 13049 13050 12951
9 12951 13050 13051 12952
9 12952 13051 13052 12953
9 12953 13052 13053 12954
9 12954 13053 13054 12955
9 12955 13054 13055 12956
9 12956 13055 13056 12957
9 12957 13056 13057 12958
9 12958 13057 13058 12959
9 12959 13058 13059 12960
9 12960 13059 13060 12961
9 12961 13060 13061 12962
9 12962 13061 13062 12963
9 12963 13062 13063 12964
9 12964 13063 13064 12965
9 12965 13064 13065 12966
9 12966 13065 13066 12967
9 12967 13066 13067 12968
9 12968 13067 13068 12969
9 12969 13068 13069 12970
9 12970 13069 13070 12971
9 2200 2100 13071 12972
9 12972 13071 13072 12973
9 12973 13072 13073 12974
9 12974 13073 13074 12975
9 12975 13074 13075 12976
9 12976 13075 13076 12977
9 12977 13076 13077 12978
9 12978 13077 13078 12979
9 12979 13078 13079 12980
9 12980 13079 13080 12981
9 12981 13080 13081 12982
9 12982 13081 13082 12983
9 12983 13082 13083 12984
9 12984 13083 13084 12985
9 12985 13084 13085 12986
9 12986 13085 13086 12987
9 12987 13086 13087 12988
9 12988 13087 13088 12989
9 12989 13088 13089 12990
9 12990 13089 13090 12991
9 12991 13090 13091 12992
9 12992 13091 13092 12993
9 12993 13092 13093 12994
9 12994 13093 13094 12995
9 12995 13094 13095 12996
9 12996 13095 13096 12997
9 12997 13096 13097 12998
9 12998 13097 13098 12999
9 12999 13098 13099 13000
9 13000 13099 13100 13001
9 13001 13100 13101 13002
9 13002 13101 13102 13003
9 13003 13102 13103 13004
9 13004 13103 13104 13005
9 13005 13104 13105 13006
9 13006 13105 13106 13007
9 13007 13106 13107 13008
9 13008 13107 13108 13009
9 13009 13108 13109 13010
9 13010 13109 13110 13011
9 13011 13110 13111 13012
9 13012 13111 13112 13013
9 13013 13112 13113 13014
9 13014 13113 13114 13015
9 13015 13114 13115 13016
9 13016 13115 13116 13017
9 13017 13116 13117 13018
9 13018 13117 13118 13019
9 13019 13118 13119 13020
9 13020 13119 13120 13021
9 13021 13120 13121 13022
9 13022 13121 13122 13023
9 13023 13122 13123 13024
9 13024 13123 13124 13025
9 13025 13124 13125 13026
9 13026 13125 13126 13027
9 13027 13126 13127 13028
9 13028 13127 13128 13029
9 13029 13128 13129 13030
9 13030 13129 13130 13031
9 13031 13130 13131 13032
9 13032 13131 13132 13033
9 13033 13132 13133 13034
9 13034 13133 13134 13035
9 13035 13134 13135 13036
9 13036 13135 13136 13037
9 13037 13136 13137 13038
9 13038 13137 13138 13039
9 13039 13138 13139 13040
9 13040 13139 13140 13041
9 13041 13140 13141 13042
9 13042 13141 13142 13043
9 13043 13142 13143 13044
9 13044 13143 13144 13045
9 13045 13144 13145 13046
9 13046 13145 13146 13047
9 13047 13146 13147 13048
9 13048 13147 13148 13049
9 13049 13148 13149 13050
9 13050 13149 13150 13051
9 13051 13150 13151 13052
9 13052 13151 13152 13053
9 13053 13152 13153 13054
9 13054 13153 13154 13055
9 13055 13154 13155 13056
9 13056 13155 13156 13057
9 13057 13156 13157 13058
9 13058 13157 13158 13059
9 13059 13158 13159 13060
9 13060 13159 13160 13061
9 13061 13160 13161 13062
9 13062 13161 13162 13063
9 13063 13162 13163 13064
9 13064 13163 13164 13065
9 13065 13164 13165 13066
9 13066 13165 13166 13067
9 13067 13166 13167 13068
9 13068 13167 13168 13069
9 13069 13168 13169 13070
9 2100 2000 13170 13071
9 13071 13170 13171 13072
9 13072 13171 13172 13073
9 13073 13172 13173 13074
9 13074 13173 13174 13075
9 13075 13174 13175 13076
9 13076 13175 13176 13077
9 13077 13176 13177 13078
9 13078 13177 13178 13079
9 13079 13178 13179 13080
9 13080 13179 13180 13081
9 13081 13180 13181 13082
9 13082 13181 13182 13083
9 13083 13182 13183 13084
9 13084 13183 13184 13085
9 13085 13184 13185 13086
9 13086 13185 13186 13087
9 13087 13186 13187 13088
9 13088 13187 13188 13089
9 13089 13188 13189 13090
9 13090 13189 13190 13091
9 13091 13190 13191 13092
9 13092 13191 13192 13093
9 13093 13192 13193 13094
9 13094 13193 13194 13095
9 13095 13194 13195 13096
9 13096 13195 13196 13097
9 13097 13196 13197 13098
9 13098 13197 13198 13099
9 13099 13198 13199 13100
9 13100 13199 13200 13101
9 13101 13200 13201 13102
9 13102 13201 13202 13103
9 13103 13202 13203 13104
9 13104 13203 13204 13105
9 13105 13204 13205 13106
9 13106 13205 13206 13107
9 13107 13206 13207 13108
9 13108 13207 13208 13109
9 13109 13208 13209 13110
9 13110 13209 13210 13111
9 13111 13210 13211 13112
9 13112 13211 13212 13113
9 13113 13212 13213 13114
9 13114 13213 13214 13115
9 13115 13214 13215 13116
9 13116 13215 13216 13117
9 13117 13216 13217 13118
9 13118 13217 13218 13119
9 13119 13218 13219 13120
9 13120 13219 13220 13121
9 13121 13220 13221 13122
9 13122 13221 13222 13123
9 13123 13222 13223 13124
9 13124 13223 13224 13125
9 13125 13224 13225 13126
9 13126 13225 13226 13127
9 13127 13226 13227 13128
9 13128 13227 13228 13129
9 13129 13228 13229 13130
9 13130 13229 13230 13131
9 13131 13230 13231 13132
9 13132 13231 13232 13133
9 13133 13232 13233 13134
9 13134 13233 13234 13135
9 13135 13234 13235 13136
9 13136 13235 13236 13137
9 13137 13236 13237 13138
9 13138 13237 13238 13139
9 13139 13238 13239 13140
9 13140 13239 13240 13141
9 13141 13240 13241 13142
9 13142 13241 13242 13143
9 13143 13242 13243 13144
9 13144 13243 13244 13145
9 13145 13244 13245 13146
9 13146 13245 13246 13147
9 13147 13246 13247 13148
9 13148 13247 13248 13149
9 13149 13248 13249 13150
9 13150 13249 13250 13151
9 13151 13250 13251 13152
9 13152 13251 13252 13153
9 13153 13252 13253 13154
9 13154 13253 13254 13155
9 13155 13254 13255 13156
9 13156 13255 13256 13157
9 13157 13256 13257 13158
9 13158 13257 13258 13159
9 13159 13258 13259 13160
9 13160 13259 13260 13161
9 13161 13260 13261 13162
9 13162 13261 13262 13163
9 13163 13262 13263 13164
9 13164 13263 13264 13165
9 13165 13264 13265 13166
9 13166 13265 13266 13167
9 13167 13266 13267 13168
9 13168 13267 13268 13169
9 2000 1900 13269 13170
9 13170 13269 13270 13171
9 13171 13270 13271 13172
9 13172 13271 13272 13173
9 13173 13272 13273 13174
9 13174 13273 13274 13175
9 13175 13274 13275 13176
9 13176 13275 13276 13177
9 13177 13276 13277 13178
9 13178 13277 13278 13179
9 13179 13278 13279 13180
9 13180 13279 13280 13181
9 13181 13280 13281 13182
9 13182 13281 13282 13183
9 13183 13282 13283 13184
9 13184 13283 13284 13185
9 13185 13284 13285 13186
9 13186 13285 13286 13187
9 13187 13286 13287 13188
9 13188 13287 13288 13189
9 13189 13288 13289 13190
9 13190 13289 13290 13191
9 13191 13290 13291 13192
9 13192 13291 13292 13193
9 13193 13292 13293 13194
9 13194 13293 13294 13195
9 13195 13294 13295 13196
9 13196 13295 13296 13197
9 13197 13296 13297 13198
9 13198 13297 13298 13199
9 13199 13298 13299 13200
9 13200 13299 13300 13201
9 13201 13300 13301 13202
9 13202 13301 13302 13203
9 13203 13302 13303 13204
9 13204 13303 13304 13205
9 13205 13304 13305 13206
9 13206 13305 13306 13207
9 13207 13306 13307 13208
9 13208 13307 13308 13209
9 13209 13308 13309 13210
9 13210 13309 13310 13211
9 13211 13310 13311 13212
9 13212 13311 13312 13213
9 13213 13312 13313 13214
9 13214 13313 13314 13215
9 13215 13314 13315 13216
9 13216 13315 13316 13217
9 13217 13316 13317 13218
9 13218 13317 13318 13219
9 13219 13318 13319 13220
9 13220 13319 13320 13221
9 13221 13320 13321 13222
9 13222 13321 13322 13223
9 13223 13322 13323 13224
9 13224 13323 13324 13225
9 13225 13324 13325 13226
9 13226 13325 13326 13227
9 13227 13326 13327 13228
9 13228 13327 13328 13229
9 13229 13328 13329 13230
9 13230 13329 13330 13231
9 13231 13330 13331 13232
9 13232 13331 13332 13233
9 13233 13332 13333 13234
9 13234 13333 13334 13235
9 13235 13334 13335 13236
9 13236 13335 13336 13237
9 13237 13336 13337 13238
9 13238 13337 13338 13239
9 13239 13338 13339 13240
9 13240 13339 13340 13241
9 13241 13340 13341 13242
9 13242 13341 13342 13243
9 13243 13342 13343 13244
9 13244 13343 13344 13245
9 13245 13344 13345 13246
9 13246 13345 13346 13247
9 13247 13346 13347 13248
9 13248 13347 13348 13249
9 13249 13348 13349 13250
9 13250 13349 13350 13251
9 13251 13350 13351 13252
9 13252 13351 13352 13253
9 13253 13352 13353 13254
9 13254 13353 13354 13255
9 13255 13354 13355 13256
9 13256 13355 13356 13257
9 13257 13356 13357 13258
9 13258 13357 13358 13259
9 13259 13358 13359 13260
9 13260 13359 13360 13261
9 13261 13360 13361 13262
9 13262 13361 13362 13263
9 13263 13362 13363 13264
9 13264 13363 13364 13265
9 13265 13364 13365 13266
9 13266 13365 13366 13267
9 13267 13366 13367 13268
9 1900 1800 13368 13269
9 13269 13368 13369 13270
9 13270 13369 13370 13271
9 13271 13370 13371 13272
9 13272 13371 13372 13273
9 13273 13372 13373 13274
9 13274 13373 13374 13275
9 13275 13374 13375 13276
9 13276 13375 13376 13277
9 13277 13376 13377 13278
9 13278 13377 13378 13279
9 13279 13378 13379 13280
9 13280 13379 13380 13281
9 13281 13380 13381 13282
9 13282 13381 13382 13283
9 13283 13382 13383 13284
9 13284 13383 13384 13285
9 13285 13384 13385 13286
9 13286 13385 13386 13287
9 13287 13386 13387 13288
9 13288 13387 13388 13289
9 13289 13388 13389 13290
9 13290 13389 13390 13291
9 13291 13390 13391 13292
9 13292 13391 13392 13293
9 13293 13392 13393 13294
9 13294 13393 13394 13295
9 13295 13394 13395 13296
9 13296 13395 13396 13297
9 13297 13396 13397 13298
9 13298 13397 13398 13299
9 13299 13398 13399 13300
9 13300 13399 13400 13301
9 13301 13400 13401 13302
9 13302 13401 13402 13303
9 13303 13402 13403 13304
9 13304 13403 13404 13305
9 13305 13404 13405 13306
9 13306 13405 13406 13307
9 13307 13406 13407 13308
9 13308 13407 13408 13309
9 13309 13408 13409 13310
9 13310 13409 13410 13311
9 13311 13410 13411 13312
9 13312 13411 13412 13313
9 13313 13412 13413 13314
9 13314 13413 13414 13315
9 13315 13414 13415 13316
9 13316 13415 13416 13317
9 13317 13416 13417 13318
9 13318 13417 13418 13319
9 13319 13418 13419 13320
9 13320 13419 13420 13321
9 13321 13420 13421 13322
9 13322 13421 13422 13323
9 13323 13422 13423 13324
9 13324 13423 13424 13325
9 13325 13424 13425 13326
9 13326 13425 13426 13327
9 13327 13426 13427 13328
9 13328 13427 13428 13329
9 13329 13428 13429 13330
9 13330 13429 13430 13331
9 13331 13430 13431 13332
9 13332 13431 13432 13333
9 13333 13432 13433 13334
9 13334 13433 13434 13335
9 13335 13434 13435 13336
9 13336 13435 13436 13337
9 13337 13436 13437 13338
9 13338 13437 13438 13339
9 13339 13438 13439 13340
9 13340 13439 13440 13341
9 13341 13440 13441 13342
9 13342 13441 13442 13343
9 13343 13442 13443 13344
9 13344 13443 13444 13345
9 13345 13444 13445 13346
9 13346 13445 13446 13347
9 13347 13446 13447 13348
9 13348 13447 13448 13349
9 13349 13448 13449 13350
9 13350 13449 13450 13351
9 13351 13450 13451 13352
9 13352 13451 13452 13353
9 13353 13452 13453 13354
9 13354 13453 13454 13355
9 13355 13454 13455 13356
9 13356 13455 13456 13357
9 13357 13456 13457 13358
9 13358 13457 13458 13359
9 13359 13458 13459 13360
9 13360 13459 13460 13361
9 13361 13460 13461 13362
9 13362 13461 13462 13363
9 13363 13462 13463 13364
9 13364 13463 13464 13365
9 13365 13464 13465 13366
9 13366 13465 13466 13367
9 1800 1700 13467 13368
9 13368 13467 13468 13369
9 13369 13468 13469 13370
9 13370 13469 13470 13371
9 13371 13470 13471 13372
9 13372 13471 13472 13373
9 13373 13472 13473 13374
9 13374 13473 13474 13375
9 13375 13474 13475 13376
9 13376 13475 13476 13377
9 13377 13476 13477 13378
9 13378 13477 13478 13379
9 13379 13478 13479 13380
9 13380 13479 13480 13381
9 13381 13480 13481 13382
9 13382 13481 13482 13383
9 13383 13482 13483 13384
9 13384 13483 13484 13385
9 13385 13484 13485 13386
9 13386 13485 13486 13387
9 13387 13486 13487 13388
9 13388 13487 13488 13389
9 13389 13488 13489 13390
9 13390 13489 13490 13391
9 13391 13490 13491 13392
9 13392 13491 13492 13393
9 13393 13492 13493 13394
9 13394 13493 13494 13395
9 13395 13494 13495 13396
9 13396 13495 13496 13397
9 13397 13496 13497 13398
9 13398 13497 13498 13399
9 13399 13498 13499 13400
9 13400 13499 13500 13401
9 13401 13500 13501 13402
9 13402 13501 13502 13403
9 13403 13502 13503 13404
9 13404 13503 13504 13405
9 13405 13504 13505 13406
9 13406 13505 13506 13407
9 13407 13506 13507 13408
9 13408 13507 13508 13409
9 13409 13508 13509 13410
9 13410 13509 13510 13411
9 13411 13510 13511 13412
9 13412 13511 13512 13413
9 13413 13512 13513 13414
9 13414 13513 13514 13415
9 13415 13514 13515 13416
9 13416 13515 13516 13417
9 13417 13516 13517 13418
9 13418 13517 13518 13419
9 13419 13518 13519 13420
9 13420 13519 13520 13421
9 13421 13520 13521 13422
9 13422 13521 13522 13423
9 13423 13522 13523 13424
9 13424 13523 13524 13425
9 13425 13524 13525 13426
9 13426 13525 13526 13427
9 13427 13526 13527 13428
9 13428 13527 13528 13429
9 13429 13528 13529 13430
9 13430 13529 13530 13431
9 13431 13530 13531 13432
9 13432 13531 13532 13433
9 13433 13532 13533 13434
9 13434 13533 13534 13435
9 13435 13534 13535 13436
9 13436 13535 13536 13437
9 13437 13536 13537 13438
9 13438 13537 13538 13439
9 13439 13538 13539 13440
9 13440 13539 13540 13441
9 13441 13540 13541 13442
9 13442 13541 13542 13443
9 13443 13542 13543 13444
9 13444 13543 13544 13445
9 13445 13544 13545 13446
9 13446 13545 13546 13447
9 13447 13546 13547 13448
9 13448 13547 13548 13449
9 13449 13548 13549 13450
9 13450 13549 13550 13451
9 13451 13550 13551 13452
9 13452 13551 13552 13453
9 13453 13552 13553 13454
9 13454 13553 13554 13455
9 13455 13554 13555 13456
9 13456 13555 13556 13457
9 13457 13556 13557 13458
9 13458 13557 13558 13459
9 13459 13558 13559 13460
9 13460 13559 13560 13461
9 13461 13560 13561 13462
9 13462 13561 13562 13463
9 13463 13562 13563 13464
9 13464 13563 13564 13465
9 13465 13564 13565 13466
9 1700 1600 13566 13467
9 13467 13566 13567 13468
9 13468 13567 13568 13469
9 13469 13568 13569 13470
9 13470 13569 13570 13471
9 13471 13570 13571 13472
9 13472 13571 13572 13473
9 13473 13572 13573 13474
9 13474 13573 13574 13475
9 13475 13574 13575 13476
9 13476 13575 13576 13477
9 13477 13576 13577 13478
9 13478 13577 13578 13479
9 13479 13578 13579 13480
9 13480 13579 13580 13481
9 13481 13580 13581 13482
9 13482 13581 13582 13483
9 13483 13582 13583 13484
9 13484 13583 13584 13485
9 13485 13584 13585 13486
9 13486 13585 13586 13487
9 13487 13586 13587 13488
9 13488 13587 13588 13489
9 13489 13588 13589 13490
9 13490 13589 13590 13491
9 13491 13590 13591 13492
9 13492 13591 13592 13493
9 13493 13592 13593 13494
9 13494 13593 13594 13495
9 13495 13594 13595 13496
9 13496 13595 13596 13497
9 13497 13596 13597 13498
9 13498 13597 13598 13499
9 13499 13598 13599 13500
9 13500 13599 13600 13501
9 13501 13600 13601 13502
9 13502 13601 13602 13503
9 13503 13602 13603 13504
9 13504 13603 13604 13505
9 13505 13604 13605 13506
9 13506 13605 13606 13507
9 13507 13606 13607 13508
9 13508 13607 13608 13509
9 13509 13608 13609 13510
9 13510 13609 13610 13511
9 13511 13610 13611 13512
9 13512 13611 13612 13513
9 13513 13612 13613 13514
9 13514 13613 13614 13515
9 13515 13614 13615 13516
9 13516 13615 13616 13517
9 13517 13616 13617 13518
9 13518 13617 13618 13519
9 13519 13618 13619 13520
9 13520 13619 13620 13521
9 13521 13620 13621 13522
9 13522 13621 13622 13523
9 13523 13622 13623 13524
9 13524 13623 13624 13525
9 13525 13624 13625 13526
9 13526 13625 13626 13527
9 13527 13626 13627 13528
9 13528 13627 13628 13529
9 13529 13628 13629 13530
9 13530 13629 13630 13531
9 13531 13630 13631 13532
9 13532 13631 13632 13533
9 13533 13632 13633 13534
9 13534 13633 13634 13535
9 13535 13634 13635 13536
9 13536 13635 13636 13537
9 13537 13636 13637 13538
9 13538 13637 13638 13539
9 13539 13638 13639 13540
9 13540 13639 13640 13541
9 13541 13640 13641 13542
9 13542 13641 13642 13543
9 13543 13642 13643 13544
9 13544 13643 13644 13545
9 13545 13644 13645 13546
9 13546 13645 13646 13547
9 13547 13646 13647 13548
9 13548 13647 13648 13549
9 13549 13648 13649 13550
9 13550 13649 13650 13551
9 13551 13650 13651 13552
9 13552 13651 13652 13553
9 13553 13652 13653 13554
9 13554 13653 13654 13555
9 13555 13654 13655 13556
9 13556 13655 13656 13557
9 13557 13656 13657 13558
9 13558 13657 13658 13559
9 13559 13658 13659 13560
9 13560 13659 13660 13561
9 13561 13660 13661 13562
9 13562 13661 13662 13563
9 13563 13662 13663 13564
9 13564 13663 13664 13565
9 1600 1500 13665 13566
9 13566 13665 13666 13567
9 13567 13666 13667 13568
9 13568 13667 13668 13569
9 13569 13668 13669 13570
9 13570 13669 13670 13571
9 13571 13670 13671 13572
9 13572 13671 13672 13573
9 13573 13672 13673 13574
9 13574 13673 13674 13575
9 13575 13674 13675 13576
9 13576 13675 13676 13577
9 13577 13676 13677 13578
9 13578 13677 13678 13579
9 13579 13678 13679 13580
9 13580 13679 13680 13581
9 13581 13680 13681 13582
9 13582 13681 13682 13583
9 13583 13682 13683 13584
9 13584 13683 13684 13585
9 13585 13684 13685 13586
9 13586 13685 13686 13587
9 13587 13686 13687 13588
9 13588 13687 13688 13589
9 13589 13688 13689 13590
9 13590 13689 13690 13591
9 13591 13690 13691 13592
9 13592 13691 13692 13593
9 13593 13692 13693 13594
9 13594 13693 13694 13595
9 13595 13694 13695 13596
9 13596 13695 13696 13597
9 13597 13696 13697 13598
9 13598 13697 13698 13599
9 13599 13698 13699 13600
9 13600 13699 13700 13601
9 13601 13700 13701 13602
9 13602 13701 13702 13603
9 13603 13702 13703 13604
9 13604 13703 13704 13605
9 13605 13704 13705 13606
9 13606 13705 13706 13607
9 13607 13706 13707 13608
9 13608 13707 13708 13609
9 13609 13708 13709 13610
9 13610 13709 13710 13611
9 13611 13710 13711 13612
9 13612 13711 13712 13613
9 13613 13712 13713 13614
9 13614 13713 13714 13615
9 13615 13714 13715 13616
9 13616 13715 13716 13617
9 13617 13716 13717 13618
9 13618 13717 13718 13619
9 13619 13718 13719 13620
9 13620 13719 13720 13621
9 13621 13720 13721 13622
9 13622 13721 13722 13623
9 13623 13722 13723 13624
9 13624 13723 13724 13625
9 13625 13724 13725 13626
9 13626 13725 13726 13627
9 13627 13726 13727 13628
9 13628 13727 13728 13629
9 13629 13728 13729 13630
9 13630 13729 13730 13631
9 13631 13730 13731 13632
9 13632 13731 13732 13633
9 13633 13732 13733 13634
9 13634 13733 13734 13635
9 13635 13734 13735 13636
9 13636 13735 13736 13637
9 13637 13736 13737 13638
9 13638 13737 13738 13639
9 13639 13738 13739 13640
9 13640 13739 13740 13641
9 13641 13740 13741 13642
9 13642 13741 13742 13643
9 13643 13742 13743 13644
9 13644 13743 13744 13645
9 13645 13744 13745 13646
9 13646 13745 13746 13647
9 13647 13746 13747 13648
9 13648 13747 13748 13649
9 13649 13748 13749 13650
9 13650 13749 13750 13651
9 13651 13750 13751 13652
9 13652 13751 13752 13653
9 13653 13752 13753 13654
9 13654 13753 13754 13655
9 13655 13754 13755 13656
9 13656 13755 13756 13657
9 13657 13756 13757 13658
9 13658 13757 13758 13659
9 13659 13758 13759 13660
9 13660 13759 13760 13661
9 13661 13760 13761 13662
9 13662 13761 13762 13663
9 13663 13762 13763 13664
9 1500 1400 13764 13665
9 13665 13764 13765 13666
9 13666 13765 13766 13667
9 13667 13766 13767 13668
9 13668 13767 13768 13669
9 13669 13768 13769 13670
9 13670 13769 13770 13671
9 13671 13770 13771 13672
9 13672 13771 13772 13673
9 13673 13772 13773 13674
9 13674 13773 13774 13675
9 13675 13774 13775 13676
9 13676 13775 13776 13677
9 13677 13776 13777 13678
9 13678 13777 13778 13679
9 13679 13778 13779 13680
9 13680 13779 13780 13681
9 13681 13780 13781 13682
9 13682 13781 13782 13683
9 13683 13782 13783 13684
9 13684 13783 13784 13685
9 13685 13784 13785 13686
9 13686 13785 13786 13687
9 13687 13786 13787 13688
9 13688 13787 13788 13689
9 13689 13788 13789 13690
9 13690 13789 13790 13691
9 13691 13790 13791 13692
9 13692 13791 13792 13693
9 13693 13792 13793 13694
9 13694 13793 13794 13695
9 13695 13794 13795 13696
9 13696 13795 13796 13697
9 13697 13796 13797 13698
9 13698 13797 13798 13699
9 13699 13798 13799 13700
9 13700 13799 13800 13701
9 13701 13800 13801 13702
9 13702 13801 13802 13703
9 13703 13802 13803 13704
9 13704 13803 13804 13705
9 13705 13804 13805 13706
9 13706 13805 13806 13707
9 13707 13806 13807 13708
9 13708 13807 13808 13709
9 13709 13808 13809 13710
9 13710 13809 13810 13711
9 13711 13810 13811 13712
9 13712 13811 13812 13713
9 13713 13812 13813 13714
9 13714 13813 13814 13715
9 13715 13814 13815 13716
9 13716 13815 13816 13717
9 13717 13816 13817 13718
9 13718 13817 13818 13719
9 13719 13818 13819 13720
9 13720 13819 13820 13721
9 13721 13820 13821 13722
9 13722 13821 13822 13723
9 13723 13822 13823 13724
9 13724 13823 13824 13725
9 13725 13824 13825 13726
9 13726 13825 13826 13727
9 13727 13826 13827 13728
9 13728 13827 13828 13729
9 13729 13828 13829 13730
9 13730 13829 13830 13731
9 13731 13830 13831 13732
9 13732 13831 13832 13733
9 13733 13832 13833 13734
9 13734 13833 13834 13735
9 13735 13834 13835 13736
9 13736 13835 13836 13737
9 13737 13836 13837 13738
9 13738 13837 13838 13739
9 13739 13838 13839 13740
9 13740 13839 13840 13741
9 13741 13840 13841 13742
9 13742 13841 13842 13743
9 13743 13842 13843 13744
9 13744 13843 13844 13745
9 13745 13844 13845 13746
9 13746 13845 13846 13747
9 13747 13846 13847 13748
9 13748 13847 13848 13749
9 13749 13848 13849 13750
9 13750 13849 13850 13751
9 13751 13850 13851 13752
9 13752 13851 13852 13753
9 13753 13852 13853 13754
9 13754 13853 13854 13755
9 13755 13854 13855 13756
9 13756 13855 13856 13757
9 13757 13856 13857 13758
9 13758 13857 13858 13759
9 13759 13858 13859 13760
9 13760 13859 13860 13761
9 13761 13860 13861 13762
9 13762 13861 13862 13763
9 1400 1300 13863 13764
9 13764 13863 13864 13765
9 13765 13864 13865 13766
9 13766 13865 13866 13767
9 13767 13866 13867 13768
9 13768 13867 13868 13769
9 13769 13868 13869 13770
9 13770 13869 13870 13771
9 13771 13870 13871 13772
9 13772 13871 13872 13773
9 13773 13872 13873 13774
9 13774 13873 13874 13775
9 13775 13874 13875 13776
9 13776 13875 13876 13777
9 13777 13876 13877 13778
9 13778 13877 13878 13779
9 13779 13878 13879 13780
9 13780 13879 13880 13781
9 13781 13880 13881 13782
9 13782 13881 13882 13783
9 13783 13882 13883 13784
9 13784 13883 13884 13785
9 13785 13884 13885 13786
9 13786 13885 13886 13787
9 13787 13886 13887 13788
9 13788 13887 13888 13789
9 13789 13888 13889 13790
9 13790 13889 13890 13791
9 13791 13890 13891 13792
9 13792 13891 13892 13793
9 13793 13892 13893 13794
9 13794 13893 13894 13795
9 13795 13894 13895 13796
9 13796 13895 13896 13797
9 13797 13896 13897 13798
9 13798 13897 13898 13799
9 13799 13898 13899 13800
9 13800 13899 13900 13801
9 13801 13900 13901 13802
9 13802 13901 13902 13803
9 13803 13902 13903 13804
9 13804 13903 13904 13805
9 13805 13904 13905 13806
9 13806 13905 13906 13807
9 13807 13906 13907 13808
9 13808 13907 13908 13809
9 13809 13908 13909 13810
9 13810 13909 13910 13811
9 13811 13910 13911 13812
9 13812 13911 13912 13813
9 13813 13912 13913 13814
9 13814 13913 13914 13815
9 13815 13914 13915 13816
9 13816 13915 13916 13817
9 13817 13916 13917 13818
9 13818 13917 13918 13819
9 13819 13918 13919 13820
9 13820 13919 13920 13821
9 13821 13920 13921 13822
9 13822 13921 13922 13823
9 13823 13922 13923 13824
9 13824 13923 13924 13825
9 13825 13924 13925 13826
9 13826 13925 13926 13827
9 13827 13926 13927 13828
9 13828 13927 13928 13829
9 13829 13928 13929 13830
9 13830 13929 13930 13831
9 13831 13930 13931 13832
9 13832 13931 13932 13833
9 13833 13932 13933 13834
9 13834 13933 13934 13835
9 13835 13934 13935 13836
9 13836 13935 13936 13837
9 13837 13936 13937 13838
9 13838 13937 13938 13839
9 13839 13938 13939 13840
9 13840 13939 13940 13841
9 13841 13940 13941 13842
9 13842 13941 13942 13843
9 13843 13942 13943 13844
9 13844 13943 13944 13845
9 13845 13944 13945 13846
9 13846 13945 13946 13847
9 13847 13946 13947 13848
9 13848 13947 13948 13849
9 13849 13948 13949 13850
9 13850 13949 13950 13851
9 13851 13950 13951 13852
9 13852 13951 13952 13853
9 13853 13952 13953 13854
9 13854 13953 13954 13855
9 13855 13954 13955 13856
9 13856 13955 13956 13857
9 13857 13956 13957 13858
9 13858 13957 13958 13859
9 13859 13958 13959 13860
9 13860 13959 13960 13861
9 13861 13960 13961 13862
9 1300 1200 13962 13863
9 13863 13962 13963 13864
9 13864 13963 13964 13865
9 13865 13964 13965 13866
9 13866 13965 13966 13867
9 13867 13966 13967 13868
9 13868 13967 13968 13869
9 13869 13968 13969 13870
9 13870 13969 13970 13871
9 13871 13970 13971 13872
9 13872 13971 13972 13873
9 13873 13972 13973 13874
9 13874 13973 13974 13875
9 13875 13974 13975 13876
9 13876 13975 13976 13877
9 13877 13976 13977 13878
9 13878 13977 13978 13879
9 13879 13978 13979 13880
9 13880 13979 13980 13881
9 13881 13980 13981 13882
9 13882 13981 13982 13883
9 13883 13982 13983 13884
9 13884 13983 13984 13885
9 13885 13984 13985 13886
9 13886 13985 13986 13887
9 13887 13986 13987 13888
9 13888 13987 13988 13889
9 13889 13988 13989 13890
9 13890 13989 13990 13891
9 13891 13990 13991 13892
9 13892 13991 13992 13893
9 13893 13992 13993 13894
9 13894 13993 13994 13895
9 13895 13994 13995 13896
9 13896 13995 13996 13897
9 13897 13996 13997 13898
9 13898 13997 13998 13899
9 13899 13998 13999 13900
9 13900 13999 14000 13901
9 13901 14000 14001 13902
9 13902 14001 14002 13903
9 13903 14002 14003 13904
9 13904 14003 14004 13905
9 13905 14004 14005 13906
9 13906 14005 14006 13907
9 13907 14006 14007 13908
9 13908 14007 14008 13909
9 13909 14008 14009 13910
9 13910 14009 14010 13911
9 13911 14010 14011 13912
9 13912 14011 14012 13913
9 13913 14012 14013 13914
9 13914 14013 14014 13915
9 13915 14014 14015 13916
9 13916 14015 14016 13917
9 13917 14016 14017 13918
9 13918 14017 14018 13919
9 13919 14018 14019 13920
9 13920 14019 14020 13921
9 13921 14020 14021 13922
9 13922 14021 14022 13923
9 13923 14022 14023 13924
9 13924 14023 14024 13925
9 13925 14024 14025 13926
9 13926 14025 14026 13927
9 13927 14026 14027 13928
9 13928 14027 14028 13929
9 13929 14028 14029 13930
9 13930 14029 14030 13931
9 13931 14030 14031 13932
9 13932 14031 14032 13933
9 13933 14032 14033 13934
9 13934 14033 14034 13935
9 13935 14034 14035 13936
9 13936 14035 14036 13937
9 13937 14036 14037 13938
9 13938 14037 14038 13939
9 13939 14038 14039 13940
9 13940 14039 14040 13941
9 13941 14040 14041 13942
9 13942 14041 14042 13943
9 13943 14042 14043 13944
9 13944 14043 14044 13945
9 13945 14044 14045 13946
9 13946 14045 14046 13947
9 13947 14046 14047 13948
9 13948 14047 14048 13949
9 13949 14048 14049 13950
9 13950 14049 14050 13951
9 13951 14050 14051 13952
9 13952 14051 14052 13953
9 13953 14052 14053 13954
9 13954 14053 14054 13955
9 13955 14054 14055 13956
9 13956 14055 14056 13957
9 13957 14056 14057 13958
9 13958 14057 14058 13959
9 13959 14058 14059 13960
9 13960 14059 14060 13961
9 1200 1100 14061 13962
9 13962 14061 14062 13963
9 13963 14062 14063 13964
9 13964 14063 14064 13965
9 13965 14064 14065 13966
9 13966 14065 14066 13967
9 13967 14066 14067 13968
9 13968 14067 14068 13969
9 13969 14068 14069 13970
9 13970 14069 14070 13971
9 13971 14070 14071 13972
9 13972 14071 14072 13973
9 13973 14072 14073 13974
9 13974 14073 14074 13975
9 13975 14074 14075 13976
9 13976 14075 14076 13977
9 13977 14076 14077 13978
9 13978 14077 14078 13979
9 13979 14078 14079 13980
9 13980 14079 14080 13981
9 13981 14080 14081 13982
9 13982 14081 14082 13983
9 13983 14082 14083 13984
9 13984 14083 14084 13985
9 13985 14084 14085 13986
9 13986 14085 14086 13987
9 13987 14086 14087 13988
9 13988 14087 14088 13989
9 13989 14088 14089 13990
9 13990 14089 14090 13991
9 13991 14090 14091 13992
9 13992 14091 14092 13993
9 13993 14092 14093 13994
9 13994 14093 14094 13995
9 13995 14094 14095 13996
9 13996 14095 14096 13997
9 13997 14096 14097 13998
9 13998 14097 14098 13999
9 13999 14098 14099 14000
9 14000 14099 14100 14001
9 14001 14100 14101 14002
9 14002 14101 14102 14003
9 14003 14102 14103 14004
9 14004 14103 14104 14005
9 14005 14104 14105 14006
9 14006 14105 14106 14007
9 14007 14106 14107 14008
9 14008 14107 14108 14009
9 14009 14108 14109 14010
9 14010 14109 14110 14011
9 14011 14110 14111 14012
9 14012 14111 14112 14013
9 14013 14112 14113 14014
9 14014 14113 14114 14015
9 14015 14114 14115 14016
9 14016 14115 14116 14017
9 14017 14116 14117 14018
9 14018 14117 14118 14019
9 14019 14118 14119 14020
9 14020 14119 14120 14021
9 14021 14120 14121 14022
9 14022 14121 14122 14023
9 14023 14122 14123 14024
9 14024 14123 14124 14025
9 14025 14124 14125 14026
9 14026 14125 14126 14027
9 14027 14126 14127 14028
9 14028 14127 14128 14029
9 14029 14128 14129 14030
9 14030 14129 14130 14031
9 14031 14130 14131 14032
9 14032 14131 14132 14033
9 14033 14132 14133 14034
9 14034 14133 14134 14035
9 14035 14134 14135 14036
9 14036 14135 14136 14037
9 14037 14136 14137 14038
9 14038 14137 14138 14039
9 14039 14138 14139 14040
9 14040 14139 14140 14041
9 14041 14140 14141 14042
9 14042 14141 14142 14043
9 14043 14142 14143 14044
9 14044 14143 14144 14045
9 14045 14144 14145 14046
9 14046 14145 14146 14047
9 14047 14146 14147 14048
9 14048 14147 14148 14049
9 14049 14148 14149 14050
9 14050 14149 14150 14051
9 14051 14150 14151 14052
9 14052 14151 14152 14053
9 14053 14152 14153 14054
9 14054 14153 14154 14055
9 14055 14154 14155 14056
9 14056 14155 14156 14057
9 14057 14156 14157 14058
9 14058 14157 14158 14059
9 14059 14158 14159 14060
9 1100 1000 14160 14061
9 14061 14160 14161 14062
9 14062 14161 14162 14063
9 14063 14162 14163 14064
9 14064 14163 14164 14065
9 14065 14164 14165 14066
9 14066 14165 14166 14067
9 14067 14166 14167 14068
9 14068 14167 14168 14069
9 14069 14168 14169 14070
9 14070 14169 14170 14071
9 14071 14170 14171 14072
9 14072 14171 14172 14073
9 14073 14172 14173 14074
9 14074 14173 14174 14075
9 14075 14174 14175 14076
9 14076 14175 14176 14077
9 14077 14176 14177 14078
9 14078 14177 14178 14079
9 14079 14178 14179 14080
9 14080 14179 14180 14081
9 14081 14180 14181 14082
9 14082 14181 14182 14083
9 14083 14182 14183 14084
9 14084 14183 14184 14085
9 14085 14184 14185 14086
9 14086 14185 14186 14087
9 14087 14186 14187 14088
9 14088 14187 14188 14089
9 14089 14188 14189 14090
9 14090 14189 14190 14091
9 14091 14190 14191 14092
9 14092 14191 14192 14093
9 14093 14192 14193 14094
9 14094 14193 14194 14095
9 14095 14194 14195 14096
9 14096 14195 14196 14097
9 14097 14196 14197 14098
9 14098 14197 14198 14099
9 14099 14198 14199 14100
9 14100 14199 14200 14101
9 14101 14200 14201 14102
9 14102 14201 14202 14103
9 14103 14202 14203 14104
9 14104 14203 14204 14105
9 14105 14204 14205 14106
9 14106 14205 14206 14107
9 14107 14206 14207 14108
9 14108 14207 14208 14109
9 14109 14208 14209 14110
9 14110 14209 14210 14111
9 14111 14210 14211 14112
9 14112 14211 14212 14113
9 14113 14212 14213 14114
9 14114 14213 14214 14115
9 14115 14214 14215 14116
9 14116 14215 14216 14117
9 14117 14216 14217 14118
9 14118 14217 14218 14119
9 14119 14218 14219 14120
9 14120 14219 14220 14121
9 14121 14220 14221 14122
9 14122 14221 14222 14123
9 14123 14222 14223 14124
9 14124 14223 14224 14125
9 14125 14224 14225 14126
9 14126 14225 14226 14127
9 14127 14226 14227 14128
9 14128 14227 14228 14129
9 14129 14228 14229 14130
9 14130 14229 14230 14131
9 14131 14230 14231 14132
9 14132 14231 14232 14133
9 14133 14232 14233 14134
9 14134 14233 14234 14135
9 14135 14234 14235 14136
9 14136 14235 14236 14137
9 14137 14236 14237 14138
9 14138 14237 14238 14139
9 14139 14238 14239 14140
9 14140 14239 14240 14141
9 14141 14240 14241 14142
9 14142 14241 14242 14143
9 14143 14242 14243 14144
9 14144 14243 14244 14145
9 14145 14244 14245 14146
9 14146 14245 14246 14147
9 14147 14246 14247 14148
9 14148 14247 14248 14149
9 14149 14248 14249 14150
9 14150 14249 14250 14151
9 14151 14250 14251 14152
9 14152 14251 14252 14153
9 14153 14252 14253 14154
9 14154 14253 14254 14155
9 14155 14254 14255 14156
9 14156 14255 14256 14157
9 14157 14256 14257 14158
9 14158 14257 14258 14159
9 1000 900 14259 14160
9 14160 14259 14260 14161
9 14161 14260 14261 14162
9 14162 14261 14262 14163
9 14163 14262 14263 14164
9 14164 14263 14264 14165
9 14165 14264 14265 14166
9 14166 14265 14266 14167
9 14167 14266 14267 14168
9 14168 14267 14268 14169
9 14169 14268 14269 14170
9 14170 14269 14270 14171
9 14171 14270 14271 14172
9 14172 14271 14272 14173
9 14173 14272 14273 14174
9 14174 14273 14274 14175
9 14175 14274 14275 14176
9 14176 14275 14276 14177
9 14177 14276 14277 14178
9 14178 14277 14278 14179
9 14179 14278 14279 14180
9 14180 14279 14280 14181
9 14181 14280 14281 14182
9 14182 14281 14282 14183
9 14183 14282 14283 14184
9 14184 14283 14284 14185
9 14185 14284 14285 14186
9 14186 14285 14286 14187
9 14187 14286 14287 14188
9 14188 14287 14288 14189
9 14189 14288 14289 14190
9 14190 14289 14290 14191
9 14191 14290 14291 14192
9 14192 14291 14292 14193
9 14193 14292 14293 14194
9 14194 14293 14294 14195
9 14195 14294 14295 14196
9 14196 14295 14296 14197
9 14197 14296 14297 14198
9 14198 14297 14298 14199
9 14199 14298 14299 14200
9 14200 14299 14300 14201
9 14201 14300 14301 14202
9 14202 14301 14302 14203
9 14203 14302 14303 14204
9 14204 14303 14304 14205
9 14205 14304 14305 14206
9 14206 14305 14306 14207
9 14207 14306 14307 14208
9 14208 14307 14308 14209
9 14209 14308 14309 14210
9 14210 14309 14310 14211
9 14211 14310 14311 14212
9 14212 14311 14312 14213
9 14213 14312 14313 14214
9 14214 14313 14314 14215
9 14215 14314 14315 14216
9 14216 14315 14316 14217
9 14217 14316 14317 14218
9 14218 14317 14318 14219
9 14219 14318 14319 14220
9 14220 14319 14320 14221
9 14221 14320 14321 14222
9 14222 14321 14322 14223
9 14223 14322 14323 14224
9 14224 14323 14324 14225
9 14225 14324 14325 14226
9 14226 14325 14326 14227
9 14227 14326 14327 14228
9 14228 14327 14328 14229
9 14229 14328 14329 14230
9 14230 14329 14330 14231
9 14231 14330 14331 14232
9 14232 14331 14332 14233
9 14233 14332 14333 14234
9 14234 14333 14334 14235
9 14235 14334 14335 14236
9 14236 14335 14336 14237
9 14237 14336 14337 14238
9 14238 14337 14338 14239
9 14239 14338 14339 14240
9 14240 14339 14340 14241
9 14241 14340 14341 14242
9 14242 14341 14342 14243
9 14243 14342 14343 14244
9 14244 14343 14344 14245
9 14245 14344 14345 14246
9 14246 14345 14346 14247
9 14247 14346 14347 14248
9 14248 14347 14348 14249
9 14249 14348 14349 14250
9 14250 14349 14350 14251
9 14251 14350 14351 14252
9 14252 14351 14352 14253
9 14253 14352 14353 14254
9 14254 14353 14354 14255
9 14255 14354 14355 14256
9 14256 14355 14356 14257
9 14257 14356 14357 14258
9 900 800 14358 14259
9 14259 14358 14359 14260
9 14260 14359 14360 14261
9 14261 14360 14361 14262
9 14262 14361 14362 14263
9 14263 14362 14363 14264
9 14264 14363 14364 14265
9 14265 14364 14365 14266
9 14266 14365 14366 14267
9 14267 14366 14367 14268
9 14268 14367 14368 14269
9 14269 14368 14369 14270
9 14270 14369 14370 14271
9 14271 14370 14371 14272
9 14272 14371 14372 14273
9 14273 14372 14373 14274
9 14274 14373 14374 14275
9 14275 14374 14375 14276
9 14276 14375 14376 14277
9 14277 14376 14377 14278
9 14278 14377 14378 14279
9 14279 14378 14379 14280
9 14280 14379 14380 14281
9 14281 14380 14381 14282
9 14282 14381 14382 14283
9 14283 14382 14383 14284
9 14284 14383 14384 14285
9 14285 14384 14385 14286
9 14286 14385 14386 14287
9 14287 14386 14387 14288
9 14288 14387 14388 14289
9 14289 14388 14389 14290
9 14290 14389 14390 14291
9 14291 14390 14391 14292
9 14292 14391 14392 14293
9 14293 14392 14393 14294
9 14294 14393 14394 14295
9 14295 14394 14395 14296
9 14296 14395 14396 14297
9 14297 14396 14397 14298
9 14298 14397 14398 14299
9 14299 14398 14399 14300
9 14300 14399 14400 14301
9 14301 14400 14401 14302
9 14302 14401 14402 14303
9 14303 14402 14403 14304
9 14304 14403 14404 14305
9 14305 14404 14405 14306
9 14306 14405 14406 14307
9 14307 14406 14407 14308
9 14308 14407 14408 14309
9 14309 14408 14409 14310
9 14310 14409 14410 14311
9 14311 14410 14411 14312
9 14312 14411 14412 14313
9 14313 14412 14413 14314
9 14314 14413 14414 14315
9 14315 14414 14415 14316
9 14316 14415 14416 14317
9 14317 14416 14417 14318
9 14318 14417 14418 14319
9 14319 14418 14419 14320
9 14320 14419 14420 14321
9 14321 14420 14421 14322
9 14322 14421 14422 14323
9 14323 14422 14423 14324
9 14324 14423 14424 14325
9 14325 14424 14425 14326
9 14326 14425 14426 14327
9 14327 14426 14427 14328
9 14328 14427 14428 14329
9 14329 14428 14429 14330
9 14330 14429 14430 14331
9 14331 14430 14431 14332
9 14332 14431 14432 14333
9 14333 14432 14433 14334
9 14334 14433 14434 14335
9 14335 14434 14435 14336
9 14336 14435 14436 14337
9 14337 14436 14437 14338
9 14338 14437 14438 14339
9 14339 14438 14439 14340
9 14340 14439 14440 14341
9 14341 14440 14441 14342
9 14342 14441 14442 14343
9 14343 14442 14443 14344
9 14344 14443 14444 14345
9 14345 14444 14445 14346
9 14346 14445 14446 14347
9 14347 14446 14447 14348
9 14348 14447 14448 14349
9 14349 14448 14449 14350
9 14350 14449 14450 14351
9 14351 14450 14451 14352
9 14352 14451 14452 14353
9 14353 14452 14453 14354
9 14354 14453 14454 14355
9 14355 14454 14455 14356
9 14356 14455 14456 14357
9 800 700 14457 14358
9 14358 14457 14458 14359
9 14359 14458 14459 14360
9 14360 14459 14460 14361
9 14361 14460 14461 14362
9 14362 14461 14462 14363
9 14363 14462 14463 14364
9 14364 14463 14464 14365
9 14365 14464 14465 14366
9 14366 14465 14466 14367
9 14367 14466 14467 14368
9 14368 14467 14468 14369
9 14369 14468 14469 14370
9 14370 14469 14470 14371
9 14371 14470 14471 14372
9 14372 14471 14472 14373
9 14373 14472 14473 14374
9 14374 14473 14474 14375
9 14375 14474 14475 14376
9 14376 14475 14476 14377
9 14377 14476 14477 14378
9 14378 14477 14478 14379
9 14379 14478 14479 14380
9 14380 14479 14480 14381
9 14381 14480 14481 14382
9 14382 14481 14482 14383
9 14383 14482 14483 14384
9 14384 14483 14484 14385
9 14385 14484 14485 14386
9 14386 14485 14486 14387
9 14387 14486 14487 14388
9 14388 14487 14488 14389
9 14389 14488 14489 14390
9 14390 14489 14490 14391
9 14391 14490 14491 14392
9 14392 14491 14492 14393
9 14393 14492 14493 14394
9 14394 14493 14494 14395
9 14395 14494 14495 14396
9 14396 14495 14496 14397
9 14397 14496 14497 14398
9 14398 14497 14498 14399
9 14399 14498 14499 14400
9 14400 14499 14500 14401
9 14401 14500 14501 14402
9 14402 14501 14502 14403
9 14403 14502 14503 14404
9 14404 14503 14504 14405
9 14405 14504 14505 14406
9 14406 14505 14506 14407
9 14407 14506 14507 14408
9 14408 14507 14508 14409
9 14409 14508 14509 14410
9 14410 14509 14510 14411
9 14411 14510 14511 14412
9 14412 14511 14512 14413
9 14413 14512 14513 14414
9 14414 14513 14514 14415
9 14415 14514 14515 14416
9 14416 14515 14516 14417
9 14417 14516 14517 14418
9 14418 14517 14518 14419
9 14419 14518 14519 14420
9 14420 14519 14520 14421
9 14421 14520 14521 14422
9 14422 14521 14522 14423
9 14423 14522 14523 14424
9 14424 14523 14524 14425
9 14425 14524 14525 14426
9 14426 14525 14526 14427
9 14427 14526 14527 14428
9 14428 14527 14528 14429
9 14429 14528 14529 14430
9 14430 14529 14530 14431
9 14431 14530 14531 14432
9 14432 14531 14532 14433
9 14433 14532 14533 14434
9 14434 14533 14534 14435
9 14435 14534 14535 14436
9 14436 14535 14536 14437
9 14437 14536 14537 14438
9 14438 14537 14538 14439
9 14439 14538 14539 14440
9 14440 14539 14540 14441
9 14441 14540 14541 14442
9 14442 14541 14542 14443
9 14443 14542 14543 14444
9 14444 14543 14544 14445
9 14445 14544 14545 14446
9 14446 14545 14546 14447
9 14447 14546 14547 14448
9 14448 14547 14548 14449
9 14449 14548 14549 14450
9 14450 14549 14550 14451
9 14451 14550 14551 14452
9 14452 14551 14552 14453
9 14453 14552 14553 14454
9 14454 14553 14554 14455
9 14455 14554 14555 14456
9 700 600 14556 14457
9 14457 14556 14557 14458
9 14458 14557 14558 14459
9 14459 14558 14559 14460
9 14460 14559 14560 14461
9 14461 14560 14561 14462
9 14462 14561 14562 14463
9 14463 14562 14563 14464
9 14464 14563 14564 14465
9 14465 14564 14565 14466
9 14466 14565 14566 14467
9 14467 14566 14567 14468
9 14468 14567 14568 14469
9 14469 14568 14569 14470
9 14470 14569 14570 14471
9 14471 14570 14571 14472
9 14472 14571 14572 14473
9 14473 14572 14573 14474
9 14474 14573 14574 14475
9 14475 14574 14575 14476
9 14476 14575 14576 14477
9 14477 14576 14577 14478
9 14478 14577 14578 14479
9 14479 14578 14579 14480
9 14480 14579 14580 14481
9 14481 14580 14581 14482
9 14482 14581 14582 14483
9 14483 14582 14583 14484
9 14484 14583 14584 14485
9 14485 14584 14585 14486
9 14486 14585 14586 14487
9 14487 14586 14587 14488
9 14488 14587 14588 14489
9 14489 14588 14589 14490
9 14490 14589 14590 14491
9 14491 14590 14591 14492
9 14492 14591 14592 14493
9 14493 14592 14593 14494
9 14494 14593 14594 14495
9 14495 14594 14595 14496
9 14496 14595 14596 14497
9 14497 14596 14597 14498
9 14498 14597 14598 14499
9 14499 14598 14599 14500
9 14500 14599 14600 14501
9 14501 14600 14601 14502
9 14502 14601 14602 14503
9 14503 14602 14603 14504
9 14504 14603 14604 14505
9 14505 14604 14605 14506
9 14506 14605 14606 14507
9 14507 14606 14607 14508
9 14508 14607 14608 14509
9 14509 14608 14609 14510
9 14510 14609 14610 14511
9 14511 14610 14611 14512
9 14512 14611 14612 14513
9 14513 14612 14613 14514
9 14514 14613 14614 14515
9 14515 14614 14615 14516
9 14516 14615 14616 14517
9 14517 14616 14617 14518
9 14518 14617 14618 14519
9 14519 14618 14619 14520
9 14520 14619 14620 14521
9 14521 14620 14621 14522
9 14522 14621 14622 14523
9 14523 14622 14623 14524
9 14524 14623 14624 14525
9 14525 14624 14625 14526
9 14526 14625 14626 14527
9 14527 14626 14627 14528
9 14528 14627 14628 14529
9 14529 14628 14629 14530
9 14530 14629 14630 14531
9 14531 14630 14631 14532
9 14532 14631 14632 14533
9 14533 14632 14633 14534
9 14534 14633 14634 14535
9 14535 14634 14635 14536
9 14536 14635 14636 14537
9 14537 14636 14637 14538
9 14538 14637 14638 14539
9 14539 14638 14639 14540
9 14540 14639 14640 14541
9 14541 14640 14641 14542
9 14542 14641 14642 14543
9 14543 14642 14643 14544
9 14544 14643 14644 14545
9 14545 14644 14645 14546
9 14546 14645 14646 14547
9 14547 14646 14647 14548
9 14548 14647 14648 14549
9 14549 14648 14649 14550
9 14550 14649 14650 14551
9 14551 14650 14651 14552
9 14552 14651 14652 14553
9 14553 14652 14653 14554
9 14554 14653 14654 14555
9 600 500 14655 14556
9 14556 14655 14656 14557
9 14557 14656 14657 14558
9 14558 14657 14658 14559
9 14559 14658 14659 14560
9 14560 14659 14660 14561
9 14561 14660 14661 14562
9 14562 14661 14662 14563
9 14563 14662 14663 14564
9 14564 14663 14664 14565
9 14565 14664 14665 14566
9 14566 14665 14666 14567
9 14567 14666 14667 14568
9 14568 14667 14668 14569
9 14569 14668 14669 14570
9 14570 14669 14670 14571
9 14571 14670 14671 14572
9 14572 14671 14672 14573
9 14573 14672 14673 14574
9 14574 14673 14674 14575
9 14575 14674 14675 14576
9 14576 14675 14676 14577
9 14577 14676 14677 14578
9 14578 14677 14678 14579
9 14579 14678 14679 14580
9 14580 14679 14680 14581
9 14581 14680 14681 14582
9 14582 14681 14682 14583
9 14583 14682 14683 14584
9 14584 14683 14684 14585
9 14585 14684 14685 14586
9 14586 14685 14686 14587
9 14587 14686 14687 14588
9 14588 14687 14688 14589
9 14589 14688 14689 14590
9 14590 14689 14690 14591
9 14591 14690 14691 14592
9 14592 14691 14692 14593
9 14593 14692 14693 14594
9 14594 14693 14694 14595
9 14595 14694 14695 14596
9 14596 14695 14696 14597
9 14597 14696 14697 14598
9 14598 14697 14698 14599
9 14599 14698 14699 14600
9 14600 14699 14700 14601
9 14601 14700 14701 14602
9 14602 14701 14702 14603
9 14603 14702 14703 14604
9 14604 14703 14704 14605
9 14605 14704 14705 14606
9 14606 14705 14706 14607
9 14607 14706 14707 14608
9 14608 14707 14708 14609
9 14609 14708 14709 14610
9 14610 14709 14710 14611
9 14611 14710 14711 14612
9 14612 14711 14712 14613
9 14613 14712 14713 14614
9 14614 14713 14714 14615
9 14615 14714 14715 14616
9 14616 14715 14716 14617
9 14617 14716 14717 14618
9 14618 14717 14718 14619
9 14619 14718 14719 14620
9 14620 14719 14720 14621
9 14621 14720 14721 14622
9 14622 14721 14722 14623
9 14623 14722 14723 14624
9 14624 14723 14724 14625
9 14625 14724 14725 14626
9 14626 14725 14726 14627
9 14627 14726 14727 14628
9 14628 14727 14728 14629
9 14629 14728 14729 14630
9 14630 14729 14730 14631
9 14631 14730 14731 14632
9 14632 14731 14732 14633
9 14633 14732 14733 14634
9 14634 14733 14734 14635
9 14635 14734 14735 14636
9 14636 14735 14736 14637
9 14637 14736 14737 14638
9 14638 14737 14738 14639
9 14639 14738 14739 14640
9 14640 14739 14740 14641
9 14641 14740 14741 14642
9 14642 14741 14742 14643
9 14643 14742 14743 14644
9 14644 14743 14744 14645
9 14645 14744 14745 14646
9 14646 14745 14746 14647
9 14647 14746 14747 14648
9 14648 14747 14748 14649
9 14649 14748 14749 14650
9 14650 14749 14750 14651
9 14651 14750 14751 14652
9 14652 14751 14752 14653
9 14653 14752 14753 14654
9 500 400 14754 14655
9 14655 14754 14755 14656
9 14656 14755 14756 14657
9 14657 14756 14757 14658
9 14658 14757 14758 14659
9 14659 14758 14759 14660
9 14660 14759 14760 14661
9 14661 14760 14761 14662
9 14662 14761 14762 14663
9 14663 14762 14763 14664
9 14664 14763 14764 14665
9 14665 14764 14765 14666
9 14666 14765 14766 14667
9 14667 14766 14767 14668
9 14668 14767 14768 14669
9 14669 14768 14769 14670
9 14670 14769 14770 14671
9 14671 14770 14771 14672
9 14672 14771 14772 14673
9 14673 14772 14773 14674
9 14674 14773 14774 14675
9 14675 14774 14775 14676
9 14676 14775 14776 14677
9 14677 14776 14777 14678
9 14678 14777 14778 14679
9 14679 14778 14779 14680
9 14680 14779 14780 14681
9 14681 14780 14781 14682
9 14682 14781 14782 14683
9 14683 14782 14783 14684
9 14684 14783 14784 14685
9 14685 14784 14785 14686
9 14686 14785 14786 14687
9 14687 14786 14787 14688
9 14688 14787 14788 14689
9 14689 14788 14789 14690
9 14690 14789 14790 14691
9 14691 14790 14791 14692
9 14692 14791 14792 14693
9 14693 14792 14793 14694
9 14694 14793 14794 14695
9 14695 14794 14795 14696
9 14696 14795 14796 14697
9 14697 14796 14797 14698
9 14698 14797 14798 14699
9 14699 14798 14799 14700
9 14700 14799 14800 14701
9 14701 14800 14801 14702
9 14702 14801 14802 14703
9 14703 14802 14803 14704
9 14704 14803 14804 14705
9 14705 14804 14805 14706
9 14706 14805 14806 14707
9 14707 14806 14807 14708
9 14708 14807 14808 14709
9 14709 14808 14809 14710
9 14710 14809 14810 14711
9 14711 14810 14811 14712
9 14712 14811 14812 14713
9 14713 14812 14813 14714
9 14714 14813 14814 14715
9 14715 14814 14815 14716
9 14716 14815 14816 14717
9 14717 14816 14817 14718
9 14718 14817 14818 14719
9 14719 14818 14819 14720
9 14720 14819 14820 14721
9 14721 14820 14821 14722
9 14722 14821 14822 14723
9 14723 14822 14823 14724
9 14724 14823 14824 14725
9 14725 14824 14825 14726
9 14726 14825 14826 14727
9 14727 14826 14827 14728
9 14728 14827 14828 14729
9 14729 14828 14829 14730
9 14730 14829 14830 14731
9 14731 14830 14831 14732
9 14732 14831 14832 14733
9 14733 14832 14833 14734
9 14734 14833 14834 14735
9 14735 14834 14835 14736
9 14736 14835 14836 14737
9 14737 14836 14837 14738
9 14738 14837 14838 14739
9 14739 14838 14839 14740
9 14740 14839 14840 14741
9 14741 14840 14841 14742
9 14742 14841 14842 14743
9 14743 14842 14843 14744
9 14744 14843 14844 14745
9 14745 14844 14845 14746
9 14746 14845 14846 14747
9 14747 14846 14847 14748
9 14748 14847 14848 14749
9 14749 14848 14849 14750
9 14750 14849 14850 14751
9 14751 14850 14851 14752
9 14752 14851 14852 14753
9 400 300 14853 14754
9 14754 14853 14854 14755
9 14755 14854 14855 14756
9 14756 14855 14856 14757
9 14757 14856 14857 14758
9 14758 14857 14858 14759
9 14759 14858 14859 14760
9 14760 14859 14860 14761
9 14761 14860 14861 14762
9 14762 14861 14862 14763
9 14763 14862 14863 14764
9 14764 14863 14864 14765
9 14765 14864 14865 14766
9 14766 14865 14866 14767
9 14767 14866 14867 14768
9 14768 14867 14868 14769
9 14769 14868 14869 14770
9 14770 14869 14870 14771
9 14771 14870 14871 14772
9 14772 14871 14872 14773
9 14773 14872 14873 14774
9 14774 14873 14874 14775
9 14775 14874 14875 14776
9 14776 14875 14876 14777
9 14777 14876 14877 14778
9 14778 14877 14878 14779
9 14779 14878 14879 14780
9 14780 14879 14880 14781
9 14781 14880 14881 14782
9 14782 14881 14882 14783
9 14783 14882 14883 14784
9 14784 14883 14884 14785
9 14785 14884 14885 14786
9 14786 14885 14886 14787
9 14787 14886 14887 14788
9 14788 14887 14888 14789
9 14789 14888 14889 14790
9 14790 14889 14890 14791
9 14791 14890 14891 14792
9 14792 14891 14892 14793
9 14793 14892 14893 14794
9 14794 14893 14894 14795
9 14795 14894 14895 14796
9 14796 14895 14896 14797
9 14797 14896 14897 14798
9 14798 14897 14898 14799
9 14799 14898 14899 14800
9 14800 14899 14900 14801
9 14801 14900 14901 14802
9 14802 14901 14902 14803
9 14803 14902 14903 14804
9 14804 14903 14904 14805
9 14805 14904 14905 14806
9 14806 14905 14906 14807
9 14807 14906 14907 14808
9 14808 14907 14908 14809
9 14809 14908 14909 14810
9 14810 14909 14910 14811
9 14811 14910 14911 14812
9 14812 14911 14912 14813
9 14813 14912 14913 14814
9 14814 14913 14914 14815
9 14815 14914 14915 14816
9 14816 14915 14916 14817
9 14817 14916 14917 14818
9 14818 14917 14918 14819
9 14819 14918 14919 14820
9 14820 14919 14920 14821
9 14821 14920 14921 14822
9 14822 14921 14922 14823
9 14823 14922 14923 14824
9 14824 14923 14924 14825
9 14825 14924 14925 14826
9 14826 14925 14926 14827
9 14827 14926 14927 14828
9 14828 14927 14928 14829
9 14829 14928 14929 14830
9 14830 14929 14930 14831
9 14831 14930 14931 14832
9 14832 14931 14932 14833
9 14833 14932 14933 14834
9 14834 14933 14934 14835
9 14835 14934 14935 14836
9 14836 14935 14936 14837
9 14837 14936 14937 14838
9 14838 14937 14938 14839
9 14839 14938 14939 14840
9 14840 14939 14940 14841
9 14841 14940 14941 14842
9 14842 14941 14942 14843
9 14843 14942 14943 14844
9 14844 14943 14944 14845
9 14845 14944 14945 14846
9 14846 14945 14946 14847
9 14847 14946 14947 14848
9 14848 14947 14948 14849
9 14849 14948 14949 14850
9 14850 14949 14950 14851
9 14851 14950 14951 14852
9 300 200 14952 14853
9 14853 14952 14953 14854
9 14854 14953 14954 14855
9 14855 14954 14955 14856
9 14856 14955 14956 14857
9 14857 14956 14957 14858
9 14858 14957 14958 14859
9 14859 14958 14959 14860
9 14860 14959 14960 14861
9 14861 14960 14961 14862
9 14862 14961 14962 14863
9 14863 14962 14963 14864
9 14864 14963 14964 14865
9 14865 14964 14965 14866
9 14866 14965 14966 14867
9 14867 14966 14967 14868
9 14868 14967 14968 14869
9 14869 14968 14969 14870
9 14870 14969 14970 14871
9 14871 14970 14971 14872
9 14872 14971 14972 14873
9 14873 14972 14973 14874
9 14874 14973 14974 14875
9 14875 14974 14975 14876
9 14876 14975 14976 14877
9 14877 14976 14977 14878
9 14878 14977 14978 14879
9 14879 14978 14979 14880
9 14880 14979 14980 14881
9 14881 14980 14981 14882
9 14882 14981 14982 14883
9 14883 14982 14983 14884
9 14884 14983 14984 14885
9 14885 14984 14985 14886
9 14886 14985 14986 14887
9 14887 14986 14987 14888
9 14888 14987 14988 14889
9 14889 14988 14989 14890
9 14890 14989 14990 14891
9 14891 14990 14991 14892
9 14892 14991 14992 14893
9 14893 14992 14993 14894
9 14894 14993 14994 14895
9 14895 14994 14995 14896
9 14896 14995 14996 14897
9 14897 14996 14997 14898
9 14898 14997 14998 14899
9 14899 14998 14999 14900
9 14900 14999 15000 14901
9 14901 15000 15001 14902
9 14902 15001 15002 14903
9 14903 15002 15003 14904
9 14904 15003 15004 14905
9 14905 15004 15005 14906
9 14906 15005 15006 14907
9 14907 15006 15007 14908
9 14908 15007 15008 14909
9 14909 15008 15009 14910
9 14910 15009 15010 14911
9 14911 15010 15011 14912
9 14912 15011 15012 14913
9 14913 15012 15013 14914
9 14914 15013 15014 14915
9 14915 15014 15015 14916
9 14916 15015 15016 14917
9 14917 15016 15017 14918
9 14918 15017 15018 14919
9 14919 15018 15019 14920
9 14920 15019 15020 14921
9 14921 15020 15021 14922
9 14922 15021 15022 14923
9 14923 15022 15023 14924
9 14924 15023 15024 14925
9 14925 15024 15025 14926
9 14926 15025 15026 14927
9 14927 15026 15027 14928
9 14928 15027 15028 14929
9 14929 15028 15029 14930
9 14930 15029 15030 14931
9 14931 15030 15031 14932
9 14932 15031 15032 14933
9 14933 15032 15033 14934
9 14934 15033 15034 14935
9 14935 15034 15035 14936
9 14936 15035 15036 14937
9 14937 15036 15037 14938
9 14938 15037 15038 14939
9 14939 15038 15039 14940
9 14940 15039 15040 14941
9 14941 15040 15041 14942
9 14942 15041 15042 14943
9 14943 15042 15043 14944
9 14944 15043 15044 14945
9 14945 15044 15045 14946
9 14946 15045 15046 14947
9 14947 15046 15047 14948
9 14948 15047 15048 14949
9 14949 15048 15049 14950
9 14950 15049 15050 14951
9 200 100 15051 14952
9 14952 15051 15052 14953
9 14953 15052 15053 14954
9 14954 15053 15054 14955
9 14955 15054 15055 14956
9 14956 15055 15056 14957
9 14957 15056 15057 14958
9 14958 15057 15058 14959
9 14959 15058 15059 14960
9 14960 15059 15060 14961
9 14961 15060 15061 14962
9 14962 15061 15062 14963
9 14963 15062 15063 14964
9 14964 15063 15064 14965
9 14965 15064 15065 14966
9 14966 15065 15066 14967
9 14967 15066 15067 14968
9 14968 15067 15068 14969
9 14969 15068 15069 14970
9 14970 15069 15070 14971
9 14971 15070 15071 14972
9 14972 15071 15072 14973
9 14973 15072 15073 14974
9 14974 15073 15074 14975
9 14975 15074 15075 14976
9 14976 15075 15076 14977
9 14977 15076 15077 14978
9 14978 15077 15078 14979
9 14979 15078 15079 14980
9 14980 15079 15080 14981
9 14981 15080 15081 14982
9 14982 15081 15082 14983
9 14983 15082 15083 14984
9 14984 15083 15084 14985
9 14985 15084 15085 14986
9 14986 15085 15086 14987
9 14987 15086 15087 14988
9 14988 15087 15088 14989
9 14989 15088 15089 14990
9 14990 15089 15090 14991
9 14991 15090 15091 14992
9 14992 15091 15092 14993
9 14993 15092 15093 14994
9 14994 15093 15094 14995
9 14995 15094 15095 14996
9 14996 15095 15096 14997
9 14997 15096 15097 14998
9 14998 15097 15098 14999
9 14999 15098 15099 15000
9 15000 15099 15100 15001
9 15001 15100 15101 15002
9 15002 15101 15102 15003
9 15003 15102 15103 15004
9 15004 15103 15104 15005
9 15005 15104 15105 15006
9 15006 15105 15106 15007
9 15007 15106 15107 15008
9 15008 15107 15108 15009
9 15009 15108 15109 15010
9 15010 15109 15110 15011
9 15011 15110 15111 15012
9 15012 15111 15112 15013
9 15013 15112 15113 15014
9 15014 15113 15114 15015
9 15015 15114 15115 15016
9 15016 15115 15116 15017
9 15017 15116 15117 15018
9 15018 15117 15118 15019
9 15019 15118 15119 15020
9 15020 15119 15120 15021
9 15021 15120 15121 15022
9 15022 15121 15122 15023
9 15023 15122 15123 15024
9 15024 15123 15124 15025
9 15025 15124 15125 15026
9 15026 15125 15126 15027
9 15027 15126 15127 15028
9 15028 15127 15128 15029
9 15029 15128 15129 15030
9 15030 15129 15130 15031
9 15031 15130 15131 15032
9 15032 15131 15132 15033
9 15033 15132 15133 15034
9 15034 15133 15134 15035
9 15035 15134 15135 15036
9 15036 15135 15136 15037
9 15037 15136 15137 15038
9 15038 15137 15138 15039
9 15039 15138 15139 15040
9 15040 15139 15140 15041
9 15041 15140 15141 15042
9 15042 15141 15142 15043
9 15043 15142 15143 15044
9 15044 15143 15144 15045
9 15045 15144 15145 15046
9 15046 15145 15146 15047
9 15047 15146 15147 15048
9 15048 15147 15148 15049
9 15049 15148 15149 15050
9 100 0 15150 15051
9 15051 15150 15151 15052
9 15052 15151 15152 15053
9 15053 15152 15153 15054
9 15054 15153 15154 15055
9 15055 15154 15155 15056
9 15056 15155 15156 15057
9 15057 15156 15157 15058
9 15058 15157 15158 15059
9 15059 15158 15159 15060
9 15060 15159 15160 15061
9 15061 15160 15161 15062
9 15062 15161 15162 15063
9 15063 15162 15163 15064
9 15064 15163 15164 15065
9 15065 15164 15165 15066
9 15066 15165 15166 15067
9 15067 15166 15167 15068
9 15068 15167 15168 15069
9 15069 15168 15169 15070
9 15070 15169 15170 15071
9 15071 15170 15171 15072
9 15072 15171 15172 15073
9 15073 15172 15173 15074
9 15074 15173 15174 15075
9 15075 15174 15175 15076
9 15076 15175 15176 15077
9 15077 15176 15177 15078
9 15078 15177 15178 15079
9 15079 15178 15179 15080
9 15080 15179 15180 15081
9 15081 15180 15181 15082
9 15082 15181 15182 15083
9 15083 15182 15183 15084
9 15084 15183 15184 15085
9 15085 15184 15185 15086
9 15086 15185 15186 15087
9 15087 15186 15187 15088
9 15088 15187 15188 15089
9 15089 15188 15189 15090
9 15090 15189 15190 15091
9 15091 15190 15191 15092
9 15092 15191 15192 15093
9 15093 15192 15193 15094
9 15094 15193 15194 15095
9 15095 15194 15195 15096
9 15096 15195 15196 15097
9 15097 15196 15197 15098
9 15098 15197 15198 15099
9 15099 15198 15199 15100
9 15100 15199 15200 15101
9 15101 15200 15201 15102
9 15102 15201 15202 15103
9 15103 15202 15203 15104
9 15104 15203 15204 15105
9 15105 15204 15205 15106
9 15106 15205 15206 15107
9 15107 15206 15207 15108
9 15108 15207 15208 15109
9 15109 15208 15209 15110
9 15110 15209 15210 15111
9 15111 15210 15211 15112
9 15112 15211 15212 15113
9 15113 15212 15213 15114
9 15114 15213 15214 15115
9 15115 15214 15215 15116
9 15116 15215 15216 15117
9 15117 15216 15217 15118
9 15118 15217 15218 15119
9 15119 15218 15219 15120
9 15120 15219 15220 15121
9 15121 15220 15221 15122
9 15122 15221 15222 15123
9 15123 15222 15223 15124
9 15124 15223 15224 15125
9 15125 15224 15225 15126
9 15126 15225 15226 15127
9 15127 15226 15227 15128
9 15128 15227 15228 15129
9 15129 15228 15229 15130
9 15130 15229 15230 15131
9 15131 15230 15231 15132
9 15132 15231 15232 15133
9 15133 15232 15233 15134
9 15134 15233 15234 15135
9 15135 15234 15235 15136
9 15136 15235 15236 15137
9 15137 15236 15237 15138
9 15138 15237 15238 15139
9 15139 15238 15239 15140
9 15140 15239 15240 15141
9 15141 15240 15241 15142
9 15142 15241 15242 15143
9 15143 15242 15243 15144
9 15144 15243 15244 15145
9 15145 15244 15245 15146
9 15146 15245 15246 15147
9 15147 15246 15247 15148
9 15148 15247 15248 15149
NPOIN= 15249
9.22793895 0.00000000 0
9.22793895 0.00100000 1
9.22793895 0.00206810 2
9.22793895 0.00320893 3
9.22793895 0.00442745 4
9.22793895 0.00572894 5
9.22793895 0.00711907 6
9.22793895 0.00860386 7
9.22793895 0.01018975 8
9.22793895 0.01188365 9
9.22793895 0.01369289 10
9.22793895 0.01562534 11
9.22793895 0.01768938 12
9.22793895 0.01989399 13
9.22793895 0.02224872 14
9.22793895 0.02476380 15
9.22793895 0.02745016 16
9.22793895 0.03031946 17
9.22793895 0.03338416 18
9.22793895 0.03665756 19
9.22793895 0.04015388 20
9.22793895 0.04388830 21
9.22793895 0.04787703 22
9.22793895 0.05213740 23
9.22793895 0.05668791 24
9.22793895 0.06154831 25
9.22793895 0.06673972 26
9.22793895 0.07228467 27
9.22793895 0.07820725 28
9.22793895 0.08453318 29
9.22793895 0.09128994 30
9.22793895 0.09850685 31
9.22793895 0.10621528 32
9.22793895 0.11444870 33
9.22793895 0.12324286 34
9.22793895 0.13263597 35
9.22793895 0.14266883 36
9.22793895 0.15338502 37
9.22793895 0.16483109 38
9.22793895 0.17705676 39
9.22793895 0.19011514 40
9.22793895 0.20406297 41
9.22793895 0.21896084 42
9.22793895 0.23487349 43
9.22793895 0.25187005 44
9.22793895 0.27002439 45
9.22793895 0.28941539 46
9.22793895 0.31012733 47
9.22793895 0.33225023 48
9.22793895 0.35588024 49
9.22793895 0.38112009 50
9.22793895 0.40807948 51
9.22793895 0.43687563 52
9.22793895 0.46763375 53
9.22793895 0.50048758 54
9.22793895 0.53557999 55
9.22793895 0.57306360 56
9.22793895 0.61310147 57
9.22793895 0.65586775 58
9.22793895 0.70154851 59
9.22793895 0.75034252 60
9.22793895 0.80246212 61
9.22793895 0.85813415 62
9.22793895 0.91760094 63
9.22793895 0.98112138 64
9.22793895 1.04897206 65
9.22793895 1.12144845 66
9.22793895 1.19886623 67
9.22793895 1.28156263 68
9.22793895 1.36989795 69
9.22793895 1.46425712 70
9.22793895 1.56505136 71
9.22793895 1.67272003 72
9.22793895 1.78773249 73
9.22793895 1.91059021 74
9.22793895 2.04182892 75
9.22793895 2.18202096 76
9.22793895 2.33177777 77
9.22793895 2.49175255 78
9.22793895 2.66264308 79
9.22793895 2.84519477 80
9.22793895 3.04020384 81
9.22793895 3.24852076 82
9.22793895 3.47105389 83
9.22793895 3.70877332 84
9.22793895 3.96271498 85
9.22793895 4.23398502 86
9.22793895 4.52376434 87
9.22793895 4.83331350 88
9.22793895 5.16397779 89
9.22793895 5.51719266 90
9.22793895 5.89448930 91
9.22793895 6.29750056 92
9.22793895 6.72796705 93
9.22793895 7.18774345 94
9.22793895 7.67880504 95
9.22793895 8.20325428 96
9.22793895 8.76332748 97
9.22793895 9.36140147 98
9.22793895 10.00000000 99
8.79870121 0.00000000 100
8.79870121 0.00100000 101
8.79870121 0.00206810 102
8.79870121 0.00320893 103
8.79870121 0.00442745 104
8.79870121 0.00572894 105
8.79870121 0.00711907 106
8.79870121 0.00860386 107
8.79870121 0.01018975 108
8.79870121 0.01188365 109
8.79870121 0.01369289 110
8.79870121 0.01562534 111
8.79870121 0.01768938 112
8.79870121 0.01989399 113
8.79870121 0.02224872 114
8.79870121 0.02476380 115
8.79870121 0.02745016 116
8.79870121 0.03031946 117
8.79870121 0.03338416 118
8.79870121 0.03665756 119
8.79870121 0.04015388 120
8.79870121 0.04388830 121
8.79870121 0.04787703 122
8.79870121 0.05213740 123
8.79870121 0.05668791 124
8.79870121 0.06154831 125
8.79870121 0.06673972 126
8.79870121 0.07228467 127
8.79870121 0.07820725 128
8.79870121 0.08453318 129
8.79870121 0.09128994 130
8.79870121 0.09850685 131
8.79870121 0.10621528 132
8.79870121 0.11444870 133
8.79870121 0.12324286 134
8.79870121 0.13263597 135
8.79870121 0.14266883 136
8.79870121 0.15338502 137
8.79870121 0.16483109 138
8.79870121 0.17705676 139
8.79870121 0.19011514 140
8.79870121 0.20406297 141
8.79870121 0.21896084 142
8.79870121 0.23487349 143
8.79870121 0.25187005 144
8.79870121 0.27002439 145
8.79870121 0.28941539 146
8.79870121 0.31012733 147
8.79870121 0.33225023 148
8.79870121 0.35588024 149
8.79870121 0.38112009 150
8.79870121 0.40807948 151
8.79870121 0.43687563 152
8.79870121 0.46763375 153
8.79870121 0.50048758 154
8.79870121 0.53557999 155
8.79870121 0.57306360 156
8.79870121 0.61310147 157
8.79870121 0.65586775 158
8.79870121 0.70154851 159
8.79870121 0.75034252 160
8.79870121 0.80246212 161
8.79870121 0.85813415 162
8.79870121 0.91760094 163
8.79870121 0.98112138 164
8.79870121 1.04897206 165
8.79870121 1.12144845 166
8.79870121 1.19886623 167
8.79870121 1.28156263 168
8.79870121 1.36989795 169
8.79870121 1.46425712 170
8.79870121 1.56505136 171
8.79870121 1.67272003 172
8.79870121 1.78773249 173
8.79870121 1.91059021 174
8.79870121 2.04182892 175
8.79870121 2.18202096 176
8.79870121 2.33177777 177
8.79870121 2.49175255 178
8.79870121 2.66264308 179
8.79870121 2.84519477 180
8.79870121 3.04020384 181
8.79870121 3.24852076 182
8.79870121 3.47105389 183
8.79870121 3.70877332 184
8.79870121 3.96271498 185
8.79870121 4.23398502 186
8.79870121 4.52376434 187
8.79870121 4.83331350 188
8.79870121 5.16397779 189
8.79870121 5.51719266 190
8.79870121 5.89448930 191
8.79870121 6.29750056 192
8.79870121 6.72796705 193
8.79870121 7.18774345 194
8.79870121 7.67880504 195
8.79870121 8.20325428 196
8.79870121 8.76332748 197
8.79870121 9.36140147 198
8.79870121 10.00000000 199
8.38990335 0.00000000 200
8.38990335 0.00100000 201
8.38990335 0.00206810 202
8.38990335 0.00320893 203
8.38990335 0.00442745 204
8.38990335 0.00572894 205
8.38990335 0.00711907 206
8.38990335 0.00860386 207
8.38990335 0.01018975 208
8.38990335 0.01188365 209
8.38990335 0.01369289 210
8.38990335 0.01562534 211
8.38990335 0.01768938 212
8.38990335 0.01989399 213
8.38990335 0.02224872 214
8.38990335 0.02476380 215
8.38990335 0.02745016 216
8.38990335 0.03031946 217
8.38990335 0.03338416 218
8.38990335 0.03665756 219
8.38990335 0.04015388 220
8.38990335 0.04388830 221
8.38990335 0.04787703 222
8.38990335 0.05213740 223
8.38990335 0.05668791 224
8.38990335 0.06154831 225
8.38990335 0.06673972 226
8.38990335 0.07228467 227
8.38990335 0.07820725 228
8.38990335 0.08453318 229
8.38990335 0.09128994 230
8.38990335 0.09850685 231
8.38990335 0.10621528 232
8.38990335 0.11444870 233
8.38990335 0.12324286 234
8.38990335 0.13263597 235
8.38990335 0.14266883 236
8.38990335 0.15338502 237
8.38990335 0.16483109 238
8.38990335 0.17705676 239
8.38990335 0.19011514 240
8.38990335 0.20406297 241
8.38990335 0.21896084 242
8.38990335 0.23487349 243
8.38990335 0.25187005 244
8.38990335 0.27002439 245
8.38990335 0.28941539 246
8.38990335 0.31012733 247
8.38990335 0.33225023 248
8.38990335 0.35588024 249
8.38990335 0.38112009 250
8.38990335 0.40807948 251
8.38990335 0.43687563 252
8.38990335 0.46763375 253
8.38990335 0.50048758 254
8.38990335 0.53557999 255
8.38990335 0.57306360 256
8.38990335 0.61310147 257
8.38990335 0.65586775 258
8.38990335 0.70154851 259
8.38990335 0.75034252 260
8.38990335 0.80246212 261
8.38990335 0.85813415 262
8.38990335 0.91760094 263
8.38990335 0.98112138 264
8.38990335 1.04897206 265
8.38990335 1.12144845 266
8.38990335 1.19886623 267
8.38990335 1.28156263 268
8.38990335 1.36989795 269
8.38990335 1.46425712 270
8.38990335 1.56505136 271
8.38990335 1.67272003 272
8.38990335 1.78773249 273
8.38990335 1.91059021 274
8.38990335 2.04182892 275
8.38990335 2.18202096 276
8.38990335 2.33177777 277
8.38990335 2.49175255 278
8.38990335 2.66264308 279
8.38990335 2.84519477 280
8.38990335 3.04020384 281
8.38990335 3.24852076 282
8.38990335 3.47105389 283
8.38990335 3.70877332 284
8.38990335 3.96271498 285
8.38990335 4.23398502 286
8.38990335 4.52376434 287
8.38990335 4.83331350 288
8.38990335 5.16397779 289
8.38990335 5.51719266 290
8.38990335 5.89448930 291
8.38990335 6.29750056 292
8.38990335 6.72796705 293
8.38990335 7.18774345 294
8.38990335 7.67880504 295
8.38990335 8.20325428 296
8.38990335 8.76332748 297
8.38990335 9.36140147 298
8.38990335 10.00000000 299
8.00057206 0.00000000 300
8.00057206 0.00100000 301
8.00057206 0.00206810 302
8.00057206 0.00320893 303
8.00057206 0.00442745 304
8.00057206 0.00572894 305
8.00057206 0.00711907 306
8.00057206 0.00860386 307
8.00057206 0.01018975 308
8.00057206 0.01188365 309
8.00057206 0.01369289 310
8.00057206 0.01562534 311
8.00057206 0.01768938 312
8.00057206 0.01989399 313
8.00057206 0.02224872 314
8.00057206 0.02476380 315
8.00057206 0.02745016 316
8.00057206 0.03031946 317
8.00057206 0.03338416 318
8.00057206 0.03665756 319
8.00057206 0.04015388 320
8.00057206 0.04388830 321
8.00057206 0.04787703 322
8.00057206 0.05213740 323
8.00057206 0.05668791 324
8.00057206 0.06154831 325
8.00057206 0.06673972 326
8.00057206 0.07228467 327
8.00057206 0.07820725 328
8.00057206 0.08453318 329
8.00057206 0.09128994 330
8.00057206 0.09850685 331
8.00057206 0.10621528 332
8.00057206 0.11444870 333
8.00057206 0.12324286 334
8.00057206 0.13263597 335
8.00057206 0.14266883 336
8.00057206 0.15338502 337
8.00057206 0.16483109 338
8.00057206 0.17705676 339
8.00057206 0.19011514 340
8.00057206 0.20406297 341
8.00057206 0.21896084 342
8.00057206 0.23487349 343
8.00057206 0.25187005 344
8.00057206 0.27002439 345
8.00057206 0.28941539 346
8.00057206 0.31012733 347
8.00057206 0.33225023 348
8.00057206 0.35588024 349
8.00057206 0.38112009 350
8.00057206 0.40807948 351
8.00057206 0.43687563 352
8.00057206 0.46763375 353
8.00057206 0.50048758 354
8.00057206 0.53557999 355
8.00057206 0.57306360 356
8.00057206 0.61310147 357
8.00057206 0.65586775 358
8.00057206 0.70154851 359
8.00057206 0.75034252 360
8.00057206 0.80246212 361
8.00057206 0.85813415 362
8.00057206 0.91760094 363
8.00057206 0.98112138 364
8.00057206 1.04897206 365
8.00057206 1.12144845 366
8.00057206 1.19886623 367
8.00057206 1.28156263 368
8.00057206 1.36989795 369
8.00057206 1.46425712 370
8.00057206 1.56505136 371
8.00057206 1.67272003 372
8.00057206 1.78773249 373
8.00057206 1.91059021 374
8.00057206 2.04182892 375
8.00057206 2.18202096 376
8.00057206 2.33177777 377
8.00057206 2.49175255 378
8.00057206 2.66264308 379
8.00057206 2.84519477 380
8.00057206 3.04020384 381
8.00057206 3.24852076 382
8.00057206 3.47105389 383
8.00057206 3.70877332 384
8.00057206 3.96271498 385
8.00057206 4.23398502 386
8.00057206 4.52376434 387
8.00057206 4.83331350 388
8.00057206 5.16397779 389
8.00057206 5.51719266 390
8.00057206 5.89448930 391
8.00057206 6.29750056 392
8.00057206 6.72796705 393
8.00057206 7.18774345 394
8.00057206 7.67880504 395
8.00057206 8.20325428 396
8.00057206 8.76332748 397
8.00057206 9.36140147 398
8.00057206 10.00000000 399
7.62978035 0.00000000 400
7.62978035 0.00100000 401
7.62978035 0.00206810 402
7.62978035 0.00320893 403
7.62978035 0.00442745 404
7.62978035 0.00572894 405
7.62978035 0.00711907 406
7.62978035 0.00860386 407
7.62978035 0.01018975 408
7.62978035 0.01188365 409
7.62978035 0.01369289 410
7.62978035 0.01562534 411
7.62978035 0.01768938 412
7.62978035 0.01989399 413
7.62978035 0.02224872 414
7.62978035 0.02476380 415
7.62978035 0.02745016 416
7.62978035 0.03031946 417
7.62978035 0.03338416 418
7.62978035 0.03665756 419
7.62978035 0.04015388 420
7.62978035 0.04388830 421
7.62978035 0.04787703 422
7.62978035 0.05213740 423
7.62978035 0.05668791 424
7.62978035 0.06154831 425
7.62978035 0.06673972 426
7.62978035 0.07228467 427
7.62978035 0.07820725 428
7.62978035 0.08453318 429
7.62978035 0.09128994 430
7.62978035 0.09850685 431
7.62978035 0.10621528 432
7.62978035 0.11444870 433
7.62978035 0.12324286 434
7.62978035 0.13263597 435
7.62978035 0.14266883 436
7.62978035 0.15338502 437
7.62978035 0.16483109 438
7.62978035 0.17705676 439
7.62978035 0.19011514 440
7.62978035 0.20406297 441
7.62978035 0.21896084 442
7.62978035 0.23487349 443
7.62978035 0.25187005 444
7.62978035 0.27002439 445
7.62978035 0.28941539 446
7.62978035 0.31012733 447
7.62978035 0.33225023 448
7.62978035 0.35588024 449
7.62978035 0.38112009 450
7.62978035 0.40807948 451
7.62978035 0.43687563 452
7.62978035 0.46763375 453
7.62978035 0.50048758 454
7.62978035 0.53557999 455
7.62978035 0.57306360 456
7.62978035 0.61310147 457
7.62978035 0.65586775 458
7.62978035 0.70154851 459
7.62978035 0.75034252 460
7.62978035 0.80246212 461
7.62978035 0.85813415 462
7.62978035 0.91760094 463
7.62978035 0.98112138 464
7.62978035 1.04897206 465
7.62978035 1.12144845 466
7.62978035 1.19886623 467
7.62978035 1.28156263 468
7.62978035 1.36989795 469
7.62978035 1.46425712 470
7.62978035 1.56505136 471
7.62978035 1.67272003 472
7.62978035 1.78773249 473
7.62978035 1.91059021 474
7.62978035 2.04182892 475
7.62978035 2.18202096 476
7.62978035 2.33177777 477
7.62978035 2.49175255 478
7.62978035 2.66264308 479
7.62978035 2.84519477 480
7.62978035 3.04020384 481
7.62978035 3.24852076 482
7.62978035 3.47105389 483
7.62978035 3.70877332 484
7.62978035 3.96271498 485
7.62978035 4.23398502 486
7.62978035 4.52376434 487
7.62978035 4.83331350 488
7.62978035 5.16397779 489
7.62978035 5.51719266 490
7.62978035 5.89448930 491
7.62978035 6.29750056 492
7.62978035 6.72796705 493
7.62978035 7.18774345 494
7.62978035 7.67880504 495
7.62978035 8.20325428 496
7.62978035 8.76332748 497
7.62978035 9.36140147 498
7.62978035 10.00000000 499
7.27664540 0.00000000 500
7.27664540 0.00100000 501
7.27664540 0.00206810 502
7.27664540 0.00320893 503
7.27664540 0.00442745 504
7.27664540 0.00572894 505
7.27664540 0.00711907 506
7.27664540 0.00860386 507
7.27664540 0.01018975 508
7.27664540 0.01188365 509
7.27664540 0.01369289 510
7.27664540 0.01562534 511
7.27664540 0.01768938 512
7.27664540 0.01989399 513
7.27664540 0.02224872 514
7.27664540 0.02476380 515
7.27664540 0.02745016 516
7.27664540 0.03031946 517
7.27664540 0.03338416 518
7.27664540 0.03665756 519
7.27664540 0.04015388 520
7.27664540 0.04388830 521
7.27664540 0.04787703 522
7.27664540 0.05213740 523
7.27664540 0.05668791 524
7.27664540 0.06154831 525
7.27664540 0.06673972 526
7.27664540 0.07228467 527
7.27664540 0.07820725 528
7.27664540 0.08453318 529
7.27664540 0.09128994 530
7.27664540 0.09850685 531
7.27664540 0.10621528 532
7.27664540 0.11444870 533
7.27664540 0.12324286 534
7.27664540 0.13263597 535
7.27664540 0.14266883 536
7.27664540 0.15338502 537
7.27664540 0.16483109 538
7.27664540 0.17705676 539
7.27664540 0.19011514 540
7.27664540 0.20406297 541
7.27664540 0.21896084 542
7.27664540 0.23487349 543
7.27664540 0.25187005 544
7.27664540 0.27002439 545
7.27664540 0.28941539 546
7.27664540 0.31012733 547
7.27664540 0.33225023 548
7.27664540 0.35588024 549
7.27664540 0.38112009 550
7.27664540 0.40807948 551
7.27664540 0.43687563 552
7.27664540 0.46763375 553
7.27664540 0.50048758 554
7.27664540 0.53557999 555
7.27664540 0.57306360 556
7.27664540 0.61310147 557
7.27664540 0.65586775 558
7.27664540 0.70154851 559
7.27664540 0.75034252 560
7.27664540 0.80246212 561
7.27664540 0.85813415 562
7.27664540 0.91760094 563
7.27664540 0.98112138 564
7.27664540 1.04897206 565
7.27664540 1.12144845 566
7.27664540 1.19886623 567
7.27664540 1.28156263 568
7.27664540 1.36989795 569
7.27664540 1.46425712 570
7.27664540 1.56505136 571
7.27664540 1.67272003 572
7.27664540 1.78773249 573
7.27664540 1.91059021 574
7.27664540 2.04182892 575
7.27664540 2.18202096 576
7.27664540 2.33177777 577
7.27664540 2.49175255 578
7.27664540 2.66264308 579
7.27664540 2.84519477 580
7.27664540 3.04020384 581
7.27664540 3.24852076 582
7.27664540 3.47105389 583
7.27664540 3.70877332 584
7.27664540 3.96271498 585
7.27664540 4.23398502 586
7.27664540 4.52376434 587
7.27664540 4.83331350 588
7.27664540 5.16397779 589
7.27664540 5.51719266 590
7.27664540 5.89448930 591
7.27664540 6.29750056 592
7.27664540 6.72796705 593
7.27664540 7.18774345 594
7.27664540 7.67880504 595
7.27664540 8.20325428 596
7.27664540 8.76332748 597
7.27664540 9.36140147 598
7.27664540 10.00000000 599
6.94032639 0.00000000 600
6.94032639 0.00100000 601
6.94032639 0.00206810 602
6.94032639 0.00320893 603
6.94032639 0.00442745 604
6.94032639 0.00572894 605
6.94032639 0.00711907 606
6.94032639 0.00860386 607
6.94032639 0.01018975 608
6.94032639 0.01188365 609
6.94032639 0.01369289 610
6.94032639 0.01562534 611
6.94032639 0.01768938 612
6.94032639 0.01989399 613
6.94032639 0.02224872 614
6.94032639 0.02476380 615
6.94032639 0.02745016 616
6.94032639 0.03031946 617
6.94032639 0.03338416 618
6.94032639 0.03665756 619
6.94032639 0.04015388 620
6.94032639 0.04388830 621
6.94032639 0.04787703 622
6.94032639 0.05213740 623
6.94032639 0.05668791 624
6.94032639 0.06154831 625
6.94032639 0.06673972 626
6.94032639 0.07228467 627
6.94032639 0.07820725 628
6.94032639 0.08453318 629
6.94032639 0.09128994 630
6.94032639 0.09850685 631
6.94032639 0.10621528 632
6.94032639 0.11444870 633
6.94032639 0.12324286 634
6.94032639 0.13263597 635
6.94032639 0.14266883 636
6.94032639 0.15338502 637
6.94032639 0.16483109 638
6.94032639 0.17705676 639
6.94032639 0.19011514 640
6.94032639 0.20406297 641
6.94032639 0.21896084 642
6.94032639 0.23487349 643
6.94032639 0.25187005 644
6.94032639 0.27002439 645
6.94032639 0.28941539 646
6.94032639 0.31012733 647
6.94032639 0.33225023 648
6.94032639 0.35588024 649
6.94032639 0.38112009 650
6.94032639 0.40807948 651
6.94032639 0.43687563 652
6.94032639 0.46763375 653
6.94032639 0.50048758 654
6.94032639 0.53557999 655
6.94032639 0.57306360 656
6.94032639 0.61310147 657
6.94032639 0.65586775 658
6.94032639 0.70154851 659
6.94032639 0.75034252 660
6.94032639 0.80246212 661
6.94032639 0.85813415 662
6.94032639 0.91760094 663
6.94032639 0.98112138 664
6.94032639 1.04897206 665
6.94032639 1.12144845 666
6.94032639 1.19886623 667
6.94032639 1.28156263 668
6.94032639 1.36989795 669
6.94032639 1.46425712 670
6.94032639 1.56505136 671
6.94032639 1.67272003 672
6.94032639 1.78773249 673
6.94032639 1.91059021 674
6.94032639 2.04182892 675
6.94032639 2.18202096 676
6.94032639 2.33177777 677
6.94032639 2.49175255 678
6.94032639 2.66264308 679
6.94032639 2.84519477 680
6.94032639 3.04020384 681
6.94032639 3.24852076 682
6.94032639 3.47105389 683
6.94032639 3.70877332 684
6.94032639 3.96271498 685
6.94032639 4.23398502 686
6.94032639 4.52376434 687
6.94032639 4.83331350 688
6.94032639 5.16397779 689
6.94032639 5.51719266 690
6.94032639 5.89448930 691
6.94032639 6.29750056 692
6.94032639 6.72796705 693
6.94032639 7.18774345 694
6.94032639 7.67880504 695
6.94032639 8.20325428 696
6.94032639 8.76332748 697
6.94032639 9.36140147 698
6.94032639 10.00000000 699
6.62002257 0.00000000 700
6.62002257 0.00100000 701
6.62002257 0.00206810 702
6.62002257 0.00320893 703
6.62002257 0.00442745 704
6.62002257 0.00572894 705
6.62002257 0.00711907 706
6.62002257 0.00860386 707
6.62002257 0.01018975 708
6.62002257 0.01188365 709
6.62002257 0.01369289 710
6.62002257 0.01562534 711
6.62002257 0.01768938 712
6.62002257 0.01989399 713
6.62002257 0.02224872 714
6.62002257 0.02476380 715
6.62002257 0.02745016 716
6.62002257 0.03031946 717
6.62002257 0.03338416 718
6.62002257 0.03665756 719
6.62002257 0.04015388 720
6.62002257 0.04388830 721
6.62002257 0.04787703 722
6.62002257 0.05213740 723
6.62002257 0.05668791 724
6.62002257 0.06154831 725
6.62002257 0.06673972 726
6.62002257 0.07228467 727
6.62002257 0.07820725 728
6.62002257 0.08453318 729
6.62002257 0.09128994 730
6.62002257 0.09850685 731
6.62002257 0.10621528 732
6.62002257 0.11444870 733
6.62002257 0.12324286 734
6.62002257 0.13263597 735
6.62002257 0.14266883 736
6.62002257 0.15338502 737
6.62002257 0.16483109 738
6.62002257 0.17705676 739
6.62002257 0.19011514 740
6.62002257 0.20406297 741
6.62002257 0.21896084 742
6.62002257 0.23487349 743
6.62002257 0.25187005 744
6.62002257 0.27002439 745
6.62002257 0.28941539 746
6.62002257 0.31012733 747
6.62002257 0.33225023 748
6.62002257 0.35588024 749
6.62002257 0.38112009 750
6.62002257 0.40807948 751
6.62002257 0.43687563 752
6.62002257 0.46763375 753
6.62002257 0.50048758 754
6.62002257 0.53557999 755
6.62002257 0.57306360 756
6.62002257 0.61310147 757
6.62002257 0.65586775 758
6.62002257 0.70154851 759
6.62002257 0.75034252 760
6.62002257 0.80246212 761
6.62002257 0.85813415 762
6.62002257 0.91760094 763
6.62002257 0.98112138 764
6.62002257 1.04897206 765
6.62002257 1.12144845 766
6.62002257 1.19886623 767
6.62002257 1.28156263 768
6.62002257 1.36989795 769
6.62002257 1.46425712 770
6.62002257 1.56505136 771
6.62002257 1.67272003 772
6.62002257 1.78773249 773
6.62002257 1.91059021 774
6.62002257 2.04182892 775
6.62002257 2.18202096 776
6.62002257 2.33177777 777
6.62002257 2.49175255 778
6.62002257 2.66264308 779
6.62002257 2.84519477 780
6.62002257 3.04020384 781
6.62002257 3.24852076 782
6.62002257 3.47105389 783
6.62002257 3.70877332 784
6.62002257 3.96271498 785
6.62002257 4.23398502 786
6.62002257 4.52376434 787
6.62002257 4.83331350 788
6.62002257 5.16397779 789
6.62002257 5.51719266 790
6.62002257 5.89448930 791
6.62002257 6.29750056 792
6.62002257 6.72796705 793
6.62002257 7.18774345 794
6.62002257 7.67880504 795
6.62002257 8.20325428 796
6.62002257 8.76332748 797
6.62002257 9.36140147 798
6.62002257 10.00000000 799
6.31497132 0.00000000 800
6.31497132 0.00100000 801
6.31497132 0.00206810 802
6.31497132 0.00320893 803
6.31497132 0.00442745 804
6.31497132 0.00572894 805
6.31497132 0.00711907 806
6.31497132 0.00860386 807
6.31497132 0.01018975 808
6.31497132 0.01188365 809
6.31497132 0.01369289 810
6.31497132 0.01562534 811
6.31497132 0.01768938 812
6.31497132 0.01989399 813
6.31497132 0.02224872 814
6.31497132 0.02476380 815
6.31497132 0.02745016 816
6.31497132 0.03031946 817
6.31497132 0.03338416 818
6.31497132 0.03665756 819
6.31497132 0.04015388 820
6.31497132 0.04388830 821
6.31497132 0.04787703 822
6.31497132 0.05213740 823
6.31497132 0.05668791 824
6.31497132 0.06154831 825
6.31497132 0.06673972 826
6.31497132 0.07228467 827
6.31497132 0.07820725 828
6.31497132 0.08453318 829
6.31497132 0.09128994 830
6.31497132 0.09850685 831
6.31497132 0.10621528 832
6.31497132 0.11444870 833
6.31497132 0.12324286 834
6.31497132 0.13263597 835
6.31497132 0.14266883 836
6.31497132 0.15338502 837
6.31497132 0.16483109 838
6.31497132 0.17705676 839
6.31497132 0.19011514 840
6.31497132 0.20406297 841
6.31497132 0.21896084 842
6.31497132 0.23487349 843
6.31497132 0.25187005 844
6.31497132 0.27002439 845
6.31497132 0.28941539 846
6.31497132 0.31012733 847
6.31497132 0.33225023 848
6.31497132 0.35588024 849
6.31497132 0.38112009 850
6.31497132 0.40807948 851
6.31497132 0.43687563 852
6.31497132 0.46763375 853
6.31497132 0.50048758 854
6.31497132 0.53557999 855
6.31497132 0.57306360 856
6.31497132 0.61310147 857
6.31497132 0.65586775 858
6.31497132 0.70154851 859
6.31497132 0.75034252 860
6.31497132 0.80246212 861
6.31497132 0.85813415 862
6.31497132 0.91760094 863
6.31497132 0.98112138 864
6.31497132 1.04897206 865
6.31497132 1.12144845 866
6.31497132 1.19886623 867
6.31497132 1.28156263 868
6.31497132 1.36989795 869
6.31497132 1.46425712 870
6.31497132 1.56505136 871
6.31497132 1.67272003 872
6.31497132 1.78773249 873
6.31497132 1.91059021 874
6.31497132 2.04182892 875
6.31497132 2.18202096 876
6.31497132 2.33177777 877
6.31497132 2.49175255 878
6.31497132 2.66264308 879
6.31497132 2.84519477 880
6.31497132 3.04020384 881
6.31497132 3.24852076 882
6.31497132 3.47105389 883
6.31497132 3.70877332 884
6.31497132 3.96271498 885
6.31497132 4.23398502 886
6.31497132 4.52376434 887
6.31497132 4.83331350 888
6.31497132 5.16397779 889
6.31497132 5.51719266 890
6.31497132 5.89448930 891
6.31497132 6.29750056 892
6.31497132 6.72796705 893
6.31497132 7.18774345 894
6.31497132 7.67880504 895
6.31497132 8.20325428 896
6.31497132 8.76332748 897
6.31497132 9.36140147 898
6.31497132 10.00000000 899
6.02444631 0.00000000 900
6.02444631 0.00100000 901
6.02444631 0.00206810 902
6.02444631 0.00320893 903
6.02444631 0.00442745 904
6.02444631 0.00572894 905
6.02444631 0.00711907 906
6.02444631 0.00860386 907
6.02444631 0.01018975 908
6.02444631 0.01188365 909
6.02444631 0.01369289 910
6.02444631 0.01562534 911
6.02444631 0.01768938 912
6.02444631 0.01989399 913
6.02444631 0.02224872 914
6.02444631 0.02476380 915
6.02444631 0.02745016 916
6.02444631 0.03031946 917
6.02444631 0.03338416 918
6.02444631 0.03665756 919
6.02444631 0.04015388 920
6.02444631 0.04388830 921
6.02444631 0.04787703 922
6.02444631 0.05213740 923
6.02444631 0.05668791 924
6.02444631 0.06154831 925
6.02444631 0.06673972 926
6.02444631 0.07228467 927
6.02444631 0.07820725 928
6.02444631 0.08453318 929
6.02444631 0.09128994 930
6.02444631 0.09850685 931
6.02444631 0.10621528 932
6.02444631 0.11444870 933
6.02444631 0.12324286 934
6.02444631 0.13263597 935
6.02444631 0.14266883 936
6.02444631 0.15338502 937
6.02444631 0.16483109 938
6.02444631 0.17705676 939
6.02444631 0.19011514 940
6.02444631 0.20406297 941
6.02444631 0.21896084 942
6.02444631 0.23487349 943
6.02444631 0.25187005 944
6.02444631 0.27002439 945
6.02444631 0.28941539 946
6.02444631 0.31012733 947
6.02444631 0.33225023 948
6.02444631 0.35588024 949
6.02444631 0.38112009 950
6.02444631 0.40807948 951
6.02444631 0.43687563 952
6.02444631 0.46763375 953
6.02444631 0.50048758 954
6.02444631 0.53557999 955
6.02444631 0.57306360 956
6.02444631 0.61310147 957
6.02444631 0.65586775 958
6.02444631 0.70154851 959
6.02444631 0.75034252 960
6.02444631 0.80246212 961
6.02444631 0.85813415 962
6.02444631 0.91760094 963
6.02444631 0.98112138 964
6.02444631 1.04897206 965
6.02444631 1.12144845 966
6.02444631 1.19886623 967
6.02444631 1.28156263 968
6.02444631 1.36989795 969
6.02444631 1.46425712 970
6.02444631 1.56505136 971
6.02444631 1.67272003 972
6.02444631 1.78773249 973
6.02444631 1.91059021 974
6.02444631 2.04182892 975
6.02444631 2.18202096 976
6.02444631 2.33177777 977
6.02444631 2.49175255 978
6.02444631 2.66264308 979
6.02444631 2.84519477 980
6.02444631 3.04020384 981
6.02444631 3.24852076 982
6.02444631 3.47105389 983
6.02444631 3.70877332 984
6.02444631 3.96271498 985
6.02444631 4.23398502 986
6.02444631 4.52376434 987
6.02444631 4.83331350 988
6.02444631 5.16397779 989
6.02444631 5.51719266 990
6.02444631 5.89448930 991
6.02444631 6.29750056 992
6.02444631 6.72796705 993
6.02444631 7.18774345 994
6.02444631 7.67880504 995
6.02444631 8.20325428 996
6.02444631 8.76332748 997
6.02444631 9.36140147 998
6.02444631 10.00000000 999
5.74775583 0.00000000 1000
5.74775583 0.00100000 1001
5.74775583 0.00206810 1002
5.74775583 0.00320893 1003
5.74775583 0.00442745 1004
5.74775583 0.00572894 1005
5.74775583 0.00711907 1006
5.74775583 0.00860386 1007
5.74775583 0.01018975 1008
5.74775583 0.01188365 1009
5.74775583 0.01369289 1010
5.74775583 0.01562534 1011
5.74775583 0.01768938 1012
5.74775583 0.01989399 1013
5.74775583 0.02224872 1014
5.74775583 0.02476380 1015
5.74775583 0.02745016 1016
5.74775583 0.03031946 1017
5.74775583 0.03338416 1018
5.74775583 0.03665756 1019
5.74775583 0.04015388 1020
5.74775583 0.04388830 1021
5.74775583 0.04787703 1022
5.74775583 0.05213740 1023
5.74775583 0.05668791 1024
5.74775583 0.06154831 1025
5.74775583 0.06673972 1026
5.74775583 0.07228467 1027
5.74775583 0.07820725 1028
5.74775583 0.08453318 1029
5.74775583 0.09128994 1030
5.74775583 0.09850685 1031
5.74775583 0.10621528 1032
5.74775583 0.11444870 1033
5.74775583 0.12324286 1034
5.74775583 0.13263597 1035
5.74775583 0.14266883 1036
5.74775583 0.15338502 1037
5.74775583 0.16483109 1038
5.74775583 0.17705676 1039
5.74775583 0.19011514 1040
5.74775583 0.20406297 1041
5.74775583 0.21896084 1042
5.74775583 0.23487349 1043
5.74775583 0.25187005 1044
5.74775583 0.27002439 1045
5.74775583 0.28941539 1046
5.74775583 0.31012733 1047
5.74775583 0.33225023 1048
5.74775583 0.35588024 1049
5.74775583 0.38112009 1050
5.74775583 0.40807948 1051
5.74775583 0.43687563 1052
5.74775583 0.46763375 1053
5.74775583 0.50048758 1054
5.74775583 0.53557999 1055
5.74775583 0.57306360 1056
5.74775583 0.61310147 1057
5.74775583 0.65586775 1058
5.74775583 0.70154851 1059
5.74775583 0.75034252 1060
5.74775583 0.80246212 1061
5.74775583 0.85813415 1062
5.74775583 0.91760094 1063
5.74775583 0.98112138 1064
5.74775583 1.04897206 1065
5.74775583 1.12144845 1066
5.74775583 1.19886623 1067
5.74775583 1.28156263 1068
5.74775583 1.36989795 1069
5.74775583 1.46425712 1070
5.74775583 1.56505136 1071
5.74775583 1.67272003 1072
5.74775583 1.78773249 1073
5.74775583 1.91059021 1074
5.74775583 2.04182892 1075
5.74775583 2.18202096 1076
5.74775583 2.33177777 1077
5.74775583 2.49175255 1078
5.74775583 2.66264308 1079
5.74775583 2.84519477 1080
5.74775583 3.04020384 1081
5.74775583 3.24852076 1082
5.74775583 3.47105389 1083
5.74775583 3.70877332 1084
5.74775583 3.96271498 1085
5.74775583 4.23398502 1086
5.74775583 4.52376434 1087
5.74775583 4.83331350 1088
5.74775583 5.16397779 1089
5.74775583 5.51719266 1090
5.74775583 5.89448930 1091
5.74775583 6.29750056 1092
5.74775583 6.72796705 1093
5.74775583 7.18774345 1094
5.74775583 7.67880504 1095
5.74775583 8.20325428 1096
5.74775583 8.76332748 1097
5.74775583 9.36140147 1098
5.74775583 10.00000000 1099
5.48424109 0.00000000 1100
5.48424109 0.00100000 1101
5.48424109 0.00206810 1102
5.48424109 0.00320893 1103
5.48424109 0.00442745 1104
5.48424109 0.00572894 1105
5.48424109 0.00711907 1106
5.48424109 0.00860386 1107
5.48424109 0.01018975 1108
5.48424109 0.01188365 1109
5.48424109 0.01369289 1110
5.48424109 0.01562534 1111
5.48424109 0.01768938 1112
5.48424109 0.01989399 1113
5.48424109 0.02224872 1114
5.48424109 0.02476380 1115
5.48424109 0.02745016 1116
5.48424109 0.03031946 1117
5.48424109 0.03338416 1118
5.48424109 0.03665756 1119
5.48424109 0.04015388 1120
5.48424109 0.04388830 1121
5.48424109 0.04787703 1122
5.48424109 0.05213740 1123
5.48424109 0.05668791 1124
5.48424109 0.06154831 1125
5.48424109 0.06673972 1126
5.48424109 0.07228467 1127
5.48424109 0.07820725 1128
5.48424109 0.08453318 1129
5.48424109 0.09128994 1130
5.48424109 0.09850685 1131
5.48424109 0.10621528 1132
5.48424109 0.11444870 1133
5.48424109 0.12324286 1134
5.48424109 0.13263597 1135
5.48424109 0.14266883 1136
5.48424109 0.15338502 1137
5.48424109 0.16483109 1138
5.48424109 0.17705676 1139
5.48424109 0.19011514 1140
5.48424109 0.20406297 1141
5.48424109 0.21896084 1142
5.48424109 0.23487349 1143
5.48424109 0.25187005 1144
5.48424109 0.27002439 1145
5.48424109 0.28941539 1146
5.48424109 0.31012733 1147
5.48424109 0.33225023 1148
5.48424109 0.35588024 1149
5.48424109 0.38112009 1150
5.48424109 0.40807948 1151
5.48424109 0.43687563 1152
5.48424109 0.46763375 1153
5.48424109 0.50048758 1154
5.48424109 0.53557999 1155
5.48424109 0.57306360 1156
5.48424109 0.61310147 1157
5.48424109 0.65586775 1158
5.48424109 0.70154851 1159
5.48424109 0.75034252 1160
5.48424109 0.80246212 1161
5.48424109 0.85813415 1162
5.48424109 0.91760094 1163
5.48424109 0.98112138 1164
5.48424109 1.04897206 1165
5.48424109 1.12144845 1166
5.48424109 1.19886623 1167
5.48424109 1.28156263 1168
5.48424109 1.36989795 1169
5.48424109 1.46425712 1170
5.48424109 1.56505136 1171
5.48424109 1.67272003 1172
5.48424109 1.78773249 1173
5.48424109 1.91059021 1174
5.48424109 2.04182892 1175
5.48424109 2.18202096 1176
5.48424109 2.33177777 1177
5.48424109 2.49175255 1178
5.48424109 2.66264308 1179
5.48424109 2.84519477 1180
5.48424109 3.04020384 1181
5.48424109 3.24852076 1182
5.48424109 3.47105389 1183
5.48424109 3.70877332 1184
5.48424109 3.96271498 1185
5.48424109 4.23398502 1186
5.48424109 4.52376434 1187
5.48424109 4.83331350 1188
5.48424109 5.16397779 1189
5.48424109 5.51719266 1190
5.48424109 5.89448930 1191
5.48424109 6.29750056 1192
5.48424109 6.72796705 1193
5.48424109 7.18774345 1194
5.48424109 7.67880504 1195
5.48424109 8.20325428 1196
5.48424109 8.76332748 1197
5.48424109 9.36140147 1198
5.48424109 10.00000000 1199
5.23327467 0.00000000 1200
5.23327467 0.00100000 1201
5.23327467 0.00206810 1202
5.23327467 0.00320893 1203
5.23327467 0.00442745 1204
5.23327467 0.00572894 1205
5.23327467 0.00711907 1206
5.23327467 0.00860386 1207
5.23327467 0.01018975 1208
5.23327467 0.01188365 1209
5.23327467 0.01369289 1210
5.23327467 0.01562534 1211
5.23327467 0.01768938 1212
5.23327467 0.01989399 1213
5.23327467 0.02224872 1214
5.23327467 0.02476380 1215
5.23327467 0.02745016 1216
5.23327467 0.03031946 1217
5.23327467 0.03338416 1218
5.23327467 0.03665756 1219
5.23327467 0.04015388 1220
5.23327467 0.04388830 1221
5.23327467 0.04787703 1222
5.23327467 0.05213740 1223
5.23327467 0.05668791 1224
5.23327467 0.06154831 1225
5.23327467 0.06673972 1226
5.23327467 0.07228467 1227
5.23327467 0.07820725 1228
5.23327467 0.08453318 1229
5.23327467 0.09128994 1230
5.23327467 0.09850685 1231
5.23327467 0.10621528 1232
5.23327467 0.11444870 1233
5.23327467 0.12324286 1234
5.23327467 0.13263597 1235
5.23327467 0.14266883 1236
5.23327467 0.15338502 1237
5.23327467 0.16483109 1238
5.23327467 0.17705676 1239
5.23327467 0.19011514 1240
5.23327467 0.20406297 1241
5.23327467 0.21896084 1242
5.23327467 0.23487349 1243
5.23327467 0.25187005 1244
5.23327467 0.27002439 1245
5.23327467 0.28941539 1246
5.23327467 0.31012733 1247
5.23327467 0.33225023 1248
5.23327467 0.35588024 1249
5.23327467 0.38112009 1250
5.23327467 0.40807948 1251
5.23327467 0.43687563 1252
5.23327467 0.46763375 1253
5.23327467 0.50048758 1254
5.23327467 0.53557999 1255
5.23327467 0.57306360 1256
5.23327467 0.61310147 1257
5.23327467 0.65586775 1258
5.23327467 0.70154851 1259
5.23327467 0.75034252 1260
5.23327467 0.80246212 1261
5.23327467 0.85813415 1262
5.23327467 0.91760094 1263
5.23327467 0.98112138 1264
5.23327467 1.04897206 1265
5.23327467 1.12144845 1266
5.23327467 1.19886623 1267
5.23327467 1.28156263 1268
5.23327467 1.36989795 1269
5.23327467 1.46425712 1270
5.23327467 1.56505136 1271
5.23327467 1.67272003 1272
5.23327467 1.78773249 1273
5.23327467 1.91059021 1274
5.23327467 2.04182892 1275
5.23327467 2.18202096 1276
5.23327467 2.33177777 1277
5.23327467 2.49175255 1278
5.23327467 2.66264308 1279
5.23327467 2.84519477 1280
5.23327467 3.04020384 1281
5.23327467 3.24852076 1282
5.23327467 3.47105389 1283
5.23327467 3.70877332 1284
5.23327467 3.96271498 1285
5.23327467 4.23398502 1286
5.23327467 4.52376434 1287
5.23327467 4.83331350 1288
5.23327467 5.16397779 1289
5.23327467 5.51719266 1290
5.23327467 5.89448930 1291
5.23327467 6.29750056 1292
5.23327467 6.72796705 1293
5.23327467 7.18774345 1294
5.23327467 7.67880504 1295
5.23327467 8.20325428 1296
5.23327467 8.76332748 1297
5.23327467 9.36140147 1298
5.23327467 10.00000000 1299
4.99425903 0.00000000 1300
4.99425903 0.00100000 1301
4.99425903 0.00206810 1302
4.99425903 0.00320893 1303
4.99425903 0.00442745 1304
4.99425903 0.00572894 1305
4.99425903 0.00711907 1306
4.99425903 0.00860386 1307
4.99425903 0.01018975 1308
4.99425903 0.01188365 1309
4.99425903 0.01369289 1310
4.99425903 0.01562534 1311
4.99425903 0.01768938 1312
4.99425903 0.01989399 1313
4.99425903 0.02224872 1314
4.99425903 0.02476380 1315
4.99425903 0.02745016 1316
4.99425903 0.03031946 1317
4.99425903 0.03338416 1318
4.99425903 0.03665756 1319
4.99425903 0.04015388 1320
4.99425903 0.04388830 1321
4.99425903 0.04787703 1322
4.99425903 0.05213740 1323
4.99425903 0.05668791 1324
4.99425903 0.06154831 1325
4.99425903 0.06673972 1326
4.99425903 0.07228467 1327
4.99425903 0.07820725 1328
4.99425903 0.08453318 1329
4.99425903 0.09128994 1330
4.99425903 0.09850685 1331
4.99425903 0.10621528 1332
4.99425903 0.11444870 1333
4.99425903 0.12324286 1334
4.99425903 0.13263597 1335
4.99425903 0.14266883 1336
4.99425903 0.15338502 1337
4.99425903 0.16483109 1338
4.99425903 0.17705676 1339
4.99425903 0.19011514 1340
4.99425903 0.20406297 1341
4.99425903 0.21896084 1342
4.99425903 0.23487349 1343
4.99425903 0.25187005 1344
4.99425903 0.27002439 1345
4.99425903 0.28941539 1346
4.99425903 0.31012733 1347
4.99425903 0.33225023 1348
4.99425903 0.35588024 1349
4.99425903 0.38112009 1350
4.99425903 0.40807948 1351
4.99425903 0.43687563 1352
4.99425903 0.46763375 1353
4.99425903 0.50048758 1354
4.99425903 0.53557999 1355
4.99425903 0.57306360 1356
4.99425903 0.61310147 1357
4.99425903 0.65586775 1358
4.99425903 0.70154851 1359
4.99425903 0.75034252 1360
4.99425903 0.80246212 1361
4.99425903 0.85813415 1362
4.99425903 0.91760094 1363
4.99425903 0.98112138 1364
4.99425903 1.04897206 1365
4.99425903 1.12144845 1366
4.99425903 1.19886623 1367
4.99425903 1.28156263 1368
4.99425903 1.36989795 1369
4.99425903 1.46425712 1370
4.99425903 1.56505136 1371
4.99425903 1.67272003 1372
4.99425903 1.78773249 1373
4.99425903 1.91059021 1374
4.99425903 2.04182892 1375
4.99425903 2.18202096 1376
4.99425903 2.33177777 1377
4.99425903 2.49175255 1378
4.99425903 2.66264308 1379
4.99425903 2.84519477 1380
4.99425903 3.04020384 1381
4.99425903 3.24852076 1382
4.99425903 3.47105389 1383
4.99425903 3.70877332 1384
4.99425903 3.96271498 1385
4.99425903 4.23398502 1386
4.99425903 4.52376434 1387
4.99425903 4.83331350 1388
4.99425903 5.16397779 1389
4.99425903 5.51719266 1390
4.99425903 5.89448930 1391
4.99425903 6.29750056 1392
4.99425903 6.72796705 1393
4.99425903 7.18774345 1394
4.99425903 7.67880504 1395
4.99425903 8.20325428 1396
4.99425903 8.76332748 1397
4.99425903 9.36140147 1398
4.99425903 10.00000000 1399
4.76662509 0.00000000 1400
4.76662509 0.00100000 1401
4.76662509 0.00206810 1402
4.76662509 0.00320893 1403
4.76662509 0.00442745 1404
4.76662509 0.00572894 1405
4.76662509 0.00711907 1406
4.76662509 0.00860386 1407
4.76662509 0.01018975 1408
4.76662509 0.01188365 1409
4.76662509 0.01369289 1410
4.76662509 0.01562534 1411
4.76662509 0.01768938 1412
4.76662509 0.01989399 1413
4.76662509 0.02224872 1414
4.76662509 0.02476380 1415
4.76662509 0.02745016 1416
4.76662509 0.03031946 1417
4.76662509 0.03338416 1418
4.76662509 0.03665756 1419
4.76662509 0.04015388 1420
4.76662509 0.04388830 1421
4.76662509 0.04787703 1422
4.76662509 0.05213740 1423
4.76662509 0.05668791 1424
4.76662509 0.06154831 1425
4.76662509 0.06673972 1426
4.76662509 0.07228467 1427
4.76662509 0.07820725 1428
4.76662509 0.08453318 1429
4.76662509 0.09128994 1430
4.76662509 0.09850685 1431
4.76662509 0.10621528 1432
4.76662509 0.11444870 1433
4.76662509 0.12324286 1434
4.76662509 0.13263597 1435
4.76662509 0.14266883 1436
4.76662509 0.15338502 1437
4.76662509 0.16483109 1438
4.76662509 0.17705676 1439
4.76662509 0.19011514 1440
4.76662509 0.20406297 1441
4.76662509 0.21896084 1442
4.76662509 0.23487349 1443
4.76662509 0.25187005 1444
4.76662509 0.27002439 1445
4.76662509 0.28941539 1446
4.76662509 0.31012733 1447
4.76662509 0.33225023 1448
4.76662509 0.35588024 1449
4.76662509 0.38112009 1450
4.76662509 0.40807948 1451
4.76662509 0.43687563 1452
4.76662509 0.46763375 1453
4.76662509 0.50048758 1454
4.76662509 0.53557999 1455
4.76662509 0.57306360 1456
4.76662509 0.61310147 1457
4.76662509 0.65586775 1458
4.76662509 0.70154851 1459
4.76662509 0.75034252 1460
4.76662509 0.80246212 1461
4.76662509 0.85813415 1462
4.76662509 0.91760094 1463
4.76662509 0.98112138 1464
4.76662509 1.04897206 1465
4.76662509 1.12144845 1466
4.76662509 1.19886623 1467
4.76662509 1.28156263 1468
4.76662509 1.36989795 1469
4.76662509 1.46425712 1470
4.76662509 1.56505136 1471
4.76662509 1.67272003 1472
4.76662509 1.78773249 1473
4.76662509 1.91059021 1474
4.76662509 2.04182892 1475
4.76662509 2.18202096 1476
4.76662509 2.33177777 1477
4.76662509 2.49175255 1478
4.76662509 2.66264308 1479
4.76662509 2.84519477 1480
4.76662509 3.04020384 1481
4.76662509 3.24852076 1482
4.76662509 3.47105389 1483
4.76662509 3.70877332 1484
4.76662509 3.96271498 1485
4.76662509 4.23398502 1486
4.76662509 4.52376434 1487
4.76662509 4.83331350 1488
4.76662509 5.16397779 1489
4.76662509 5.51719266 1490
4.76662509 5.89448930 1491
4.76662509 6.29750056 1492
4.76662509 6.72796705 1493
4.76662509 7.18774345 1494
4.76662509 7.67880504 1495
4.76662509 8.20325428 1496
4.76662509 8.76332748 1497
4.76662509 9.36140147 1498
4.76662509 10.00000000 1499
4.54983086 0.00000000 1500
4.54983086 0.00100000 1501
4.54983086 0.00206810 1502
4.54983086 0.00320893 1503
4.54983086 0.00442745 1504
4.54983086 0.00572894 1505
4.54983086 0.00711907 1506
4.54983086 0.00860386 1507
4.54983086 0.01018975 1508
4.54983086 0.01188365 1509
4.54983086 0.01369289 1510
4.54983086 0.01562534 1511
4.54983086 0.01768938 1512
4.54983086 0.01989399 1513
4.54983086 0.02224872 1514
4.54983086 0.02476380 1515
4.54983086 0.02745016 1516
4.54983086 0.03031946 1517
4.54983086 0.03338416 1518
4.54983086 0.03665756 1519
4.54983086 0.04015388 1520
4.54983086 0.04388830 1521
4.54983086 0.04787703 1522
4.54983086 0.05213740 1523
4.54983086 0.05668791 1524
4.54983086 0.06154831 1525
4.54983086 0.06673972 1526
4.54983086 0.07228467 1527
4.54983086 0.07820725 1528
4.54983086 0.08453318 1529
4.54983086 0.09128994 1530
4.54983086 0.09850685 1531
4.54983086 0.10621528 1532
4.54983086 0.11444870 1533
4.54983086 0.12324286 1534
4.54983086 0.13263597 1535
4.54983086 0.14266883 1536
4.54983086 0.15338502 1537
4.54983086 0.16483109 1538
4.54983086 0.17705676 1539
4.54983086 0.19011514 1540
4.54983086 0.20406297 1541
4.54983086 0.21896084 1542
4.54983086 0.23487349 1543
4.54983086 0.25187005 1544
4.54983086 0.27002439 1545
4.54983086 0.28941539 1546
4.54983086 0.31012733 1547
4.54983086 0.33225023 1548
4.54983086 0.35588024 1549
4.54983086 0.38112009 1550
4.54983086 0.40807948 1551
4.54983086 0.43687563 1552
4.54983086 0.46763375 1553
4.54983086 0.50048758 1554
4.54983086 0.53557999 1555
4.54983086 0.57306360 1556
4.54983086 0.61310147 1557
4.54983086 0.65586775 1558
4.54983086 0.70154851 1559
4.54983086 0.75034252 1560
4.54983086 0.80246212 1561
4.54983086 0.85813415 1562
4.54983086 0.91760094 1563
4.54983086 0.98112138 1564
4.54983086 1.04897206 1565
4.54983086 1.12144845 1566
4.54983086 1.19886623 1567
4.54983086 1.28156263 1568
4.54983086 1.36989795 1569
4.54983086 1.46425712 1570
4.54983086 1.56505136 1571
4.54983086 1.67272003 1572
4.54983086 1.78773249 1573
4.54983086 1.91059021 1574
4.54983086 2.04182892 1575
4.54983086 2.18202096 1576
4.54983086 2.33177777 1577
4.54983086 2.49175255 1578
4.54983086 2.66264308 1579
4.54983086 2.84519477 1580
4.54983086 3.04020384 1581
4.54983086 3.24852076 1582
4.54983086 3.47105389 1583
4.54983086 3.70877332 1584
4.54983086 3.96271498 1585
4.54983086 4.23398502 1586
4.54983086 4.52376434 1587
4.54983086 4.83331350 1588
4.54983086 5.16397779 1589
4.54983086 5.51719266 1590
4.54983086 5.89448930 1591
4.54983086 6.29750056 1592
4.54983086 6.72796705 1593
4.54983086 7.18774345 1594
4.54983086 7.67880504 1595
4.54983086 8.20325428 1596
4.54983086 8.76332748 1597
4.54983086 9.36140147 1598
4.54983086 10.00000000 1599
4.34336016 0.00000000 1600
4.34336016 0.00100000 1601
4.34336016 0.00206810 1602
4.34336016 0.00320893 1603
4.34336016 0.00442745 1604
4.34336016 0.00572894 1605
4.34336016 0.00711907 1606
4.34336016 0.00860386 1607
4.34336016 0.01018975 1608
4.34336016 0.01188365 1609
4.34336016 0.01369289 1610
4.34336016 0.01562534 1611
4.34336016 0.01768938 1612
4.34336016 0.01989399 1613
4.34336016 0.02224872 1614
4.34336016 0.02476380 1615
4.34336016 0.02745016 1616
4.34336016 0.03031946 1617
4.34336016 0.03338416 1618
4.34336016 0.03665756 1619
4.34336016 0.04015388 1620
4.34336016 0.04388830 1621
4.34336016 0.04787703 1622
4.34336016 0.05213740 1623
4.34336016 0.05668791 1624
4.34336016 0.06154831 1625
4.34336016 0.06673972 1626
4.34336016 0.07228467 1627
4.34336016 0.07820725 1628
4.34336016 0.08453318 1629
4.34336016 0.09128994 1630
4.34336016 0.09850685 1631
4.34336016 0.10621528 1632
4.34336016 0.11444870 1633
4.34336016 0.12324286 1634
4.34336016 0.13263597 1635
4.34336016 0.14266883 1636
4.34336016 0.15338502 1637
4.34336016 0.16483109 1638
4.34336016 0.17705676 1639
4.34336016 0.19011514 1640
4.34336016 0.20406297 1641
4.34336016 0.21896084 1642
4.34336016 0.23487349 1643
4.34336016 0.25187005 1644
4.34336016 0.27002439 1645
4.34336016 0.28941539 1646
4.34336016 0.31012733 1647
4.34336016 0.33225023 1648
4.34336016 0.35588024 1649
4.34336016 0.38112009 1650
4.34336016 0.40807948 1651
4.34336016 0.43687563 1652
4.34336016 0.46763375 1653
4.34336016 0.50048758 1654
4.34336016 0.53557999 1655
4.34336016 0.57306360 1656
4.34336016 0.61310147 1657
4.34336016 0.65586775 1658
4.34336016 0.70154851 1659
4.34336016 0.75034252 1660
4.34336016 0.80246212 1661
4.34336016 0.85813415 1662
4.34336016 0.91760094 1663
4.34336016 0.98112138 1664
4.34336016 1.04897206 1665
4.34336016 1.12144845 1666
4.34336016 1.19886623 1667
4.34336016 1.28156263 1668
4.34336016 1.36989795 1669
4.34336016 1.46425712 1670
4.34336016 1.56505136 1671
4.34336016 1.67272003 1672
4.34336016 1.78773249 1673
4.34336016 1.91059021 1674
4.34336016 2.04182892 1675
4.34336016 2.18202096 1676
4.34336016 2.33177777 1677
4.34336016 2.49175255 1678
4.34336016 2.66264308 1679
4.34336016 2.84519477 1680
4.34336016 3.04020384 1681
4.34336016 3.24852076 1682
4.34336016 3.47105389 1683
4.34336016 3.70877332 1684
4.34336016 3.96271498 1685
4.34336016 4.23398502 1686
4.34336016 4.52376434 1687
4.34336016 4.83331350 1688
4.34336016 5.16397779 1689
4.34336016 5.51719266 1690
4.34336016 5.89448930 1691
4.34336016 6.29750056 1692
4.34336016 6.72796705 1693
4.34336016 7.18774345 1694
4.34336016 7.67880504 1695
4.34336016 8.20325428 1696
4.34336016 8.76332748 1697
4.34336016 9.36140147 1698
4.34336016 10.00000000 1699
4.14672140 0.00000000 1700
4.14672140 0.00100000 1701
4.14672140 0.00206810 1702
4.14672140 0.00320893 1703
4.14672140 0.00442745 1704
4.14672140 0.00572894 1705
4.14672140 0.00711907 1706
4.14672140 0.00860386 1707
4.14672140 0.01018975 1708
4.14672140 0.01188365 1709
4.14672140 0.01369289 1710
4.14672140 0.01562534 1711
4.14672140 0.01768938 1712
4.14672140 0.01989399 1713
4.14672140 0.02224872 1714
4.14672140 0.02476380 1715
4.14672140 0.02745016 1716
4.14672140 0.03031946 1717
4.14672140 0.03338416 1718
4.14672140 0.03665756 1719
4.14672140 0.04015388 1720
4.14672140 0.04388830 1721
4.14672140 0.04787703 1722
4.14672140 0.05213740 1723
4.14672140 0.05668791 1724
4.14672140 0.06154831 1725
4.14672140 0.06673972 1726
4.14672140 0.07228467 1727
4.14672140 0.07820725 1728
4.14672140 0.08453318 1729
4.14672140 0.09128994 1730
4.14672140 0.09850685 1731
4.14672140 0.10621528 1732
4.14672140 0.11444870 1733
4.14672140 0.12324286 1734
4.14672140 0.13263597 1735
4.14672140 0.14266883 1736
4.14672140 0.15338502 1737
4.14672140 0.16483109 1738
4.14672140 0.17705676 1739
4.14672140 0.19011514 1740
4.14672140 0.20406297 1741
4.14672140 0.21896084 1742
4.14672140 0.23487349 1743
4.14672140 0.25187005 1744
4.14672140 0.27002439 1745
4.14672140 0.28941539 1746
4.14672140 0.31012733 1747
4.14672140 0.33225023 1748
4.14672140 0.35588024 1749
4.14672140 0.38112009 1750
4.14672140 0.40807948 1751
4.14672140 0.43687563 1752
4.14672140 0.46763375 1753
4.14672140 0.50048758 1754
4.14672140 0.53557999 1755
4.14672140 0.57306360 1756
4.14672140 0.61310147 1757
4.14672140 0.65586775 1758
4.14672140 0.70154851 1759
4.14672140 0.75034252 1760
4.14672140 0.80246212 1761
4.14672140 0.85813415 1762
4.14672140 0.91760094 1763
4.14672140 0.98112138 1764
4.14672140 1.04897206 1765
4.14672140 1.12144845 1766
4.14672140 1.19886623 1767
4.14672140 1.28156263 1768
4.14672140 1.36989795 1769
4.14672140 1.46425712 1770
4.14672140 1.56505136 1771
4.14672140 1.67272003 1772
4.14672140 1.78773249 1773
4.14672140 1.91059021 1774
4.14672140 2.04182892 1775
4.14672140 2.18202096 1776
4.14672140 2.33177777 1777
4.14672140 2.49175255 1778
4.14672140 2.66264308 1779
4.14672140 2.84519477 1780
4.14672140 3.04020384 1781
4.14672140 3.24852076 1782
4.14672140 3.47105389 1783
4.14672140 3.70877332 1784
4.14672140 3.96271498 1785
4.14672140 4.23398502 1786
4.14672140 4.52376434 1787
4.14672140 4.83331350 1788
4.14672140 5.16397779 1789
4.14672140 5.51719266 1790
4.14672140 5.89448930 1791
4.14672140 6.29750056 1792
4.14672140 6.72796705 1793
4.14672140 7.18774345 1794
4.14672140 7.67880504 1795
4.14672140 8.20325428 1796
4.14672140 8.76332748 1797
4.14672140 9.36140147 1798
4.14672140 10.00000000 1799
3.95944640 0.00000000 1800
3.95944640 0.00100000 1801
3.95944640 0.00206810 1802
3.95944640 0.00320893 1803
3.95944640 0.00442745 1804
3.95944640 0.00572894 1805
3.95944640 0.00711907 1806
3.95944640 0.00860386 1807
3.95944640 0.01018975 1808
3.95944640 0.01188365 1809
3.95944640 0.01369289 1810
3.95944640 0.01562534 1811
3.95944640 0.01768938 1812
3.95944640 0.01989399 1813
3.95944640 0.02224872 1814
3.95944640 0.02476380 1815
3.95944640 0.02745016 1816
3.95944640 0.03031946 1817
3.95944640 0.03338416 1818
3.95944640 0.03665756 1819
3.95944640 0.04015388 1820
3.95944640 0.04388830 1821
3.95944640 0.04787703 1822
3.95944640 0.05213740 1823
3.95944640 0.05668791 1824
3.95944640 0.06154831 1825
3.95944640 0.06673972 1826
3.95944640 0.07228467 1827
3.95944640 0.07820725 1828
3.95944640 0.08453318 1829
3.95944640 0.09128994 1830
3.95944640 0.09850685 1831
3.95944640 0.10621528 1832
3.95944640 0.11444870 1833
3.95944640 0.12324286 1834
3.95944640 0.13263597 1835
3.95944640 0.14266883 1836
3.95944640 0.15338502 1837
3.95944640 0.16483109 1838
3.95944640 0.17705676 1839
3.95944640 0.19011514 1840
3.95944640 0.20406297 1841
3.95944640 0.21896084 1842
3.95944640 0.23487349 1843
3.95944640 0.25187005 1844
3.95944640 0.27002439 1845
3.95944640 0.28941539 1846
3.95944640 0.31012733 1847
3.95944640 0.33225023 1848
3.95944640 0.35588024 1849
3.95944640 0.38112009 1850
3.95944640 0.40807948 1851
3.95944640 0.43687563 1852
3.95944640 0.46763375 1853
3.95944640 0.50048758 1854
3.95944640 0.53557999 1855
3.95944640 0.57306360 1856
3.95944640 0.61310147 1857
3.95944640 0.65586775 1858
3.95944640 0.70154851 1859
3.95944640 0.75034252 1860
3.95944640 0.80246212 1861
3.95944640 0.85813415 1862
3.95944640 0.91760094 1863
3.95944640 0.98112138 1864
3.95944640 1.04897206 1865
3.95944640 1.12144845 1866
3.95944640 1.19886623 1867
3.95944640 1.28156263 1868
3.95944640 1.36989795 1869
3.95944640 1.46425712 1870
3.95944640 1.56505136 1871
3.95944640 1.67272003 1872
3.95944640 1.78773249 1873
3.95944640 1.91059021 1874
3.95944640 2.04182892 1875
3.95944640 2.18202096 1876
3.95944640 2.33177777 1877
3.95944640 2.49175255 1878
3.95944640 2.66264308 1879
3.95944640 2.84519477 1880
3.95944640 3.04020384 1881
3.95944640 3.24852076 1882
3.95944640 3.47105389 1883
3.95944640 3.70877332 1884
3.95944640 3.96271498 1885
3.95944640 4.23398502 1886
3.95944640 4.52376434 1887
3.95944640 4.83331350 1888
3.95944640 5.16397779 1889
3.95944640 5.51719266 1890
3.95944640 5.89448930 1891
3.95944640 6.29750056 1892
3.95944640 6.72796705 1893
3.95944640 7.18774345 1894
3.95944640 7.67880504 1895
3.95944640 8.20325428 1896
3.95944640 8.76332748 1897
3.95944640 9.36140147 1898
3.95944640 10.00000000 1899
3.78108925 0.00000000 1900
3.78108925 0.00100000 1901
3.78108925 0.00206810 1902
3.78108925 0.00320893 1903
3.78108925 0.00442745 1904
3.78108925 0.00572894 1905
3.78108925 0.00711907 1906
3.78108925 0.00860386 1907
3.78108925 0.01018975 1908
3.78108925 0.01188365 1909
3.78108925 0.01369289 1910
3.78108925 0.01562534 1911
3.78108925 0.01768938 1912
3.78108925 0.01989399 1913
3.78108925 0.02224872 1914
3.78108925 0.02476380 1915
3.78108925 0.02745016 1916
3.78108925 0.03031946 1917
3.78108925 0.03338416 1918
3.78108925 0.03665756 1919
3.78108925 0.04015388 1920
3.78108925 0.04388830 1921
3.78108925 0.04787703 1922
3.78108925 0.05213740 1923
3.78108925 0.05668791 1924
3.78108925 0.06154831 1925
3.78108925 0.06673972 1926
3.78108925 0.07228467 1927
3.78108925 0.07820725 1928
3.78108925 0.08453318 1929
3.78108925 0.09128994 1930
3.78108925 0.09850685 1931
3.78108925 0.10621528 1932
3.78108925 0.11444870 1933
3.78108925 0.12324286 1934
3.78108925 0.13263597 1935
3.78108925 0.14266883 1936
3.78108925 0.15338502 1937
3.78108925 0.16483109 1938
3.78108925 0.17705676 1939
3.78108925 0.19011514 1940
3.78108925 0.20406297 1941
3.78108925 0.21896084 1942
3.78108925 0.23487349 1943
3.78108925 0.25187005 1944
3.78108925 0.27002439 1945
3.78108925 0.28941539 1946
3.78108925 0.31012733 1947
3.78108925 0.33225023 1948
3.78108925 0.35588024 1949
3.78108925 0.38112009 1950
3.78108925 0.40807948 1951
3.78108925 0.43687563 1952
3.78108925 0.46763375 1953
3.78108925 0.50048758 1954
3.78108925 0.53557999 1955
3.78108925 0.57306360 1956
3.78108925 0.61310147 1957
3.78108925 0.65586775 1958
3.78108925 0.70154851 1959
3.78108925 0.75034252 1960
3.78108925 0.80246212 1961
3.78108925 0.85813415 1962
3.78108925 0.91760094 1963
3.78108925 0.98112138 1964
3.78108925 1.04897206 1965
3.78108925 1.12144845 1966
3.78108925 1.19886623 1967
3.78108925 1.28156263 1968
3.78108925 1.36989795 1969
3.78108925 1.46425712 1970
3.78108925 1.56505136 1971
3.78108925 1.67272003 1972
3.78108925 1.78773249 1973
3.78108925 1.91059021 1974
3.78108925 2.04182892 1975
3.78108925 2.18202096 1976
3.78108925 2.33177777 1977
3.78108925 2.49175255 1978
3.78108925 2.66264308 1979
3.78108925 2.84519477 1980
3.78108925 3.04020384 1981
3.78108925 3.24852076 1982
3.78108925 3.47105389 1983
3.78108925 3.70877332 1984
3.78108925 3.96271498 1985
3.78108925 4.23398502 1986
3.78108925 4.52376434 1987
3.78108925 4.83331350 1988
3.78108925 5.16397779 1989
3.78108925 5.51719266 1990
3.78108925 5.89448930 1991
3.78108925 6.29750056 1992
3.78108925 6.72796705 1993
3.78108925 7.18774345 1994
3.78108925 7.67880504 1995
3.78108925 8.20325428 1996
3.78108925 8.76332748 1997
3.78108925 9.36140147 1998
3.78108925 10.00000000 1999
3.61122529 0.00000000 2000
3.61122529 0.00100000 2001
3.61122529 0.00206810 2002
3.61122529 0.00320893 2003
3.61122529 0.00442745 2004
3.61122529 0.00572894 2005
3.61122529 0.00711907 2006
3.61122529 0.00860386 2007
3.61122529 0.01018975 2008
3.61122529 0.01188365 2009
3.61122529 0.01369289 2010
3.61122529 0.01562534 2011
3.61122529 0.01768938 2012
3.61122529 0.01989399 2013
3.61122529 0.02224872 2014
3.61122529 0.02476380 2015
3.61122529 0.02745016 2016
3.61122529 0.03031946 2017
3.61122529 0.03338416 2018
3.61122529 0.03665756 2019
3.61122529 0.04015388 2020
3.61122529 0.04388830 2021
3.61122529 0.04787703 2022
3.61122529 0.05213740 2023
3.61122529 0.05668791 2024
3.61122529 0.06154831 2025
3.61122529 0.06673972 2026
3.61122529 0.07228467 2027
3.61122529 0.07820725 2028
3.61122529 0.08453318 2029
3.61122529 0.09128994 2030
3.61122529 0.09850685 2031
3.61122529 0.10621528 2032
3.61122529 0.11444870 2033
3.61122529 0.12324286 2034
3.61122529 0.13263597 2035
3.61122529 0.14266883 2036
3.61122529 0.15338502 2037
3.61122529 0.16483109 2038
3.61122529 0.17705676 2039
3.61122529 0.19011514 2040
3.61122529 0.20406297 2041
3.61122529 0.21896084 2042
3.61122529 0.23487349 2043
3.61122529 0.25187005 2044
3.61122529 0.27002439 2045
3.61122529 0.28941539 2046
3.61122529 0.31012733 2047
3.61122529 0.33225023 2048
3.61122529 0.35588024 2049
3.61122529 0.38112009 2050
3.61122529 0.40807948 2051
3.61122529 0.43687563 2052
3.61122529 0.46763375 2053
3.61122529 0.50048758 2054
3.61122529 0.53557999 2055
3.61122529 0.57306360 2056
3.61122529 0.61310147 2057
3.61122529 0.65586775 2058
3.61122529 0.70154851 2059
3.61122529 0.75034252 2060
3.61122529 0.80246212 2061
3.61122529 0.85813415 2062
3.61122529 0.91760094 2063
3.61122529 0.98112138 2064
3.61122529 1.04897206 2065
3.61122529 1.12144845 2066
3.61122529 1.19886623 2067
3.61122529 1.28156263 2068
3.61122529 1.36989795 2069
3.61122529 1.46425712 2070
3.61122529 1.56505136 2071
3.61122529 1.67272003 2072
3.61122529 1.78773249 2073
3.61122529 1.91059021 2074
3.61122529 2.04182892 2075
3.61122529 2.18202096 2076
3.61122529 2.33177777 2077
3.61122529 2.49175255 2078
3.61122529 2.66264308 2079
3.61122529 2.84519477 2080
3.61122529 3.04020384 2081
3.61122529 3.24852076 2082
3.61122529 3.47105389 2083
3.61122529 3.70877332 2084
3.61122529 3.96271498 2085
3.61122529 4.23398502 2086
3.61122529 4.52376434 2087
3.61122529 4.83331350 2088
3.61122529 5.16397779 2089
3.61122529 5.51719266 2090
3.61122529 5.89448930 2091
3.61122529 6.29750056 2092
3.61122529 6.72796705 2093
3.61122529 7.18774345 2094
3.61122529 7.67880504 2095
3.61122529 8.20325428 2096
3.61122529 8.76332748 2097
3.61122529 9.36140147 2098
3.61122529 10.00000000 2099
3.44945010 0.00000000 2100
3.44945010 0.00100000 2101
3.44945010 0.00206810 2102
3.44945010 0.00320893 2103
3.44945010 0.00442745 2104
3.44945010 0.00572894 2105
3.44945010 0.00711907 2106
3.44945010 0.00860386 2107
3.44945010 0.01018975 2108
3.44945010 0.01188365 2109
3.44945010 0.01369289 2110
3.44945010 0.01562534 2111
3.44945010 0.01768938 2112
3.44945010 0.01989399 2113
3.44945010 0.02224872 2114
3.44945010 0.02476380 2115
3.44945010 0.02745016 2116
3.44945010 0.03031946 2117
3.44945010 0.03338416 2118
3.44945010 0.03665756 2119
3.44945010 0.04015388 2120
3.44945010 0.04388830 2121
3.44945010 0.04787703 2122
3.44945010 0.05213740 2123
3.44945010 0.05668791 2124
3.44945010 0.06154831 2125
3.44945010 0.06673972 2126
3.44945010 0.07228467 2127
3.44945010 0.07820725 2128
3.44945010 0.08453318 2129
3.44945010 0.09128994 2130
3.44945010 0.09850685 2131
3.44945010 0.10621528 2132
3.44945010 0.11444870 2133
3.44945010 0.12324286 2134
3.44945010 0.13263597 2135
3.44945010 0.14266883 2136
3.44945010 0.15338502 2137
3.44945010 0.16483109 2138
3.44945010 0.17705676 2139
3.44945010 0.19011514 2140
3.44945010 0.20406297 2141
3.44945010 0.21896084 2142
3.44945010 0.23487349 2143
3.44945010 0.25187005 2144
3.44945010 0.27002439 2145
3.44945010 0.28941539 2146
3.44945010 0.31012733 2147
3.44945010 0.33225023 2148
3.44945010 0.35588024 2149
3.44945010 0.38112009 2150
3.44945010 0.40807948 2151
3.44945010 0.43687563 2152
3.44945010 0.46763375 2153
3.44945010 0.50048758 2154
3.44945010 0.53557999 2155
3.44945010 0.57306360 2156
3.44945010 0.61310147 2157
3.44945010 0.65586775 2158
3.44945010 0.70154851 2159
3.44945010 0.75034252 2160
3.44945010 0.80246212 2161
3.44945010 0.85813415 2162
3.44945010 0.91760094 2163
3.44945010 0.98112138 2164
3.44945010 1.04897206 2165
3.44945010 1.12144845 2166
3.44945010 1.19886623 2167
3.44945010 1.28156263 2168
3.44945010 1.36989795 2169
3.44945010 1.46425712 2170
3.44945010 1.56505136 2171
3.44945010 1.67272003 2172
3.44945010 1.78773249 2173
3.44945010 1.91059021 2174
3.44945010 2.04182892 2175
3.44945010 2.18202096 2176
3.44945010 2.33177777 2177
3.44945010 2.49175255 2178
3.44945010 2.66264308 2179
3.44945010 2.84519477 2180
3.44945010 3.04020384 2181
3.44945010 3.24852076 2182
3.44945010 3.47105389 2183
3.44945010 3.70877332 2184
3.44945010 3.96271498 2185
3.44945010 4.23398502 2186
3.44945010 4.52376434 2187
3.44945010 4.83331350 2188
3.44945010 5.16397779 2189
3.44945010 5.51719266 2190
3.44945010 5.89448930 2191
3.44945010 6.29750056 2192
3.44945010 6.72796705 2193
3.44945010 7.18774345 2194
3.44945010 7.67880504 2195
3.44945010 8.20325428 2196
3.44945010 8.76332748 2197
3.44945010 9.36140147 2198
3.44945010 10.00000000 2199
3.29537849 0.00000000 2200
3.29537849 0.00100000 2201
3.29537849 0.00206810 2202
3.29537849 0.00320893 2203
3.29537849 0.00442745 2204
3.29537849 0.00572894 2205
3.29537849 0.00711907 2206
3.29537849 0.00860386 2207
3.29537849 0.01018975 2208
3.29537849 0.01188365 2209
3.29537849 0.01369289 2210
3.29537849 0.01562534 2211
3.29537849 0.01768938 2212
3.29537849 0.01989399 2213
3.29537849 0.02224872 2214
3.29537849 0.02476380 2215
3.29537849 0.02745016 2216
3.29537849 0.03031946 2217
3.29537849 0.03338416 2218
3.29537849 0.03665756 2219
3.29537849 0.04015388 2220
3.29537849 0.04388830 2221
3.29537849 0.04787703 2222
3.29537849 0.05213740 2223
3.29537849 0.05668791 2224
3.29537849 0.06154831 2225
3.29537849 0.06673972 2226
3.29537849 0.07228467 2227
3.29537849 0.07820725 2228
3.29537849 0.08453318 2229
3.29537849 0.09128994 2230
3.29537849 0.09850685 2231
3.29537849 0.10621528 2232
3.29537849 0.11444870 2233
3.29537849 0.12324286 2234
3.29537849 0.13263597 2235
3.29537849 0.14266883 2236
3.29537849 0.15338502 2237
3.29537849 0.16483109 2238
3.29537849 0.17705676 2239
3.29537849 0.19011514 2240
3.29537849 0.20406297 2241
3.29537849 0.21896084 2242
3.29537849 0.23487349 2243
3.29537849 0.25187005 2244
3.29537849 0.27002439 2245
3.29537849 0.28941539 2246
3.29537849 0.31012733 2247
3.29537849 0.33225023 2248
3.29537849 0.35588024 2249
3.29537849 0.38112009 2250
3.29537849 0.40807948 2251
3.29537849 0.43687563 2252
3.29537849 0.46763375 2253
3.29537849 0.50048758 2254
3.29537849 0.53557999 2255
3.29537849 0.57306360 2256
3.29537849 0.61310147 2257
3.29537849 0.65586775 2258
3.29537849 0.70154851 2259
3.29537849 0.75034252 2260
3.29537849 0.80246212 2261
3.29537849 0.85813415 2262
3.29537849 0.91760094 2263
3.29537849 0.98112138 2264
3.29537849 1.04897206 2265
3.29537849 1.12144845 2266
3.29537849 1.19886623 2267
3.29537849 1.28156263 2268
3.29537849 1.36989795 2269
3.29537849 1.46425712 2270
3.29537849 1.56505136 2271
3.29537849 1.67272003 2272
3.29537849 1.78773249 2273
3.29537849 1.91059021 2274
3.29537849 2.04182892 2275
3.29537849 2.18202096 2276
3.29537849 2.33177777 2277
3.29537849 2.49175255 2278
3.29537849 2.66264308 2279
3.29537849 2.84519477 2280
3.29537849 3.04020384 2281
3.29537849 3.24852076 2282
3.29537849 3.47105389 2283
3.29537849 3.70877332 2284
3.29537849 3.96271498 2285
3.29537849 4.23398502 2286
3.29537849 4.52376434 2287
3.29537849 4.83331350 2288
3.29537849 5.16397779 2289
3.29537849 5.51719266 2290
3.29537849 5.89448930 2291
3.29537849 6.29750056 2292
3.29537849 6.72796705 2293
3.29537849 7.18774345 2294
3.29537849 7.67880504 2295
3.29537849 8.20325428 2296
3.29537849 8.76332748 2297
3.29537849 9.36140147 2298
3.29537849 10.00000000 2299
3.14864362 0.00000000 2300
3.14864362 0.00100000 2301
3.14864362 0.00206810 2302
3.14864362 0.00320893 2303
3.14864362 0.00442745 2304
3.14864362 0.00572894 2305
3.14864362 0.00711907 2306
3.14864362 0.00860386 2307
3.14864362 0.01018975 2308
3.14864362 0.01188365 2309
3.14864362 0.01369289 2310
3.14864362 0.01562534 2311
3.14864362 0.01768938 2312
3.14864362 0.01989399 2313
3.14864362 0.02224872 2314
3.14864362 0.02476380 2315
3.14864362 0.02745016 2316
3.14864362 0.03031946 2317
3.14864362 0.03338416 2318
3.14864362 0.03665756 2319
3.14864362 0.04015388 2320
3.14864362 0.04388830 2321
3.14864362 0.04787703 2322
3.14864362 0.05213740 2323
3.14864362 0.05668791 2324
3.14864362 0.06154831 2325
3.14864362 0.06673972 2326
3.14864362 0.07228467 2327
3.14864362 0.07820725 2328
3.14864362 0.08453318 2329
3.14864362 0.09128994 2330
3.14864362 0.09850685 2331
3.14864362 0.10621528 2332
3.14864362 0.11444870 2333
3.14864362 0.12324286 2334
3.14864362 0.13263597 2335
3.14864362 0.14266883 2336
3.14864362 0.15338502 2337
3.14864362 0.16483109 2338
3.14864362 0.17705676 2339
3.14864362 0.19011514 2340
3.14864362 0.20406297 2341
3.14864362 0.21896084 2342
3.14864362 0.23487349 2343
3.14864362 0.25187005 2344
3.14864362 0.27002439 2345
3.14864362 0.28941539 2346
3.14864362 0.31012733 2347
3.14864362 0.33225023 2348
3.14864362 0.35588024 2349
3.14864362 0.38112009 2350
3.14864362 0.40807948 2351
3.14864362 0.43687563 2352
3.14864362 0.46763375 2353
3.14864362 0.50048758 2354
3.14864362 0.53557999 2355
3.14864362 0.57306360 2356
3.14864362 0.61310147 2357
3.14864362 0.65586775 2358
3.14864362 0.70154851 2359
3.14864362 0.75034252 2360
3.14864362 0.80246212 2361
3.14864362 0.85813415 2362
3.14864362 0.91760094 2363
3.14864362 0.98112138 2364
3.14864362 1.04897206 2365
3.14864362 1.12144845 2366
3.14864362 1.19886623 2367
3.14864362 1.28156263 2368
3.14864362 1.36989795 2369
3.14864362 1.46425712 2370
3.14864362 1.56505136 2371
3.14864362 1.67272003 2372
3.14864362 1.78773249 2373
3.14864362 1.91059021 2374
3.14864362 2.04182892 2375
3.14864362 2.18202096 2376
3.14864362 2.33177777 2377
3.14864362 2.49175255 2378
3.14864362 2.66264308 2379
3.14864362 2.84519477 2380
3.14864362 3.04020384 2381
3.14864362 3.24852076 2382
3.14864362 3.47105389 2383
3.14864362 3.70877332 2384
3.14864362 3.96271498 2385
3.14864362 4.23398502 2386
3.14864362 4.52376434 2387
3.14864362 4.83331350 2388
3.14864362 5.16397779 2389
3.14864362 5.51719266 2390
3.14864362 5.89448930 2391
3.14864362 6.29750056 2392
3.14864362 6.72796705 2393
3.14864362 7.18774345 2394
3.14864362 7.67880504 2395
3.14864362 8.20325428 2396
3.14864362 8.76332748 2397
3.14864362 9.36140147 2398
3.14864362 10.00000000 2399
3.00889612 0.00000000 2400
3.00889612 0.00100000 2401
3.00889612 0.00206810 2402
3.00889612 0.00320893 2403
3.00889612 0.00442745 2404
3.00889612 0.00572894 2405
3.00889612 0.00711907 2406
3.00889612 0.00860386 2407
3.00889612 0.01018975 2408
3.00889612 0.01188365 2409
3.00889612 0.01369289 2410
3.00889612 0.01562534 2411
3.00889612 0.01768938 2412
3.00889612 0.01989399 2413
3.00889612 0.02224872 2414
3.00889612 0.02476380 2415
3.00889612 0.02745016 2416
3.00889612 0.03031946 2417
3.00889612 0.03338416 2418
3.00889612 0.03665756 2419
3.00889612 0.04015388 2420
3.00889612 0.04388830 2421
3.00889612 0.04787703 2422
3.00889612 0.05213740 2423
3.00889612 0.05668791 2424
3.00889612 0.06154831 2425
3.00889612 0.06673972 2426
3.00889612 0.07228467 2427
3.00889612 0.07820725 2428
3.00889612 0.08453318 2429
3.00889612 0.09128994 2430
3.00889612 0.09850685 2431
3.00889612 0.10621528 2432
3.00889612 0.11444870 2433
3.00889612 0.12324286 2434
3.00889612 0.13263597 2435
3.00889612 0.14266883 2436
3.00889612 0.15338502 2437
3.00889612 0.16483109 2438
3.00889612 0.17705676 2439
3.00889612 0.19011514 2440
3.00889612 0.20406297 2441
3.00889612 0.21896084 2442
3.00889612 0.23487349 2443
3.00889612 0.25187005 2444
3.00889612 0.27002439 2445
3.00889612 0.28941539 2446
3.00889612 0.31012733 2447
3.00889612 0.33225023 2448
3.00889612 0.35588024 2449
3.00889612 0.38112009 2450
3.00889612 0.40807948 2451
3.00889612 0.43687563 2452
3.00889612 0.46763375 2453
3.00889612 0.50048758 2454
3.00889612 0.53557999 2455
3.00889612 0.57306360 2456
3.00889612 0.61310147 2457
3.00889612 0.65586775 2458
3.00889612 0.70154851 2459
3.00889612 0.75034252 2460
3.00889612 0.80246212 2461
3.00889612 0.85813415 2462
3.00889612 0.91760094 2463
3.00889612 0.98112138 2464
3.00889612 1.04897206 2465
3.00889612 1.12144845 2466
3.00889612 1.19886623 2467
3.00889612 1.28156263 2468
3.00889612 1.36989795 2469
3.00889612 1.46425712 2470
3.00889612 1.56505136 2471
3.00889612 1.67272003 2472
3.00889612 1.78773249 2473
3.00889612 1.91059021 2474
3.00889612 2.04182892 2475
3.00889612 2.18202096 2476
3.00889612 2.33177777 2477
3.00889612 2.49175255 2478
3.00889612 2.66264308 2479
3.00889612 2.84519477 2480
3.00889612 3.04020384 2481
3.00889612 3.24852076 2482
3.00889612 3.47105389 2483
3.00889612 3.70877332 2484
3.00889612 3.96271498 2485
3.00889612 4.23398502 2486
3.00889612 4.52376434 2487
3.00889612 4.83331350 2488
3.00889612 5.16397779 2489
3.00889612 5.51719266 2490
3.00889612 5.89448930 2491
3.00889612 6.29750056 2492
3.00889612 6.72796705 2493
3.00889612 7.18774345 2494
3.00889612 7.67880504 2495
3.00889612 8.20325428 2496
3.00889612 8.76332748 2497
3.00889612 9.36140147 2498
3.00889612 10.00000000 2499
2.87580327 0.00000000 2500
2.87580327 0.00100000 2501
2.87580327 0.00206810 2502
2.87580327 0.00320893 2503
2.87580327 0.00442745 2504
2.87580327 0.00572894 2505
2.87580327 0.00711907 2506
2.87580327 0.00860386 2507
2.87580327 0.01018975 2508
2.87580327 0.01188365 2509
2.87580327 0.01369289 2510
2.87580327 0.01562534 2511
2.87580327 0.01768938 2512
2.87580327 0.01989399 2513
2.87580327 0.02224872 2514
2.87580327 0.02476380 2515
2.87580327 0.02745016 2516
2.87580327 0.03031946 2517
2.87580327 0.03338416 2518
2.87580327 0.03665756 2519
2.87580327 0.04015388 2520
2.87580327 0.04388830 2521
2.87580327 0.04787703 2522
2.87580327 0.05213740 2523
2.87580327 0.05668791 2524
2.87580327 0.06154831 2525
2.87580327 0.06673972 2526
2.87580327 0.07228467 2527
2.87580327 0.07820725 2528
2.87580327 0.08453318 2529
2.87580327 0.09128994 2530
2.87580327 0.09850685 2531
2.87580327 0.10621528 2532
2.87580327 0.11444870 2533
2.87580327 0.12324286 2534
2.87580327 0.13263597 2535
2.87580327 0.14266883 2536
2.87580327 0.15338502 2537
2.87580327 0.16483109 2538
2.87580327 0.17705676 2539
2.87580327 0.19011514 2540
2.87580327 0.20406297 2541
2.87580327 0.21896084 2542
2.87580327 0.23487349 2543
2.87580327 0.25187005 2544
2.87580327 0.27002439 2545
2.87580327 0.28941539 2546
2.87580327 0.31012733 2547
2.87580327 0.33225023 2548
2.87580327 0.35588024 2549
2.87580327 0.38112009 2550
2.87580327 0.40807948 2551
2.87580327 0.43687563 2552
2.87580327 0.46763375 2553
2.87580327 0.50048758 2554
2.87580327 0.53557999 2555
2.87580327 0.57306360 2556
2.87580327 0.61310147 2557
2.87580327 0.65586775 2558
2.87580327 0.70154851 2559
2.87580327 0.75034252 2560
2.87580327 0.80246212 2561
2.87580327 0.85813415 2562
2.87580327 0.91760094 2563
2.87580327 0.98112138 2564
2.87580327 1.04897206 2565
2.87580327 1.12144845 2566
2.87580327 1.19886623 2567
2.87580327 1.28156263 2568
2.87580327 1.36989795 2569
2.87580327 1.46425712 2570
2.87580327 1.56505136 2571
2.87580327 1.67272003 2572
2.87580327 1.78773249 2573
2.87580327 1.91059021 2574
2.87580327 2.04182892 2575
2.87580327 2.18202096 2576
2.87580327 2.33177777 2577
2.87580327 2.49175255 2578
2.87580327 2.66264308 2579
2.87580327 2.84519477 2580
2.87580327 3.04020384 2581
2.87580327 3.24852076 2582
2.87580327 3.47105389 2583
2.87580327 3.70877332 2584
2.87580327 3.96271498 2585
2.87580327 4.23398502 2586
2.87580327 4.52376434 2587
2.87580327 4.83331350 2588
2.87580327 5.16397779 2589
2.87580327 5.51719266 2590
2.87580327 5.89448930 2591
2.87580327 6.29750056 2592
2.87580327 6.72796705 2593
2.87580327 7.18774345 2594
2.87580327 7.67880504 2595
2.87580327 8.20325428 2596
2.87580327 8.76332748 2597
2.87580327 9.36140147 2598
2.87580327 10.00000000 2599
2.74904818 0.00000000 2600
2.74904818 0.00100000 2601
2.74904818 0.00206810 2602
2.74904818 0.00320893 2603
2.74904818 0.00442745 2604
2.74904818 0.00572894 2605
2.74904818 0.00711907 2606
2.74904818 0.00860386 2607
2.74904818 0.01018975 2608
2.74904818 0.01188365 2609
2.74904818 0.01369289 2610
2.74904818 0.01562534 2611
2.74904818 0.01768938 2612
2.74904818 0.01989399 2613
2.74904818 0.02224872 2614
2.74904818 0.02476380 2615
2.74904818 0.02745016 2616
2.74904818 0.03031946 2617
2.74904818 0.03338416 2618
2.74904818 0.03665756 2619
2.74904818 0.04015388 2620
2.74904818 0.04388830 2621
2.74904818 0.04787703 2622
2.74904818 0.05213740 2623
2.74904818 0.05668791 2624
2.74904818 0.06154831 2625
2.74904818 0.06673972 2626
2.74904818 0.07228467 2627
2.74904818 0.07820725 2628
2.74904818 0.08453318 2629
2.74904818 0.09128994 2630
2.74904818 0.09850685 2631
2.74904818 0.10621528 2632
2.74904818 0.11444870 2633
2.74904818 0.12324286 2634
2.74904818 0.13263597 2635
2.74904818 0.14266883 2636
2.74904818 0.15338502 2637
2.74904818 0.16483109 2638
2.74904818 0.17705676 2639
2.74904818 0.19011514 2640
2.74904818 0.20406297 2641
2.74904818 0.21896084 2642
2.74904818 0.23487349 2643
2.74904818 0.25187005 2644
2.74904818 0.27002439 2645
2.74904818 0.28941539 2646
2.74904818 0.31012733 2647
2.74904818 0.33225023 2648
2.74904818 0.35588024 2649
2.74904818 0.38112009 2650
2.74904818 0.40807948 2651
2.74904818 0.43687563 2652
2.74904818 0.46763375 2653
2.74904818 0.50048758 2654
2.74904818 0.53557999 2655
2.74904818 0.57306360 2656
2.74904818 0.61310147 2657
2.74904818 0.65586775 2658
2.74904818 0.70154851 2659
2.74904818 0.75034252 2660
2.74904818 0.80246212 2661
2.74904818 0.85813415 2662
2.74904818 0.91760094 2663
2.74904818 0.98112138 2664
2.74904818 1.04897206 2665
2.74904818 1.12144845 2666
2.74904818 1.19886623 2667
2.74904818 1.28156263 2668
2.74904818 1.36989795 2669
2.74904818 1.46425712 2670
2.74904818 1.56505136 2671
2.74904818 1.67272003 2672
2.74904818 1.78773249 2673
2.74904818 1.91059021 2674
2.74904818 2.04182892 2675
2.74904818 2.18202096 2676
2.74904818 2.33177777 2677
2.74904818 2.49175255 2678
2.74904818 2.66264308 2679
2.74904818 2.84519477 2680
2.74904818 3.04020384 2681
2.74904818 3.24852076 2682
2.74904818 3.47105389 2683
2.74904818 3.70877332 2684
2.74904818 3.96271498 2685
2.74904818 4.23398502 2686
2.74904818 4.52376434 2687
2.74904818 4.83331350 2688
2.74904818 5.16397779 2689
2.74904818 5.51719266 2690
2.74904818 5.89448930 2691
2.74904818 6.29750056 2692
2.74904818 6.72796705 2693
2.74904818 7.18774345 2694
2.74904818 7.67880504 2695
2.74904818 8.20325428 2696
2.74904818 8.76332748 2697
2.74904818 9.36140147 2698
2.74904818 10.00000000 2699
2.62832904 0.00000000 2700
2.62832904 0.00100000 2701
2.62832904 0.00206810 2702
2.62832904 0.00320893 2703
2.62832904 0.00442745 2704
2.62832904 0.00572894 2705
2.62832904 0.00711907 2706
2.62832904 0.00860386 2707
2.62832904 0.01018975 2708
2.62832904 0.01188365 2709
2.62832904 0.01369289 2710
2.62832904 0.01562534 2711
2.62832904 0.01768938 2712
2.62832904 0.01989399 2713
2.62832904 0.02224872 2714
2.62832904 0.02476380 2715
2.62832904 0.02745016 2716
2.62832904 0.03031946 2717
2.62832904 0.03338416 2718
2.62832904 0.03665756 2719
2.62832904 0.04015388 2720
2.62832904 0.04388830 2721
2.62832904 0.04787703 2722
2.62832904 0.05213740 2723
2.62832904 0.05668791 2724
2.62832904 0.06154831 2725
2.62832904 0.06673972 2726
2.62832904 0.07228467 2727
2.62832904 0.07820725 2728
2.62832904 0.08453318 2729
2.62832904 0.09128994 2730
2.62832904 0.09850685 2731
2.62832904 0.10621528 2732
2.62832904 0.11444870 2733
2.62832904 0.12324286 2734
2.62832904 0.13263597 2735
2.62832904 0.14266883 2736
2.62832904 0.15338502 2737
2.62832904 0.16483109 2738
2.62832904 0.17705676 2739
2.62832904 0.19011514 2740
2.62832904 0.20406297 2741
2.62832904 0.21896084 2742
2.62832904 0.23487349 2743
2.62832904 0.25187005 2744
2.62832904 0.27002439 2745
2.62832904 0.28941539 2746
2.62832904 0.31012733 2747
2.62832904 0.33225023 2748
2.62832904 0.35588024 2749
2.62832904 0.38112009 2750
2.62832904 0.40807948 2751
2.62832904 0.43687563 2752
2.62832904 0.46763375 2753
2.62832904 0.50048758 2754
2.62832904 0.53557999 2755
2.62832904 0.57306360 2756
2.62832904 0.61310147 2757
2.62832904 0.65586775 2758
2.62832904 0.70154851 2759
2.62832904 0.75034252 2760
2.62832904 0.80246212 2761
2.62832904 0.85813415 2762
2.62832904 0.91760094 2763
2.62832904 0.98112138 2764
2.62832904 1.04897206 2765
2.62832904 1.12144845 2766
2.62832904 1.19886623 2767
2.62832904 1.28156263 2768
2.62832904 1.36989795 2769
2.62832904 1.46425712 2770
2.62832904 1.56505136 2771
2.62832904 1.67272003 2772
2.62832904 1.78773249 2773
2.62832904 1.91059021 2774
2.62832904 2.04182892 2775
2.62832904 2.18202096 2776
2.62832904 2.33177777 2777
2.62832904 2.49175255 2778
2.62832904 2.66264308 2779
2.62832904 2.84519477 2780
2.62832904 3.04020384 2781
2.62832904 3.24852076 2782
2.62832904 3.47105389 2783
2.62832904 3.70877332 2784
2.62832904 3.96271498 2785
2.62832904 4.23398502 2786
2.62832904 4.52376434 2787
2.62832904 4.83331350 2788
2.62832904 5.16397779 2789
2.62832904 5.51719266 2790
2.62832904 5.89448930 2791
2.62832904 6.29750056 2792
2.62832904 6.72796705 2793
2.62832904 7.18774345 2794
2.62832904 7.67880504 2795
2.62832904 8.20325428 2796
2.62832904 8.76332748 2797
2.62832904 9.36140147 2798
2.62832904 10.00000000 2799
2.51335843 0.00000000 2800
2.51335843 0.00100000 2801
2.51335843 0.00206810 2802
2.51335843 0.00320893 2803
2.51335843 0.00442745 2804
2.51335843 0.00572894 2805
2.51335843 0.00711907 2806
2.51335843 0.00860386 2807
2.51335843 0.01018975 2808
2.51335843 0.01188365 2809
2.51335843 0.01369289 2810
2.51335843 0.01562534 2811
2.51335843 0.01768938 2812
2.51335843 0.01989399 2813
2.51335843 0.02224872 2814
2.51335843 0.02476380 2815
2.51335843 0.02745016 2816
2.51335843 0.03031946 2817
2.51335843 0.03338416 2818
2.51335843 0.03665756 2819
2.51335843 0.04015388 2820
2.51335843 0.04388830 2821
2.51335843 0.04787703 2822
2.51335843 0.05213740 2823
2.51335843 0.05668791 2824
2.51335843 0.06154831 2825
2.51335843 0.06673972 2826
2.51335843 0.07228467 2827
2.51335843 0.07820725 2828
2.51335843 0.08453318 2829
2.51335843 0.09128994 2830
2.51335843 0.09850685 2831
2.51335843 0.10621528 2832
2.51335843 0.11444870 2833
2.51335843 0.12324286 2834
2.51335843 0.13263597 2835
2.51335843 0.14266883 2836
2.51335843 0.15338502 2837
2.51335843 0.16483109 2838
2.51335843 0.17705676 2839
2.51335843 0.19011514 2840
2.51335843 0.20406297 2841
2.51335843 0.21896084 2842
2.51335843 0.23487349 2843
2.51335843 0.25187005 2844
2.51335843 0.27002439 2845
2.51335843 0.28941539 2846
2.51335843 0.31012733 2847
2.51335843 0.33225023 2848
2.51335843 0.35588024 2849
2.51335843 0.38112009 2850
2.51335843 0.40807948 2851
2.51335843 0.43687563 2852
2.51335843 0.46763375 2853
2.51335843 0.50048758 2854
2.51335843 0.53557999 2855
2.51335843 0.57306360 2856
2.51335843 0.61310147 2857
2.51335843 0.65586775 2858
2.51335843 0.70154851 2859
2.51335843 0.75034252 2860
2.51335843 0.80246212 2861
2.51335843 0.85813415 2862
2.51335843 0.91760094 2863
2.51335843 0.98112138 2864
2.51335843 1.04897206 2865
2.51335843 1.12144845 2866
2.51335843 1.19886623 2867
2.51335843 1.28156263 2868
2.51335843 1.36989795 2869
2.51335843 1.46425712 2870
2.51335843 1.56505136 2871
2.51335843 1.67272003 2872
2.51335843 1.78773249 2873
2.51335843 1.91059021 2874
2.51335843 2.04182892 2875
2.51335843 2.18202096 2876
2.51335843 2.33177777 2877
2.51335843 2.49175255 2878
2.51335843 2.66264308 2879
2.51335843 2.84519477 2880
2.51335843 3.04020384 2881
2.51335843 3.24852076 2882
2.51335843 3.47105389 2883
2.51335843 3.70877332 2884
2.51335843 3.96271498 2885
2.51335843 4.23398502 2886
2.51335843 4.52376434 2887
2.51335843 4.83331350 2888
2.51335843 5.16397779 2889
2.51335843 5.51719266 2890
2.51335843 5.89448930 2891
2.51335843 6.29750056 2892
2.51335843 6.72796705 2893
2.51335843 7.18774345 2894
2.51335843 7.67880504 2895
2.51335843 8.20325428 2896
2.51335843 8.76332748 2897
2.51335843 9.36140147 2898
2.51335843 10.00000000 2899
2.40386261 0.00000000 2900
2.40386261 0.00100000 2901
2.40386261 0.00206810 2902
2.40386261 0.00320893 2903
2.40386261 0.00442745 2904
2.40386261 0.00572894 2905
2.40386261 0.00711907 2906
2.40386261 0.00860386 2907
2.40386261 0.01018975 2908
2.40386261 0.01188365 2909
2.40386261 0.01369289 2910
2.40386261 0.01562534 2911
2.40386261 0.01768938 2912
2.40386261 0.01989399 2913
2.40386261 0.02224872 2914
2.40386261 0.02476380 2915
2.40386261 0.02745016 2916
2.40386261 0.03031946 2917
2.40386261 0.03338416 2918
2.40386261 0.03665756 2919
2.40386261 0.04015388 2920
2.40386261 0.04388830 2921
2.40386261 0.04787703 2922
2.40386261 0.05213740 2923
2.40386261 0.05668791 2924
2.40386261 0.06154831 2925
2.40386261 0.06673972 2926
2.40386261 0.07228467 2927
2.40386261 0.07820725 2928
2.40386261 0.08453318 2929
2.40386261 0.09128994 2930
2.40386261 0.09850685 2931
2.40386261 0.10621528 2932
2.40386261 0.11444870 2933
2.40386261 0.12324286 2934
2.40386261 0.13263597 2935
2.40386261 0.14266883 2936
2.40386261 0.15338502 2937
2.40386261 0.16483109 2938
2.40386261 0.17705676 2939
2.40386261 0.19011514 2940
2.40386261 0.20406297 2941
2.40386261 0.21896084 2942
2.40386261 0.23487349 2943
2.40386261 0.25187005 2944
2.40386261 0.27002439 2945
2.40386261 0.28941539 2946
2.40386261 0.31012733 2947
2.40386261 0.33225023 2948
2.40386261 0.35588024 2949
2.40386261 0.38112009 2950
2.40386261 0.40807948 2951
2.40386261 0.43687563 2952
2.40386261 0.46763375 2953
2.40386261 0.50048758 2954
2.40386261 0.53557999 2955
2.40386261 0.57306360 2956
2.40386261 0.61310147 2957
2.40386261 0.65586775 2958
2.40386261 0.70154851 2959
2.40386261 0.75034252 2960
2.40386261 0.80246212 2961
2.40386261 0.85813415 2962
2.40386261 0.91760094 2963
2.40386261 0.98112138 2964
2.40386261 1.04897206 2965
2.40386261 1.12144845 2966
2.40386261 1.19886623 2967
2.40386261 1.28156263 2968
2.40386261 1.36989795 2969
2.40386261 1.46425712 2970
2.40386261 1.56505136 2971
2.40386261 1.67272003 2972
2.40386261 1.78773249 2973
2.40386261 1.91059021 2974
2.40386261 2.04182892 2975
2.40386261 2.18202096 2976
2.40386261 2.33177777 2977
2.40386261 2.49175255 2978
2.40386261 2.66264308 2979
2.40386261 2.84519477 2980
2.40386261 3.04020384 2981
2.40386261 3.24852076 2982
2.40386261 3.47105389 2983
2.40386261 3.70877332 2984
2.40386261 3.96271498 2985
2.40386261 4.23398502 2986
2.40386261 4.52376434 2987
2.40386261 4.83331350 2988
2.40386261 5.16397779 2989
2.40386261 5.51719266 2990
2.40386261 5.89448930 2991
2.40386261 6.29750056 2992
2.40386261 6.72796705 2993
2.40386261 7.18774345 2994
2.40386261 7.67880504 2995
2.40386261 8.20325428 2996
2.40386261 8.76332748 2997
2.40386261 9.36140147 2998
2.40386261 10.00000000 2999
2.29958088 0.00000000 3000
2.29958088 0.00100000 3001
2.29958088 0.00206810 3002
2.29958088 0.00320893 3003
2.29958088 0.00442745 3004
2.29958088 0.00572894 3005
2.29958088 0.00711907 3006
2.29958088 0.00860386 3007
2.29958088 0.01018975 3008
2.29958088 0.01188365 3009
2.29958088 0.01369289 3010
2.29958088 0.01562534 3011
2.29958088 0.01768938 3012
2.29958088 0.01989399 3013
2.29958088 0.02224872 3014
2.29958088 0.02476380 3015
2.29958088 0.02745016 3016
2.29958088 0.03031946 3017
2.29958088 0.03338416 3018
2.29958088 0.03665756 3019
2.29958088 0.04015388 3020
2.29958088 0.04388830 3021
2.29958088 0.04787703 3022
2.29958088 0.05213740 3023
2.29958088 0.05668791 3024
2.29958088 0.06154831 3025
2.29958088 0.06673972 3026
2.29958088 0.07228467 3027
2.29958088 0.07820725 3028
2.29958088 0.08453318 3029
2.29958088 0.09128994 3030
2.29958088 0.09850685 3031
2.29958088 0.10621528 3032
2.29958088 0.11444870 3033
2.29958088 0.12324286 3034
2.29958088 0.13263597 3035
2.29958088 0.14266883 3036
2.29958088 0.15338502 3037
2.29958088 0.16483109 3038
2.29958088 0.17705676 3039
2.29958088 0.19011514 3040
2.29958088 0.20406297 3041
2.29958088 0.21896084 3042
2.29958088 0.23487349 3043
2.29958088 0.25187005 3044
2.29958088 0.27002439 3045
2.29958088 0.28941539 3046
2.29958088 0.31012733 3047
2.29958088 0.33225023 3048
2.29958088 0.35588024 3049
2.29958088 0.38112009 3050
2.29958088 0.40807948 3051
2.29958088 0.43687563 3052
2.29958088 0.46763375 3053
2.29958088 0.50048758 3054
2.29958088 0.53557999 3055
2.29958088 0.57306360 3056
2.29958088 0.61310147 3057
2.29958088 0.65586775 3058
2.29958088 0.70154851 3059
2.29958088 0.75034252 3060
2.29958088 0.80246212 3061
2.29958088 0.85813415 3062
2.29958088 0.91760094 3063
2.29958088 0.98112138 3064
2.29958088 1.04897206 3065
2.29958088 1.12144845 3066
2.29958088 1.19886623 3067
2.29958088 1.28156263 3068
2.29958088 1.36989795 3069
2.29958088 1.46425712 3070
2.29958088 1.56505136 3071
2.29958088 1.67272003 3072
2.29958088 1.78773249 3073
2.29958088 1.91059021 3074
2.29958088 2.04182892 3075
2.29958088 2.18202096 3076
2.29958088 2.33177777 3077
2.29958088 2.49175255 3078
2.29958088 2.66264308 3079
2.29958088 2.84519477 3080
2.29958088 3.04020384 3081
2.29958088 3.24852076 3082
2.29958088 3.47105389 3083
2.29958088 3.70877332 3084
2.29958088 3.96271498 3085
2.29958088 4.23398502 3086
2.29958088 4.52376434 3087
2.29958088 4.83331350 3088
2.29958088 5.16397779 3089
2.29958088 5.51719266 3090
2.29958088 5.89448930 3091
2.29958088 6.29750056 3092
2.29958088 6.72796705 3093
2.29958088 7.18774345 3094
2.29958088 7.67880504 3095
2.29958088 8.20325428 3096
2.29958088 8.76332748 3097
2.29958088 9.36140147 3098
2.29958088 10.00000000 3099
2.20026494 0.00000000 3100
2.20026494 0.00100000 3101
2.20026494 0.00206810 3102
2.20026494 0.00320893 3103
2.20026494 0.00442745 3104
2.20026494 0.00572894 3105
2.20026494 0.00711907 3106
2.20026494 0.00860386 3107
2.20026494 0.01018975 3108
2.20026494 0.01188365 3109
2.20026494 0.01369289 3110
2.20026494 0.01562534 3111
2.20026494 0.01768938 3112
2.20026494 0.01989399 3113
2.20026494 0.02224872 3114
2.20026494 0.02476380 3115
2.20026494 0.02745016 3116
2.20026494 0.03031946 3117
2.20026494 0.03338416 3118
2.20026494 0.03665756 3119
2.20026494 0.04015388 3120
2.20026494 0.04388830 3121
2.20026494 0.04787703 3122
2.20026494 0.05213740 3123
2.20026494 0.05668791 3124
2.20026494 0.06154831 3125
2.20026494 0.06673972 3126
2.20026494 0.07228467 3127
2.20026494 0.07820725 3128
2.20026494 0.08453318 3129
2.20026494 0.09128994 3130
2.20026494 0.09850685 3131
2.20026494 0.10621528 3132
2.20026494 0.11444870 3133
2.20026494 0.12324286 3134
2.20026494 0.13263597 3135
2.20026494 0.14266883 3136
2.20026494 0.15338502 3137
2.20026494 0.16483109 3138
2.20026494 0.17705676 3139
2.20026494 0.19011514 3140
2.20026494 0.20406297 3141
2.20026494 0.21896084 3142
2.20026494 0.23487349 3143
2.20026494 0.25187005 3144
2.20026494 0.27002439 3145
2.20026494 0.28941539 3146
2.20026494 0.31012733 3147
2.20026494 0.33225023 3148
2.20026494 0.35588024 3149
2.20026494 0.38112009 3150
2.20026494 0.40807948 3151
2.20026494 0.43687563 3152
2.20026494 0.46763375 3153
2.20026494 0.50048758 3154
2.20026494 0.53557999 3155
2.20026494 0.57306360 3156
2.20026494 0.61310147 3157
2.20026494 0.65586775 3158
2.20026494 0.70154851 3159
2.20026494 0.75034252 3160
2.20026494 0.80246212 3161
2.20026494 0.85813415 3162
2.20026494 0.91760094 3163
2.20026494 0.98112138 3164
2.20026494 1.04897206 3165
2.20026494 1.12144845 3166
2.20026494 1.19886623 3167
2.20026494 1.28156263 3168
2.20026494 1.36989795 3169
2.20026494 1.46425712 3170
2.20026494 1.56505136 3171
2.20026494 1.67272003 3172
2.20026494 1.78773249 3173
2.20026494 1.91059021 3174
2.20026494 2.04182892 3175
2.20026494 2.18202096 3176
2.20026494 2.33177777 3177
2.20026494 2.49175255 3178
2.20026494 2.66264308 3179
2.20026494 2.84519477 3180
2.20026494 3.04020384 3181
2.20026494 3.24852076 3182
2.20026494 3.47105389 3183
2.20026494 3.70877332 3184
2.20026494 3.96271498 3185
2.20026494 4.23398502 3186
2.20026494 4.52376434 3187
2.20026494 4.83331350 3188
2.20026494 5.16397779 3189
2.20026494 5.51719266 3190
2.20026494 5.89448930 3191
2.20026494 6.29750056 3192
2.20026494 6.72796705 3193
2.20026494 7.18774345 3194
2.20026494 7.67880504 3195
2.20026494 8.20325428 3196
2.20026494 8.76332748 3197
2.20026494 9.36140147 3198
2.20026494 10.00000000 3199
2.10567834 0.00000000 3200
2.10567834 0.00100000 3201
2.10567834 0.00206810 3202
2.10567834 0.00320893 3203
2.10567834 0.00442745 3204
2.10567834 0.00572894 3205
2.10567834 0.00711907 3206
2.10567834 0.00860386 3207
2.10567834 0.01018975 3208
2.10567834 0.01188365 3209
2.10567834 0.01369289 3210
2.10567834 0.01562534 3211
2.10567834 0.01768938 3212
2.10567834 0.01989399 3213
2.10567834 0.02224872 3214
2.10567834 0.02476380 3215
2.10567834 0.02745016 3216
2.10567834 0.03031946 3217
2.10567834 0.03338416 3218
2.10567834 0.03665756 3219
2.10567834 0.04015388 3220
2.10567834 0.04388830 3221
2.10567834 0.04787703 3222
2.10567834 0.05213740 3223
2.10567834 0.05668791 3224
2.10567834 0.06154831 3225
2.10567834 0.06673972 3226
2.10567834 0.07228467 3227
2.10567834 0.07820725 3228
2.10567834 0.08453318 3229
2.10567834 0.09128994 3230
2.10567834 0.09850685 3231
2.10567834 0.10621528 3232
2.10567834 0.11444870 3233
2.10567834 0.12324286 3234
2.10567834 0.13263597 3235
2.10567834 0.14266883 3236
2.10567834 0.15338502 3237
2.10567834 0.16483109 3238
2.10567834 0.17705676 3239
2.10567834 0.19011514 3240
2.10567834 0.20406297 3241
2.10567834 0.21896084 3242
2.10567834 0.23487349 3243
2.10567834 0.25187005 3244
2.10567834 0.27002439 3245
2.10567834 0.28941539 3246
2.10567834 0.31012733 3247
2.10567834 0.33225023 3248
2.10567834 0.35588024 3249
2.10567834 0.38112009 3250
2.10567834 0.40807948 3251
2.10567834 0.43687563 3252
2.10567834 0.46763375 3253
2.10567834 0.50048758 3254
2.10567834 0.53557999 3255
2.10567834 0.57306360 3256
2.10567834 0.61310147 3257
2.10567834 0.65586775 3258
2.10567834 0.70154851 3259
2.10567834 0.75034252 3260
2.10567834 0.80246212 3261
2.10567834 0.85813415 3262
2.10567834 0.91760094 3263
2.10567834 0.98112138 3264
2.10567834 1.04897206 3265
2.10567834 1.12144845 3266
2.10567834 1.19886623 3267
2.10567834 1.28156263 3268
2.10567834 1.36989795 3269
2.10567834 1.46425712 3270
2.10567834 1.56505136 3271
2.10567834 1.67272003 3272
2.10567834 1.78773249 3273
2.10567834 1.91059021 3274
2.10567834 2.04182892 3275
2.10567834 2.18202096 3276
2.10567834 2.33177777 3277
2.10567834 2.49175255 3278
2.10567834 2.66264308 3279
2.10567834 2.84519477 3280
2.10567834 3.04020384 3281
2.10567834 3.24852076 3282
2.10567834 3.47105389 3283
2.10567834 3.70877332 3284
2.10567834 3.96271498 3285
2.10567834 4.23398502 3286
2.10567834 4.52376434 3287
2.10567834 4.83331350 3288
2.10567834 5.16397779 3289
2.10567834 5.51719266 3290
2.10567834 5.89448930 3291
2.10567834 6.29750056 3292
2.10567834 6.72796705 3293
2.10567834 7.18774345 3294
2.10567834 7.67880504 3295
2.10567834 8.20325428 3296
2.10567834 8.76332748 3297
2.10567834 9.36140147 3298
2.10567834 10.00000000 3299
2.01559586 0.00000000 3300
2.01559586 0.00100000 3301
2.01559586 0.00206810 3302
2.01559586 0.00320893 3303
2.01559586 0.00442745 3304
2.01559586 0.00572894 3305
2.01559586 0.00711907 3306
2.01559586 0.00860386 3307
2.01559586 0.01018975 3308
2.01559586 0.01188365 3309
2.01559586 0.01369289 3310
2.01559586 0.01562534 3311
2.01559586 0.01768938 3312
2.01559586 0.01989399 3313
2.01559586 0.02224872 3314
2.01559586 0.02476380 3315
2.01559586 0.02745016 3316
2.01559586 0.03031946 3317
2.01559586 0.03338416 3318
2.01559586 0.03665756 3319
2.01559586 0.04015388 3320
2.01559586 0.04388830 3321
2.01559586 0.04787703 3322
2.01559586 0.05213740 3323
2.01559586 0.05668791 3324
2.01559586 0.06154831 3325
2.01559586 0.06673972 3326
2.01559586 0.07228467 3327
2.01559586 0.07820725 3328
2.01559586 0.08453318 3329
2.01559586 0.09128994 3330
2.01559586 0.09850685 3331
2.01559586 0.10621528 3332
2.01559586 0.11444870 3333
2.01559586 0.12324286 3334
2.01559586 0.13263597 3335
2.01559586 0.14266883 3336
2.01559586 0.15338502 3337
2.01559586 0.16483109 3338
2.01559586 0.17705676 3339
2.01559586 0.19011514 3340
2.01559586 0.20406297 3341
2.01559586 0.21896084 3342
2.01559586 0.23487349 3343
2.01559586 0.25187005 3344
2.01559586 0.27002439 3345
2.01559586 0.28941539 3346
2.01559586 0.31012733 3347
2.01559586 0.33225023 3348
2.01559586 0.35588024 3349
2.01559586 0.38112009 3350
2.01559586 0.40807948 3351
2.01559586 0.43687563 3352
2.01559586 0.46763375 3353
2.01559586 0.50048758 3354
2.01559586 0.53557999 3355
2.01559586 0.57306360 3356
2.01559586 0.61310147 3357
2.01559586 0.65586775 3358
2.01559586 0.70154851 3359
2.01559586 0.75034252 3360
2.01559586 0.80246212 3361
2.01559586 0.85813415 3362
2.01559586 0.91760094 3363
2.01559586 0.98112138 3364
2.01559586 1.04897206 3365
2.01559586 1.12144845 3366
2.01559586 1.19886623 3367
2.01559586 1.28156263 3368
2.01559586 1.36989795 3369
2.01559586 1.46425712 3370
2.01559586 1.56505136 3371
2.01559586 1.67272003 3372
2.01559586 1.78773249 3373
2.01559586 1.91059021 3374
2.01559586 2.04182892 3375
2.01559586 2.18202096 3376
2.01559586 2.33177777 3377
2.01559586 2.49175255 3378
2.01559586 2.66264308 3379
2.01559586 2.84519477 3380
2.01559586 3.04020384 3381
2.01559586 3.24852076 3382
2.01559586 3.47105389 3383
2.01559586 3.70877332 3384
2.01559586 3.96271498 3385
2.01559586 4.23398502 3386
2.01559586 4.52376434 3387
2.01559586 4.83331350 3388
2.01559586 5.16397779 3389
2.01559586 5.51719266 3390
2.01559586 5.89448930 3391
2.01559586 6.29750056 3392
2.01559586 6.72796705 3393
2.01559586 7.18774345 3394
2.01559586 7.67880504 3395
2.01559586 8.20325428 3396
2.01559586 8.76332748 3397
2.01559586 9.36140147 3398
2.01559586 10.00000000 3399
1.92980302 0.00000000 3400
1.92980302 0.00100000 3401
1.92980302 0.00206810 3402
1.92980302 0.00320893 3403
1.92980302 0.00442745 3404
1.92980302 0.00572894 3405
1.92980302 0.00711907 3406
1.92980302 0.00860386 3407
1.92980302 0.01018975 3408
1.92980302 0.01188365 3409
1.92980302 0.01369289 3410
1.92980302 0.01562534 3411
1.92980302 0.01768938 3412
1.92980302 0.01989399 3413
1.92980302 0.02224872 3414
1.92980302 0.02476380 3415
1.92980302 0.02745016 3416
1.92980302 0.03031946 3417
1.92980302 0.03338416 3418
1.92980302 0.03665756 3419
1.92980302 0.04015388 3420
1.92980302 0.04388830 3421
1.92980302 0.04787703 3422
1.92980302 0.05213740 3423
1.92980302 0.05668791 3424
1.92980302 0.06154831 3425
1.92980302 0.06673972 3426
1.92980302 0.07228467 3427
1.92980302 0.07820725 3428
1.92980302 0.08453318 3429
1.92980302 0.09128994 3430
1.92980302 0.09850685 3431
1.92980302 0.10621528 3432
1.92980302 0.11444870 3433
1.92980302 0.12324286 3434
1.92980302 0.13263597 3435
1.92980302 0.14266883 3436
1.92980302 0.15338502 3437
1.92980302 0.16483109 3438
1.92980302 0.17705676 3439
1.92980302 0.19011514 3440
1.92980302 0.20406297 3441
1.92980302 0.21896084 3442
1.92980302 0.23487349 3443
1.92980302 0.25187005 3444
1.92980302 0.27002439 3445
1.92980302 0.28941539 3446
1.92980302 0.31012733 3447
1.92980302 0.33225023 3448
1.92980302 0.35588024 3449
1.92980302 0.38112009 3450
1.92980302 0.40807948 3451
1.92980302 0.43687563 3452
1.92980302 0.46763375 3453
1.92980302 0.50048758 3454
1.92980302 0.53557999 3455
1.92980302 0.57306360 3456
1.92980302 0.61310147 3457
1.92980302 0.65586775 3458
1.92980302 0.70154851 3459
1.92980302 0.75034252 3460
1.92980302 0.80246212 3461
1.92980302 0.85813415 3462
1.92980302 0.91760094 3463
1.92980302 0.98112138 3464
1.92980302 1.04897206 3465
1.92980302 1.12144845 3466
1.92980302 1.19886623 3467
1.92980302 1.28156263 3468
1.92980302 1.36989795 3469
1.92980302 1.46425712 3470
1.92980302 1.56505136 3471
1.92980302 1.67272003 3472
1.92980302 1.78773249 3473
1.92980302 1.91059021 3474
1.92980302 2.04182892 3475
1.92980302 2.18202096 3476
1.92980302 2.33177777 3477
1.92980302 2.49175255 3478
1.92980302 2.66264308 3479
1.92980302 2.84519477 3480
1.92980302 3.04020384 3481
1.92980302 3.24852076 3482
1.92980302 3.47105389 3483
1.92980302 3.70877332 3484
1.92980302 3.96271498 3485
1.92980302 4.23398502 3486
1.92980302 4.52376434 3487
1.92980302 4.83331350 3488
1.92980302 5.16397779 3489
1.92980302 5.51719266 3490
1.92980302 5.89448930 3491
1.92980302 6.29750056 3492
1.92980302 6.72796705 3493
1.92980302 7.18774345 3494
1.92980302 7.67880504 3495
1.92980302 8.20325428 3496
1.92980302 8.76332748 3497
1.92980302 9.36140147 3498
1.92980302 10.00000000 3499
1.84809555 0.00000000 3500
1.84809555 0.00100000 3501
1.84809555 0.00206810 3502
1.84809555 0.00320893 3503
1.84809555 0.00442745 3504
1.84809555 0.00572894 3505
1.84809555 0.00711907 3506
1.84809555 0.00860386 3507
1.84809555 0.01018975 3508
1.84809555 0.01188365 3509
1.84809555 0.01369289 3510
1.84809555 0.01562534 3511
1.84809555 0.01768938 3512
1.84809555 0.01989399 3513
1.84809555 0.02224872 3514
1.84809555 0.02476380 3515
1.84809555 0.02745016 3516
1.84809555 0.03031946 3517
1.84809555 0.03338416 3518
1.84809555 0.03665756 3519
1.84809555 0.04015388 3520
1.84809555 0.04388830 3521
1.84809555 0.04787703 3522
1.84809555 0.05213740 3523
1.84809555 0.05668791 3524
1.84809555 0.06154831 3525
1.84809555 0.06673972 3526
1.84809555 0.07228467 3527
1.84809555 0.07820725 3528
1.84809555 0.08453318 3529
1.84809555 0.09128994 3530
1.84809555 0.09850685 3531
1.84809555 0.10621528 3532
1.84809555 0.11444870 3533
1.84809555 0.12324286 3534
1.84809555 0.13263597 3535
1.84809555 0.14266883 3536
1.84809555 0.15338502 3537
1.84809555 0.16483109 3538
1.84809555 0.17705676 3539
1.84809555 0.19011514 3540
1.84809555 0.20406297 3541
1.84809555 0.21896084 3542
1.84809555 0.23487349 3543
1.84809555 0.25187005 3544
1.84809555 0.27002439 3545
1.84809555 0.28941539 3546
1.84809555 0.31012733 3547
1.84809555 0.33225023 3548
1.84809555 0.35588024 3549
1.84809555 0.38112009 3550
1.84809555 0.40807948 3551
1.84809555 0.43687563 3552
1.84809555 0.46763375 3553
1.84809555 0.50048758 3554
1.84809555 0.53557999 3555
1.84809555 0.57306360 3556
1.84809555 0.61310147 3557
1.84809555 0.65586775 3558
1.84809555 0.70154851 3559
1.84809555 0.75034252 3560
1.84809555 0.80246212 3561
1.84809555 0.85813415 3562
1.84809555 0.91760094 3563
1.84809555 0.98112138 3564
1.84809555 1.04897206 3565
1.84809555 1.12144845 3566
1.84809555 1.19886623 3567
1.84809555 1.28156263 3568
1.84809555 1.36989795 3569
1.84809555 1.46425712 3570
1.84809555 1.56505136 3571
1.84809555 1.67272003 3572
1.84809555 1.78773249 3573
1.84809555 1.91059021 3574
1.84809555 2.04182892 3575
1.84809555 2.18202096 3576
1.84809555 2.33177777 3577
1.84809555 2.49175255 3578
1.84809555 2.66264308 3579
1.84809555 2.84519477 3580
1.84809555 3.04020384 3581
1.84809555 3.24852076 3582
1.84809555 3.47105389 3583
1.84809555 3.70877332 3584
1.84809555 3.96271498 3585
1.84809555 4.23398502 3586
1.84809555 4.52376434 3587
1.84809555 4.83331350 3588
1.84809555 5.16397779 3589
1.84809555 5.51719266 3590
1.84809555 5.89448930 3591
1.84809555 6.29750056 3592
1.84809555 6.72796705 3593
1.84809555 7.18774345 3594
1.84809555 7.67880504 3595
1.84809555 8.20325428 3596
1.84809555 8.76332748 3597
1.84809555 9.36140147 3598
1.84809555 10.00000000 3599
1.77027892 0.00000000 3600
1.77027892 0.00100000 3601
1.77027892 0.00206810 3602
1.77027892 0.00320893 3603
1.77027892 0.00442745 3604
1.77027892 0.00572894 3605
1.77027892 0.00711907 3606
1.77027892 0.00860386 3607
1.77027892 0.01018975 3608
1.77027892 0.01188365 3609
1.77027892 0.01369289 3610
1.77027892 0.01562534 3611
1.77027892 0.01768938 3612
1.77027892 0.01989399 3613
1.77027892 0.02224872 3614
1.77027892 0.02476380 3615
1.77027892 0.02745016 3616
1.77027892 0.03031946 3617
1.77027892 0.03338416 3618
1.77027892 0.03665756 3619
1.77027892 0.04015388 3620
1.77027892 0.04388830 3621
1.77027892 0.04787703 3622
1.77027892 0.05213740 3623
1.77027892 0.05668791 3624
1.77027892 0.06154831 3625
1.77027892 0.06673972 3626
1.77027892 0.07228467 3627
1.77027892 0.07820725 3628
1.77027892 0.08453318 3629
1.77027892 0.09128994 3630
1.77027892 0.09850685 3631
1.77027892 0.10621528 3632
1.77027892 0.11444870 3633
1.77027892 0.12324286 3634
1.77027892 0.13263597 3635
1.77027892 0.14266883 3636
1.77027892 0.15338502 3637
1.77027892 0.16483109 3638
1.77027892 0.17705676 3639
1.77027892 0.19011514 3640
1.77027892 0.20406297 3641
1.77027892 0.21896084 3642
1.77027892 0.23487349 3643
1.77027892 0.25187005 3644
1.77027892 0.27002439 3645
1.77027892 0.28941539 3646
1.77027892 0.31012733 3647
1.77027892 0.33225023 3648
1.77027892 0.35588024 3649
1.77027892 0.38112009 3650
1.77027892 0.40807948 3651
1.77027892 0.43687563 3652
1.77027892 0.46763375 3653
1.77027892 0.50048758 3654
1.77027892 0.53557999 3655
1.77027892 0.57306360 3656
1.77027892 0.61310147 3657
1.77027892 0.65586775 3658
1.77027892 0.70154851 3659
1.77027892 0.75034252 3660
1.77027892 0.80246212 3661
1.77027892 0.85813415 3662
1.77027892 0.91760094 3663
1.77027892 0.98112138 3664
1.77027892 1.04897206 3665
1.77027892 1.12144845 3666
1.77027892 1.19886623 3667
1.77027892 1.28156263 3668
1.77027892 1.36989795 3669
1.77027892 1.46425712 3670
1.77027892 1.56505136 3671
1.77027892 1.67272003 3672
1.77027892 1.78773249 3673
1.77027892 1.91059021 3674
1.77027892 2.04182892 3675
1.77027892 2.18202096 3676
1.77027892 2.33177777 3677
1.77027892 2.49175255 3678
1.77027892 2.66264308 3679
1.77027892 2.84519477 3680
1.77027892 3.04020384 3681
1.77027892 3.24852076 3682
1.77027892 3.47105389 3683
1.77027892 3.70877332 3684
1.77027892 3.96271498 3685
1.77027892 4.23398502 3686
1.77027892 4.52376434 3687
1.77027892 4.83331350 3688
1.77027892 5.16397779 3689
1.77027892 5.51719266 3690
1.77027892 5.89448930 3691
1.77027892 6.29750056 3692
1.77027892 6.72796705 3693
1.77027892 7.18774345 3694
1.77027892 7.67880504 3695
1.77027892 8.20325428 3696
1.77027892 8.76332748 3697
1.77027892 9.36140147 3698
1.77027892 10.00000000 3699
1.69616784 0.00000000 3700
1.69616784 0.00100000 3701
1.69616784 0.00206810 3702
1.69616784 0.00320893 3703
1.69616784 0.00442745 3704
1.69616784 0.00572894 3705
1.69616784 0.00711907 3706
1.69616784 0.00860386 3707
1.69616784 0.01018975 3708
1.69616784 0.01188365 3709
1.69616784 0.01369289 3710
1.69616784 0.01562534 3711
1.69616784 0.01768938 3712
1.69616784 0.01989399 3713
1.69616784 0.02224872 3714
1.69616784 0.02476380 3715
1.69616784 0.02745016 3716
1.69616784 0.03031946 3717
1.69616784 0.03338416 3718
1.69616784 0.03665756 3719
1.69616784 0.04015388 3720
1.69616784 0.04388830 3721
1.69616784 0.04787703 3722
1.69616784 0.05213740 3723
1.69616784 0.05668791 3724
1.69616784 0.06154831 3725
1.69616784 0.06673972 3726
1.69616784 0.07228467 3727
1.69616784 0.07820725 3728
1.69616784 0.08453318 3729
1.69616784 0.09128994 3730
1.69616784 0.09850685 3731
1.69616784 0.10621528 3732
1.69616784 0.11444870 3733
1.69616784 0.12324286 3734
1.69616784 0.13263597 3735
1.69616784 0.14266883 3736
1.69616784 0.15338502 3737
1.69616784 0.16483109 3738
1.69616784 0.17705676 3739
1.69616784 0.19011514 3740
1.69616784 0.20406297 3741
1.69616784 0.21896084 3742
1.69616784 0.23487349 3743
1.69616784 0.25187005 3744
1.69616784 0.27002439 3745
1.69616784 0.28941539 3746
1.69616784 0.31012733 3747
1.69616784 0.33225023 3748
1.69616784 0.35588024 3749
1.69616784 0.38112009 3750
1.69616784 0.40807948 3751
1.69616784 0.43687563 3752
1.69616784 0.46763375 3753
1.69616784 0.50048758 3754
1.69616784 0.53557999 3755
1.69616784 0.57306360 3756
1.69616784 0.61310147 3757
1.69616784 0.65586775 3758
1.69616784 0.70154851 3759
1.69616784 0.75034252 3760
1.69616784 0.80246212 3761
1.69616784 0.85813415 3762
1.69616784 0.91760094 3763
1.69616784 0.98112138 3764
1.69616784 1.04897206 3765
1.69616784 1.12144845 3766
1.69616784 1.19886623 3767
1.69616784 1.28156263 3768
1.69616784 1.36989795 3769
1.69616784 1.46425712 3770
1.69616784 1.56505136 3771
1.69616784 1.67272003 3772
1.69616784 1.78773249 3773
1.69616784 1.91059021 3774
1.69616784 2.04182892 3775
1.69616784 2.18202096 3776
1.69616784 2.33177777 3777
1.69616784 2.49175255 3778
1.69616784 2.66264308 3779
1.69616784 2.84519477 3780
1.69616784 3.04020384 3781
1.69616784 3.24852076 3782
1.69616784 3.47105389 3783
1.69616784 3.70877332 3784
1.69616784 3.96271498 3785
1.69616784 4.23398502 3786
1.69616784 4.52376434 3787
1.69616784 4.83331350 3788
1.69616784 5.16397779 3789
1.69616784 5.51719266 3790
1.69616784 5.89448930 3791
1.69616784 6.29750056 3792
1.69616784 6.72796705 3793
1.69616784 7.18774345 3794
1.69616784 7.67880504 3795
1.69616784 8.20325428 3796
1.69616784 8.76332748 3797
1.69616784 9.36140147 3798
1.69616784 10.00000000 3799
1.62558586 0.00000000 3800
1.62558586 0.00100000 3801
1.62558586 0.00206810 3802
1.62558586 0.00320893 3803
1.62558586 0.00442745 3804
1.62558586 0.00572894 3805
1.62558586 0.00711907 3806
1.62558586 0.00860386 3807
1.62558586 0.01018975 3808
1.62558586 0.01188365 3809
1.62558586 0.01369289 3810
1.62558586 0.01562534 3811
1.62558586 0.01768938 3812
1.62558586 0.01989399 3813
1.62558586 0.02224872 3814
1.62558586 0.02476380 3815
1.62558586 0.02745016 3816
1.62558586 0.03031946 3817
1.62558586 0.03338416 3818
1.62558586 0.03665756 3819
1.62558586 0.04015388 3820
1.62558586 0.04388830 3821
1.62558586 0.04787703 3822
1.62558586 0.05213740 3823
1.62558586 0.05668791 3824
1.62558586 0.06154831 3825
1.62558586 0.06673972 3826
1.62558586 0.07228467 3827
1.62558586 0.07820725 3828
1.62558586 0.08453318 3829
1.62558586 0.09128994 3830
1.62558586 0.09850685 3831
1.62558586 0.10621528 3832
1.62558586 0.11444870 3833
1.62558586 0.12324286 3834
1.62558586 0.13263597 3835
1.62558586 0.14266883 3836
1.62558586 0.15338502 3837
1.62558586 0.16483109 3838
1.62558586 0.17705676 3839
1.62558586 0.19011514 3840
1.62558586 0.20406297 3841
1.62558586 0.21896084 3842
1.62558586 0.23487349 3843
1.62558586 0.25187005 3844
1.62558586 0.27002439 3845
1.62558586 0.28941539 3846
1.62558586 0.31012733 3847
1.62558586 0.33225023 3848
1.62558586 0.35588024 3849
1.62558586 0.38112009 3850
1.62558586 0.40807948 3851
1.62558586 0.43687563 3852
1.62558586 0.46763375 3853
1.62558586 0.50048758 3854
1.62558586 0.53557999 3855
1.62558586 0.57306360 3856
1.62558586 0.61310147 3857
1.62558586 0.65586775 3858
1.62558586 0.70154851 3859
1.62558586 0.75034252 3860
1.62558586 0.80246212 3861
1.62558586 0.85813415 3862
1.62558586 0.91760094 3863
1.62558586 0.98112138 3864
1.62558586 1.04897206 3865
1.62558586 1.12144845 3866
1.62558586 1.19886623 3867
1.62558586 1.28156263 3868
1.62558586 1.36989795 3869
1.62558586 1.46425712 3870
1.62558586 1.56505136 3871
1.62558586 1.67272003 3872
1.62558586 1.78773249 3873
1.62558586 1.91059021 3874
1.62558586 2.04182892 3875
1.62558586 2.18202096 3876
1.62558586 2.33177777 3877
1.62558586 2.49175255 3878
1.62558586 2.66264308 3879
1.62558586 2.84519477 3880
1.62558586 3.04020384 3881
1.62558586 3.24852076 3882
1.62558586 3.47105389 3883
1.62558586 3.70877332 3884
1.62558586 3.96271498 3885
1.62558586 4.23398502 3886
1.62558586 4.52376434 3887
1.62558586 4.83331350 3888
1.62558586 5.16397779 3889
1.62558586 5.51719266 3890
1.62558586 5.89448930 3891
1.62558586 6.29750056 3892
1.62558586 6.72796705 3893
1.62558586 7.18774345 3894
1.62558586 7.67880504 3895
1.62558586 8.20325428 3896
1.62558586 8.76332748 3897
1.62558586 9.36140147 3898
1.62558586 10.00000000 3899
1.55836492 0.00000000 3900
1.55836492 0.00100000 3901
1.55836492 0.00206810 3902
1.55836492 0.00320893 3903
1.55836492 0.00442745 3904
1.55836492 0.00572894 3905
1.55836492 0.00711907 3906
1.55836492 0.00860386 3907
1.55836492 0.01018975 3908
1.55836492 0.01188365 3909
1.55836492 0.01369289 3910
1.55836492 0.01562534 3911
1.55836492 0.01768938 3912
1.55836492 0.01989399 3913
1.55836492 0.02224872 3914
1.55836492 0.02476380 3915
1.55836492 0.02745016 3916
1.55836492 0.03031946 3917
1.55836492 0.03338416 3918
1.55836492 0.03665756 3919
1.55836492 0.04015388 3920
1.55836492 0.04388830 3921
1.55836492 0.04787703 3922
1.55836492 0.05213740 3923
1.55836492 0.05668791 3924
1.55836492 0.06154831 3925
1.55836492 0.06673972 3926
1.55836492 0.07228467 3927
1.55836492 0.07820725 3928
1.55836492 0.08453318 3929
1.55836492 0.09128994 3930
1.55836492 0.09850685 3931
1.55836492 0.10621528 3932
1.55836492 0.11444870 3933
1.55836492 0.12324286 3934
1.55836492 0.13263597 3935
1.55836492 0.14266883 3936
1.55836492 0.15338502 3937
1.55836492 0.16483109 3938
1.55836492 0.17705676 3939
1.55836492 0.19011514 3940
1.55836492 0.20406297 3941
1.55836492 0.21896084 3942
1.55836492 0.23487349 3943
1.55836492 0.25187005 3944
1.55836492 0.27002439 3945
1.55836492 0.28941539 3946
1.55836492 0.31012733 3947
1.55836492 0.33225023 3948
1.55836492 0.35588024 3949
1.55836492 0.38112009 3950
1.55836492 0.40807948 3951
1.55836492 0.43687563 3952
1.55836492 0.46763375 3953
1.55836492 0.50048758 3954
1.55836492 0.53557999 3955
1.55836492 0.57306360 3956
1.55836492 0.61310147 3957
1.55836492 0.65586775 3958
1.55836492 0.70154851 3959
1.55836492 0.75034252 3960
1.55836492 0.80246212 3961
1.55836492 0.85813415 3962
1.55836492 0.91760094 3963
1.55836492 0.98112138 3964
1.55836492 1.04897206 3965
1.55836492 1.12144845 3966
1.55836492 1.19886623 3967
1.55836492 1.28156263 3968
1.55836492 1.36989795 3969
1.55836492 1.46425712 3970
1.55836492 1.56505136 3971
1.55836492 1.67272003 3972
1.55836492 1.78773249 3973
1.55836492 1.91059021 3974
1.55836492 2.04182892 3975
1.55836492 2.18202096 3976
1.55836492 2.33177777 3977
1.55836492 2.49175255 3978
1.55836492 2.66264308 3979
1.55836492 2.84519477 3980
1.55836492 3.04020384 3981
1.55836492 3.24852076 3982
1.55836492 3.47105389 3983
1.55836492 3.70877332 3984
1.55836492 3.96271498 3985
1.55836492 4.23398502 3986
1.55836492 4.52376434 3987
1.55836492 4.83331350 3988
1.55836492 5.16397779 3989
1.55836492 5.51719266 3990
1.55836492 5.89448930 3991
1.55836492 6.29750056 3992
1.55836492 6.72796705 3993
1.55836492 7.18774345 3994
1.55836492 7.67880504 3995
1.55836492 8.20325428 3996
1.55836492 8.76332748 3997
1.55836492 9.36140147 3998
1.55836492 10.00000000 3999
1.49434499 0.00000000 4000
1.49434499 0.00100000 4001
1.49434499 0.00206810 4002
1.49434499 0.00320893 4003
1.49434499 0.00442745 4004
1.49434499 0.00572894 4005
1.49434499 0.00711907 4006
1.49434499 0.00860386 4007
1.49434499 0.01018975 4008
1.49434499 0.01188365 4009
1.49434499 0.01369289 4010
1.49434499 0.01562534 4011
1.49434499 0.01768938 4012
1.49434499 0.01989399 4013
1.49434499 0.02224872 4014
1.49434499 0.02476380 4015
1.49434499 0.02745016 4016
1.49434499 0.03031946 4017
1.49434499 0.03338416 4018
1.49434499 0.03665756 4019
1.49434499 0.04015388 4020
1.49434499 0.04388830 4021
1.49434499 0.04787703 4022
1.49434499 0.05213740 4023
1.49434499 0.05668791 4024
1.49434499 0.06154831 4025
1.49434499 0.06673972 4026
1.49434499 0.07228467 4027
1.49434499 0.07820725 4028
1.49434499 0.08453318 4029
1.49434499 0.09128994 4030
1.49434499 0.09850685 4031
1.49434499 0.10621528 4032
1.49434499 0.11444870 4033
1.49434499 0.12324286 4034
1.49434499 0.13263597 4035
1.49434499 0.14266883 4036
1.49434499 0.15338502 4037
1.49434499 0.16483109 4038
1.49434499 0.17705676 4039
1.49434499 0.19011514 4040
1.49434499 0.20406297 4041
1.49434499 0.21896084 4042
1.49434499 0.23487349 4043
1.49434499 0.25187005 4044
1.49434499 0.27002439 4045
1.49434499 0.28941539 4046
1.49434499 0.31012733 4047
1.49434499 0.33225023 4048
1.49434499 0.35588024 4049
1.49434499 0.38112009 4050
1.49434499 0.40807948 4051
1.49434499 0.43687563 4052
1.49434499 0.46763375 4053
1.49434499 0.50048758 4054
1.49434499 0.53557999 4055
1.49434499 0.57306360 4056
1.49434499 0.61310147 4057
1.49434499 0.65586775 4058
1.49434499 0.70154851 4059
1.49434499 0.75034252 4060
1.49434499 0.80246212 4061
1.49434499 0.85813415 4062
1.49434499 0.91760094 4063
1.49434499 0.98112138 4064
1.49434499 1.04897206 4065
1.49434499 1.12144845 4066
1.49434499 1.19886623 4067
1.49434499 1.28156263 4068
1.49434499 1.36989795 4069
1.49434499 1.46425712 4070
1.49434499 1.56505136 4071
1.49434499 1.67272003 4072
1.49434499 1.78773249 4073
1.49434499 1.91059021 4074
1.49434499 2.04182892 4075
1.49434499 2.18202096 4076
1.49434499 2.33177777 4077
1.49434499 2.49175255 4078
1.49434499 2.66264308 4079
1.49434499 2.84519477 4080
1.49434499 3.04020384 4081
1.49434499 3.24852076 4082
1.49434499 3.47105389 4083
1.49434499 3.70877332 4084
1.49434499 3.96271498 4085
1.49434499 4.23398502 4086
1.49434499 4.52376434 4087
1.49434499 4.83331350 4088
1.49434499 5.16397779 4089
1.49434499 5.51719266 4090
1.49434499 5.89448930 4091
1.49434499 6.29750056 4092
1.49434499 6.72796705 4093
1.49434499 7.18774345 4094
1.49434499 7.67880504 4095
1.49434499 8.20325428 4096
1.49434499 8.76332748 4097
1.49434499 9.36140147 4098
1.49434499 10.00000000 4099
1.43337362 0.00000000 4100
1.43337362 0.00100000 4101
1.43337362 0.00206810 4102
1.43337362 0.00320893 4103
1.43337362 0.00442745 4104
1.43337362 0.00572894 4105
1.43337362 0.00711907 4106
1.43337362 0.00860386 4107
1.43337362 0.01018975 4108
1.43337362 0.01188365 4109
1.43337362 0.01369289 4110
1.43337362 0.01562534 4111
1.43337362 0.01768938 4112
1.43337362 0.01989399 4113
1.43337362 0.02224872 4114
1.43337362 0.02476380 4115
1.43337362 0.02745016 4116
1.43337362 0.03031946 4117
1.43337362 0.03338416 4118
1.43337362 0.03665756 4119
1.43337362 0.04015388 4120
1.43337362 0.04388830 4121
1.43337362 0.04787703 4122
1.43337362 0.05213740 4123
1.43337362 0.05668791 4124
1.43337362 0.06154831 4125
1.43337362 0.06673972 4126
1.43337362 0.07228467 4127
1.43337362 0.07820725 4128
1.43337362 0.08453318 4129
1.43337362 0.09128994 4130
1.43337362 0.09850685 4131
1.43337362 0.10621528 4132
1.43337362 0.11444870 4133
1.43337362 0.12324286 4134
1.43337362 0.13263597 4135
1.43337362 0.14266883 4136
1.43337362 0.15338502 4137
1.43337362 0.16483109 4138
1.43337362 0.17705676 4139
1.43337362 0.19011514 4140
1.43337362 0.20406297 4141
1.43337362 0.21896084 4142
1.43337362 0.23487349 4143
1.43337362 0.25187005 4144
1.43337362 0.27002439 4145
1.43337362 0.28941539 4146
1.43337362 0.31012733 4147
1.43337362 0.33225023 4148
1.43337362 0.35588024 4149
1.43337362 0.38112009 4150
1.43337362 0.40807948 4151
1.43337362 0.43687563 4152
1.43337362 0.46763375 4153
1.43337362 0.50048758 4154
1.43337362 0.53557999 4155
1.43337362 0.57306360 4156
1.43337362 0.61310147 4157
1.43337362 0.65586775 4158
1.43337362 0.70154851 4159
1.43337362 0.75034252 4160
1.43337362 0.80246212 4161
1.43337362 0.85813415 4162
1.43337362 0.91760094 4163
1.43337362 0.98112138 4164
1.43337362 1.04897206 4165
1.43337362 1.12144845 4166
1.43337362 1.19886623 4167
1.43337362 1.28156263 4168
1.43337362 1.36989795 4169
1.43337362 1.46425712 4170
1.43337362 1.56505136 4171
1.43337362 1.67272003 4172
1.43337362 1.78773249 4173
1.43337362 1.91059021 4174
1.43337362 2.04182892 4175
1.43337362 2.18202096 4176
1.43337362 2.33177777 4177
1.43337362 2.49175255 4178
1.43337362 2.66264308 4179
1.43337362 2.84519477 4180
1.43337362 3.04020384 4181
1.43337362 3.24852076 4182
1.43337362 3.47105389 4183
1.43337362 3.70877332 4184
1.43337362 3.96271498 4185
1.43337362 4.23398502 4186
1.43337362 4.52376434 4187
1.43337362 4.83331350 4188
1.43337362 5.16397779 4189
1.43337362 5.51719266 4190
1.43337362 5.89448930 4191
1.43337362 6.29750056 4192
1.43337362 6.72796705 4193
1.43337362 7.18774345 4194
1.43337362 7.67880504 4195
1.43337362 8.20325428 4196
1.43337362 8.76332748 4197
1.43337362 9.36140147 4198
1.43337362 10.00000000 4199
1.37530565 0.00000000 4200
1.37530565 0.00100000 4201
1.37530565 0.00206810 4202
1.37530565 0.00320893 4203
1.37530565 0.00442745 4204
1.37530565 0.00572894 4205
1.37530565 0.00711907 4206
1.37530565 0.00860386 4207
1.37530565 0.01018975 4208
1.37530565 0.01188365 4209
1.37530565 0.01369289 4210
1.37530565 0.01562534 4211
1.37530565 0.01768938 4212
1.37530565 0.01989399 4213
1.37530565 0.02224872 4214
1.37530565 0.02476380 4215
1.37530565 0.02745016 4216
1.37530565 0.03031946 4217
1.37530565 0.03338416 4218
1.37530565 0.03665756 4219
1.37530565 0.04015388 4220
1.37530565 0.04388830 4221
1.37530565 0.04787703 4222
1.37530565 0.05213740 4223
1.37530565 0.05668791 4224
1.37530565 0.06154831 4225
1.37530565 0.06673972 4226
1.37530565 0.07228467 4227
1.37530565 0.07820725 4228
1.37530565 0.08453318 4229
1.37530565 0.09128994 4230
1.37530565 0.09850685 4231
1.37530565 0.10621528 4232
1.37530565 0.11444870 4233
1.37530565 0.12324286 4234
1.37530565 0.13263597 4235
1.37530565 0.14266883 4236
1.37530565 0.15338502 4237
1.37530565 0.16483109 4238
1.37530565 0.17705676 4239
1.37530565 0.19011514 4240
1.37530565 0.20406297 4241
1.37530565 0.21896084 4242
1.37530565 0.23487349 4243
1.37530565 0.25187005 4244
1.37530565 0.27002439 4245
1.37530565 0.28941539 4246
1.37530565 0.31012733 4247
1.37530565 0.33225023 4248
1.37530565 0.35588024 4249
1.37530565 0.38112009 4250
1.37530565 0.40807948 4251
1.37530565 0.43687563 4252
1.37530565 0.46763375 4253
1.37530565 0.50048758 4254
1.37530565 0.53557999 4255
1.37530565 0.57306360 4256
1.37530565 0.61310147 4257
1.37530565 0.65586775 4258
1.37530565 0.70154851 4259
1.37530565 0.75034252 4260
1.37530565 0.80246212 4261
1.37530565 0.85813415 4262
1.37530565 0.91760094 4263
1.37530565 0.98112138 4264
1.37530565 1.04897206 4265
1.37530565 1.12144845 4266
1.37530565 1.19886623 4267
1.37530565 1.28156263 4268
1.37530565 1.36989795 4269
1.37530565 1.46425712 4270
1.37530565 1.56505136 4271
1.37530565 1.67272003 4272
1.37530565 1.78773249 4273
1.37530565 1.91059021 4274
1.37530565 2.04182892 4275
1.37530565 2.18202096 4276
1.37530565 2.33177777 4277
1.37530565 2.49175255 4278
1.37530565 2.66264308 4279
1.37530565 2.84519477 4280
1.37530565 3.04020384 4281
1.37530565 3.24852076 4282
1.37530565 3.47105389 4283
1.37530565 3.70877332 4284
1.37530565 3.96271498 4285
1.37530565 4.23398502 4286
1.37530565 4.52376434 4287
1.37530565 4.83331350 4288
1.37530565 5.16397779 4289
1.37530565 5.51719266 4290
1.37530565 5.89448930 4291
1.37530565 6.29750056 4292
1.37530565 6.72796705 4293
1.37530565 7.18774345 4294
1.37530565 7.67880504 4295
1.37530565 8.20325428 4296
1.37530565 8.76332748 4297
1.37530565 9.36140147 4298
1.37530565 10.00000000 4299
1.32000282 0.00000000 4300
1.32000282 0.00100000 4301
1.32000282 0.00206810 4302
1.32000282 0.00320893 4303
1.32000282 0.00442745 4304
1.32000282 0.00572894 4305
1.32000282 0.00711907 4306
1.32000282 0.00860386 4307
1.32000282 0.01018975 4308
1.32000282 0.01188365 4309
1.32000282 0.01369289 4310
1.32000282 0.01562534 4311
1.32000282 0.01768938 4312
1.32000282 0.01989399 4313
1.32000282 0.02224872 4314
1.32000282 0.02476380 4315
1.32000282 0.02745016 4316
1.32000282 0.03031946 4317
1.32000282 0.03338416 4318
1.32000282 0.03665756 4319
1.32000282 0.04015388 4320
1.32000282 0.04388830 4321
1.32000282 0.04787703 4322
1.32000282 0.05213740 4323
1.32000282 0.05668791 4324
1.32000282 0.06154831 4325
1.32000282 0.06673972 4326
1.32000282 0.07228467 4327
1.32000282 0.07820725 4328
1.32000282 0.08453318 4329
1.32000282 0.09128994 4330
1.32000282 0.09850685 4331
1.32000282 0.10621528 4332
1.32000282 0.11444870 4333
1.32000282 0.12324286 4334
1.32000282 0.13263597 4335
1.32000282 0.14266883 4336
1.32000282 0.15338502 4337
1.32000282 0.16483109 4338
1.32000282 0.17705676 4339
1.32000282 0.19011514 4340
1.32000282 0.20406297 4341
1.32000282 0.21896084 4342
1.32000282 0.23487349 4343
1.32000282 0.25187005 4344
1.32000282 0.27002439 4345
1.32000282 0.28941539 4346
1.32000282 0.31012733 4347
1.32000282 0.33225023 4348
1.32000282 0.35588024 4349
1.32000282 0.38112009 4350
1.32000282 0.40807948 4351
1.32000282 0.43687563 4352
1.32000282 0.46763375 4353
1.32000282 0.50048758 4354
1.32000282 0.53557999 4355
1.32000282 0.57306360 4356
1.32000282 0.61310147 4357
1.32000282 0.65586775 4358
1.32000282 0.70154851 4359
1.32000282 0.75034252 4360
1.32000282 0.80246212 4361
1.32000282 0.85813415 4362
1.32000282 0.91760094 4363
1.32000282 0.98112138 4364
1.32000282 1.04897206 4365
1.32000282 1.12144845 4366
1.32000282 1.19886623 4367
1.32000282 1.28156263 4368
1.32000282 1.36989795 4369
1.32000282 1.46425712 4370
1.32000282 1.56505136 4371
1.32000282 1.67272003 4372
1.32000282 1.78773249 4373
1.32000282 1.91059021 4374
1.32000282 2.04182892 4375
1.32000282 2.18202096 4376
1.32000282 2.33177777 4377
1.32000282 2.49175255 4378
1.32000282 2.66264308 4379
1.32000282 2.84519477 4380
1.32000282 3.04020384 4381
1.32000282 3.24852076 4382
1.32000282 3.47105389 4383
1.32000282 3.70877332 4384
1.32000282 3.96271498 4385
1.32000282 4.23398502 4386
1.32000282 4.52376434 4387
1.32000282 4.83331350 4388
1.32000282 5.16397779 4389
1.32000282 5.51719266 4390
1.32000282 5.89448930 4391
1.32000282 6.29750056 4392
1.32000282 6.72796705 4393
1.32000282 7.18774345 4394
1.32000282 7.67880504 4395
1.32000282 8.20325428 4396
1.32000282 8.76332748 4397
1.32000282 9.36140147 4398
1.32000282 10.00000000 4399
1.26733346 0.00000000 4400
1.26733346 0.00100000 4401
1.26733346 0.00206810 4402
1.26733346 0.00320893 4403
1.26733346 0.00442745 4404
1.26733346 0.00572894 4405
1.26733346 0.00711907 4406
1.26733346 0.00860386 4407
1.26733346 0.01018975 4408
1.26733346 0.01188365 4409
1.26733346 0.01369289 4410
1.26733346 0.01562534 4411
1.26733346 0.01768938 4412
1.26733346 0.01989399 4413
1.26733346 0.02224872 4414
1.26733346 0.02476380 4415
1.26733346 0.02745016 4416
1.26733346 0.03031946 4417
1.26733346 0.03338416 4418
1.26733346 0.03665756 4419
1.26733346 0.04015388 4420
1.26733346 0.04388830 4421
1.26733346 0.04787703 4422
1.26733346 0.05213740 4423
1.26733346 0.05668791 4424
1.26733346 0.06154831 4425
1.26733346 0.06673972 4426
1.26733346 0.07228467 4427
1.26733346 0.07820725 4428
1.26733346 0.08453318 4429
1.26733346 0.09128994 4430
1.26733346 0.09850685 4431
1.26733346 0.10621528 4432
1.26733346 0.11444870 4433
1.26733346 0.12324286 4434
1.26733346 0.13263597 4435
1.26733346 0.14266883 4436
1.26733346 0.15338502 4437
1.26733346 0.16483109 4438
1.26733346 0.17705676 4439
1.26733346 0.19011514 4440
1.26733346 0.20406297 4441
1.26733346 0.21896084 4442
1.26733346 0.23487349 4443
1.26733346 0.25187005 4444
1.26733346 0.27002439 4445
1.26733346 0.28941539 4446
1.26733346 0.31012733 4447
1.26733346 0.33225023 4448
1.26733346 0.35588024 4449
1.26733346 0.38112009 4450
1.26733346 0.40807948 4451
1.26733346 0.43687563 4452
1.26733346 0.46763375 4453
1.26733346 0.50048758 4454
1.26733346 0.53557999 4455
1.26733346 0.57306360 4456
1.26733346 0.61310147 4457
1.26733346 0.65586775 4458
1.26733346 0.70154851 4459
1.26733346 0.75034252 4460
1.26733346 0.80246212 4461
1.26733346 0.85813415 4462
1.26733346 0.91760094 4463
1.26733346 0.98112138 4464
1.26733346 1.04897206 4465
1.26733346 1.12144845 4466
1.26733346 1.19886623 4467
1.26733346 1.28156263 4468
1.26733346 1.36989795 4469
1.26733346 1.46425712 4470
1.26733346 1.56505136 4471
1.26733346 1.67272003 4472
1.26733346 1.78773249 4473
1.26733346 1.91059021 4474
1.26733346 2.04182892 4475
1.26733346 2.18202096 4476
1.26733346 2.33177777 4477
1.26733346 2.49175255 4478
1.26733346 2.66264308 4479
1.26733346 2.84519477 4480
1.26733346 3.04020384 4481
1.26733346 3.24852076 4482
1.26733346 3.47105389 4483
1.26733346 3.70877332 4484
1.26733346 3.96271498 4485
1.26733346 4.23398502 4486
1.26733346 4.52376434 4487
1.26733346 4.83331350 4488
1.26733346 5.16397779 4489
1.26733346 5.51719266 4490
1.26733346 5.89448930 4491
1.26733346 6.29750056 4492
1.26733346 6.72796705 4493
1.26733346 7.18774345 4494
1.26733346 7.67880504 4495
1.26733346 8.20325428 4496
1.26733346 8.76332748 4497
1.26733346 9.36140147 4498
1.26733346 10.00000000 4499
1.21717216 0.00000000 4500
1.21717216 0.00100000 4501
1.21717216 0.00206810 4502
1.21717216 0.00320893 4503
1.21717216 0.00442745 4504
1.21717216 0.00572894 4505
1.21717216 0.00711907 4506
1.21717216 0.00860386 4507
1.21717216 0.01018975 4508
1.21717216 0.01188365 4509
1.21717216 0.01369289 4510
1.21717216 0.01562534 4511
1.21717216 0.01768938 4512
1.21717216 0.01989399 4513
1.21717216 0.02224872 4514
1.21717216 0.02476380 4515
1.21717216 0.02745016 4516
1.21717216 0.03031946 4517
1.21717216 0.03338416 4518
1.21717216 0.03665756 4519
1.21717216 0.04015388 4520
1.21717216 0.04388830 4521
1.21717216 0.04787703 4522
1.21717216 0.05213740 4523
1.21717216 0.05668791 4524
1.21717216 0.06154831 4525
1.21717216 0.06673972 4526
1.21717216 0.07228467 4527
1.21717216 0.07820725 4528
1.21717216 0.08453318 4529
1.21717216 0.09128994 4530
1.21717216 0.09850685 4531
1.21717216 0.10621528 4532
1.21717216 0.11444870 4533
1.21717216 0.12324286 4534
1.21717216 0.13263597 4535
1.21717216 0.14266883 4536
1.21717216 0.15338502 4537
1.21717216 0.16483109 4538
1.21717216 0.17705676 4539
1.21717216 0.19011514 4540
1.21717216 0.20406297 4541
1.21717216 0.21896084 4542
1.21717216 0.23487349 4543
1.21717216 0.25187005 4544
1.21717216 0.27002439 4545
1.21717216 0.28941539 4546
1.21717216 0.31012733 4547
1.21717216 0.33225023 4548
1.21717216 0.35588024 4549
1.21717216 0.38112009 4550
1.21717216 0.40807948 4551
1.21717216 0.43687563 4552
1.21717216 0.46763375 4553
1.21717216 0.50048758 4554
1.21717216 0.53557999 4555
1.21717216 0.57306360 4556
1.21717216 0.61310147 4557
1.21717216 0.65586775 4558
1.21717216 0.70154851 4559
1.21717216 0.75034252 4560
1.21717216 0.80246212 4561
1.21717216 0.85813415 4562
1.21717216 0.91760094 4563
1.21717216 0.98112138 4564
1.21717216 1.04897206 4565
1.21717216 1.12144845 4566
1.21717216 1.19886623 4567
1.21717216 1.28156263 4568
1.21717216 1.36989795 4569
1.21717216 1.46425712 4570
1.21717216 1.56505136 4571
1.21717216 1.67272003 4572
1.21717216 1.78773249 4573
1.21717216 1.91059021 4574
1.21717216 2.04182892 4575
1.21717216 2.18202096 4576
1.21717216 2.33177777 4577
1.21717216 2.49175255 4578
1.21717216 2.66264308 4579
1.21717216 2.84519477 4580
1.21717216 3.04020384 4581
1.21717216 3.24852076 4582
1.21717216 3.47105389 4583
1.21717216 3.70877332 4584
1.21717216 3.96271498 4585
1.21717216 4.23398502 4586
1.21717216 4.52376434 4587
1.21717216 4.83331350 4588
1.21717216 5.16397779 4589
1.21717216 5.51719266 4590
1.21717216 5.89448930 4591
1.21717216 6.29750056 4592
1.21717216 6.72796705 4593
1.21717216 7.18774345 4594
1.21717216 7.67880504 4595
1.21717216 8.20325428 4596
1.21717216 8.76332748 4597
1.21717216 9.36140147 4598
1.21717216 10.00000000 4599
1.16939950 0.00000000 4600
1.16939950 0.00100000 4601
1.16939950 0.00206810 4602
1.16939950 0.00320893 4603
1.16939950 0.00442745 4604
1.16939950 0.00572894 4605
1.16939950 0.00711907 4606
1.16939950 0.00860386 4607
1.16939950 0.01018975 4608
1.16939950 0.01188365 4609
1.16939950 0.01369289 4610
1.16939950 0.01562534 4611
1.16939950 0.01768938 4612
1.16939950 0.01989399 4613
1.16939950 0.02224872 4614
1.16939950 0.02476380 4615
1.16939950 0.02745016 4616
1.16939950 0.03031946 4617
1.16939950 0.03338416 4618
1.16939950 0.03665756 4619
1.16939950 0.04015388 4620
1.16939950 0.04388830 4621
1.16939950 0.04787703 4622
1.16939950 0.05213740 4623
1.16939950 0.05668791 4624
1.16939950 0.06154831 4625
1.16939950 0.06673972 4626
1.16939950 0.07228467 4627
1.16939950 0.07820725 4628
1.16939950 0.08453318 4629
1.16939950 0.09128994 4630
1.16939950 0.09850685 4631
1.16939950 0.10621528 4632
1.16939950 0.11444870 4633
1.16939950 0.12324286 4634
1.16939950 0.13263597 4635
1.16939950 0.14266883 4636
1.16939950 0.15338502 4637
1.16939950 0.16483109 4638
1.16939950 0.17705676 4639
1.16939950 0.19011514 4640
1.16939950 0.20406297 4641
1.16939950 0.21896084 4642
1.16939950 0.23487349 4643
1.16939950 0.25187005 4644
1.16939950 0.27002439 4645
1.16939950 0.28941539 4646
1.16939950 0.31012733 4647
1.16939950 0.33225023 4648
1.16939950 0.35588024 4649
1.16939950 0.38112009 4650
1.16939950 0.40807948 4651
1.16939950 0.43687563 4652
1.16939950 0.46763375 4653
1.16939950 0.50048758 4654
1.16939950 0.53557999 4655
1.16939950 0.57306360 4656
1.16939950 0.61310147 4657
1.16939950 0.65586775 4658
1.16939950 0.70154851 4659
1.16939950 0.75034252 4660
1.16939950 0.80246212 4661
1.16939950 0.85813415 4662
1.16939950 0.91760094 4663
1.16939950 0.98112138 4664
1.16939950 1.04897206 4665
1.16939950 1.12144845 4666
1.16939950 1.19886623 4667
1.16939950 1.28156263 4668
1.16939950 1.36989795 4669
1.16939950 1.46425712 4670
1.16939950 1.56505136 4671
1.16939950 1.67272003 4672
1.16939950 1.78773249 4673
1.16939950 1.91059021 4674
1.16939950 2.04182892 4675
1.16939950 2.18202096 4676
1.16939950 2.33177777 4677
1.16939950 2.49175255 4678
1.16939950 2.66264308 4679
1.16939950 2.84519477 4680
1.16939950 3.04020384 4681
1.16939950 3.24852076 4682
1.16939950 3.47105389 4683
1.16939950 3.70877332 4684
1.16939950 3.96271498 4685
1.16939950 4.23398502 4686
1.16939950 4.52376434 4687
1.16939950 4.83331350 4688
1.16939950 5.16397779 4689
1.16939950 5.51719266 4690
1.16939950 5.89448930 4691
1.16939950 6.29750056 4692
1.16939950 6.72796705 4693
1.16939950 7.18774345 4694
1.16939950 7.67880504 4695
1.16939950 8.20325428 4696
1.16939950 8.76332748 4697
1.16939950 9.36140147 4698
1.16939950 10.00000000 4699
1.12390172 0.00000000 4700
1.12390172 0.00100000 4701
1.12390172 0.00206810 4702
1.12390172 0.00320893 4703
1.12390172 0.00442745 4704
1.12390172 0.00572894 4705
1.12390172 0.00711907 4706
1.12390172 0.00860386 4707
1.12390172 0.01018975 4708
1.12390172 0.01188365 4709
1.12390172 0.01369289 4710
1.12390172 0.01562534 4711
1.12390172 0.01768938 4712
1.12390172 0.01989399 4713
1.12390172 0.02224872 4714
1.12390172 0.02476380 4715
1.12390172 0.02745016 4716
1.12390172 0.03031946 4717
1.12390172 0.03338416 4718
1.12390172 0.03665756 4719
1.12390172 0.04015388 4720
1.12390172 0.04388830 4721
1.12390172 0.04787703 4722
1.12390172 0.05213740 4723
1.12390172 0.05668791 4724
1.12390172 0.06154831 4725
1.12390172 0.06673972 4726
1.12390172 0.07228467 4727
1.12390172 0.07820725 4728
1.12390172 0.08453318 4729
1.12390172 0.09128994 4730
1.12390172 0.09850685 4731
1.12390172 0.10621528 4732
1.12390172 0.11444870 4733
1.12390172 0.12324286 4734
1.12390172 0.13263597 4735
1.12390172 0.14266883 4736
1.12390172 0.15338502 4737
1.12390172 0.16483109 4738
1.12390172 0.17705676 4739
1.12390172 0.19011514 4740
1.12390172 0.20406297 4741
1.12390172 0.21896084 4742
1.12390172 0.23487349 4743
1.12390172 0.25187005 4744
1.12390172 0.27002439 4745
1.12390172 0.28941539 4746
1.12390172 0.31012733 4747
1.12390172 0.33225023 4748
1.12390172 0.35588024 4749
1.12390172 0.38112009 4750
1.12390172 0.40807948 4751
1.12390172 0.43687563 4752
1.12390172 0.46763375 4753
1.12390172 0.50048758 4754
1.12390172 0.53557999 4755
1.12390172 0.57306360 4756
1.12390172 0.61310147 4757
1.12390172 0.65586775 4758
1.12390172 0.70154851 4759
1.12390172 0.75034252 4760
1.12390172 0.80246212 4761
1.12390172 0.85813415 4762
1.12390172 0.91760094 4763
1.12390172 0.98112138 4764
1.12390172 1.04897206 4765
1.12390172 1.12144845 4766
1.12390172 1.19886623 4767
1.12390172 1.28156263 4768
1.12390172 1.36989795 4769
1.12390172 1.46425712 4770
1.12390172 1.56505136 4771
1.12390172 1.67272003 4772
1.12390172 1.78773249 4773
1.12390172 1.91059021 4774
1.12390172 2.04182892 4775
1.12390172 2.18202096 4776
1.12390172 2.33177777 4777
1.12390172 2.49175255 4778
1.12390172 2.66264308 4779
1.12390172 2.84519477 4780
1.12390172 3.04020384 4781
1.12390172 3.24852076 4782
1.12390172 3.47105389 4783
1.12390172 3.70877332 4784
1.12390172 3.96271498 4785
1.12390172 4.23398502 4786
1.12390172 4.52376434 4787
1.12390172 4.83331350 4788
1.12390172 5.16397779 4789
1.12390172 5.51719266 4790
1.12390172 5.89448930 4791
1.12390172 6.29750056 4792
1.12390172 6.72796705 4793
1.12390172 7.18774345 4794
1.12390172 7.67880504 4795
1.12390172 8.20325428 4796
1.12390172 8.76332748 4797
1.12390172 9.36140147 4798
1.12390172 10.00000000 4799
1.08057051 0.00000000 4800
1.08057051 0.00100000 4801
1.08057051 0.00206810 4802
1.08057051 0.00320893 4803
1.08057051 0.00442745 4804
1.08057051 0.00572894 4805
1.08057051 0.00711907 4806
1.08057051 0.00860386 4807
1.08057051 0.01018975 4808
1.08057051 0.01188365 4809
1.08057051 0.01369289 4810
1.08057051 0.01562534 4811
1.08057051 0.01768938 4812
1.08057051 0.01989399 4813
1.08057051 0.02224872 4814
1.08057051 0.02476380 4815
1.08057051 0.02745016 4816
1.08057051 0.03031946 4817
1.08057051 0.03338416 4818
1.08057051 0.03665756 4819
1.08057051 0.04015388 4820
1.08057051 0.04388830 4821
1.08057051 0.04787703 4822
1.08057051 0.05213740 4823
1.08057051 0.05668791 4824
1.08057051 0.06154831 4825
1.08057051 0.06673972 4826
1.08057051 0.07228467 4827
1.08057051 0.07820725 4828
1.08057051 0.08453318 4829
1.08057051 0.09128994 4830
1.08057051 0.09850685 4831
1.08057051 0.10621528 4832
1.08057051 0.11444870 4833
1.08057051 0.12324286 4834
1.08057051 0.13263597 4835
1.08057051 0.14266883 4836
1.08057051 0.15338502 4837
1.08057051 0.16483109 4838
1.08057051 0.17705676 4839
1.08057051 0.19011514 4840
1.08057051 0.20406297 4841
1.08057051 0.21896084 4842
1.08057051 0.23487349 4843
1.08057051 0.25187005 4844
1.08057051 0.27002439 4845
1.08057051 0.28941539 4846
1.08057051 0.31012733 4847
1.08057051 0.33225023 4848
1.08057051 0.35588024 4849
1.08057051 0.38112009 4850
1.08057051 0.40807948 4851
1.08057051 0.43687563 4852
1.08057051 0.46763375 4853
1.08057051 0.50048758 4854
1.08057051 0.53557999 4855
1.08057051 0.57306360 4856
1.08057051 0.61310147 4857
1.08057051 0.65586775 4858
1.08057051 0.70154851 4859
1.08057051 0.75034252 4860
1.08057051 0.80246212 4861
1.08057051 0.85813415 4862
1.08057051 0.91760094 4863
1.08057051 0.98112138 4864
1.08057051 1.04897206 4865
1.08057051 1.12144845 4866
1.08057051 1.19886623 4867
1.08057051 1.28156263 4868
1.08057051 1.36989795 4869
1.08057051 1.46425712 4870
1.08057051 1.56505136 4871
1.08057051 1.67272003 4872
1.08057051 1.78773249 4873
1.08057051 1.91059021 4874
1.08057051 2.04182892 4875
1.08057051 2.18202096 4876
1.08057051 2.33177777 4877
1.08057051 2.49175255 4878
1.08057051 2.66264308 4879
1.08057051 2.84519477 4880
1.08057051 3.04020384 4881
1.08057051 3.24852076 4882
1.08057051 3.47105389 4883
1.08057051 3.70877332 4884
1.08057051 3.96271498 4885
1.08057051 4.23398502 4886
1.08057051 4.52376434 4887
1.08057051 4.83331350 4888
1.08057051 5.16397779 4889
1.08057051 5.51719266 4890
1.08057051 5.89448930 4891
1.08057051 6.29750056 4892
1.08057051 6.72796705 4893
1.08057051 7.18774345 4894
1.08057051 7.67880504 4895
1.08057051 8.20325428 4896
1.08057051 8.76332748 4897
1.08057051 9.36140147 4898
1.08057051 10.00000000 4899
1.03930269 0.00000000 4900
1.03930269 0.00100000 4901
1.03930269 0.00206810 4902
1.03930269 0.00320893 4903
1.03930269 0.00442745 4904
1.03930269 0.00572894 4905
1.03930269 0.00711907 4906
1.03930269 0.00860386 4907
1.03930269 0.01018975 4908
1.03930269 0.01188365 4909
1.03930269 0.01369289 4910
1.03930269 0.01562534 4911
1.03930269 0.01768938 4912
1.03930269 0.01989399 4913
1.03930269 0.02224872 4914
1.03930269 0.02476380 4915
1.03930269 0.02745016 4916
1.03930269 0.03031946 4917
1.03930269 0.03338416 4918
1.03930269 0.03665756 4919
1.03930269 0.04015388 4920
1.03930269 0.04388830 4921
1.03930269 0.04787703 4922
1.03930269 0.05213740 4923
1.03930269 0.05668791 4924
1.03930269 0.06154831 4925
1.03930269 0.06673972 4926
1.03930269 0.07228467 4927
1.03930269 0.07820725 4928
1.03930269 0.08453318 4929
1.03930269 0.09128994 4930
1.03930269 0.09850685 4931
1.03930269 0.10621528 4932
1.03930269 0.11444870 4933
1.03930269 0.12324286 4934
1.03930269 0.13263597 4935
1.03930269 0.14266883 4936
1.03930269 0.15338502 4937
1.03930269 0.16483109 4938
1.03930269 0.17705676 4939
1.03930269 0.19011514 4940
1.03930269 0.20406297 4941
1.03930269 0.21896084 4942
1.03930269 0.23487349 4943
1.03930269 0.25187005 4944
1.03930269 0.27002439 4945
1.03930269 0.28941539 4946
1.03930269 0.31012733 4947
1.03930269 0.33225023 4948
1.03930269 0.35588024 4949
1.03930269 0.38112009 4950
1.03930269 0.40807948 4951
1.03930269 0.43687563 4952
1.03930269 0.46763375 4953
1.03930269 0.50048758 4954
1.03930269 0.53557999 4955
1.03930269 0.57306360 4956
1.03930269 0.61310147 4957
1.03930269 0.65586775 4958
1.03930269 0.70154851 4959
1.03930269 0.75034252 4960
1.03930269 0.80246212 4961
1.03930269 0.85813415 4962
1.03930269 0.91760094 4963
1.03930269 0.98112138 4964
1.03930269 1.04897206 4965
1.03930269 1.12144845 4966
1.03930269 1.19886623 4967
1.03930269 1.28156263 4968
1.03930269 1.36989795 4969
1.03930269 1.46425712 4970
1.03930269 1.56505136 4971
1.03930269 1.67272003 4972
1.03930269 1.78773249 4973
1.03930269 1.91059021 4974
1.03930269 2.04182892 4975
1.03930269 2.18202096 4976
1.03930269 2.33177777 4977
1.03930269 2.49175255 4978
1.03930269 2.66264308 4979
1.03930269 2.84519477 4980
1.03930269 3.04020384 4981
1.03930269 3.24852076 4982
1.03930269 3.47105389 4983
1.03930269 3.70877332 4984
1.03930269 3.96271498 4985
1.03930269 4.23398502 4986
1.03930269 4.52376434 4987
1.03930269 4.83331350 4988
1.03930269 5.16397779 4989
1.03930269 5.51719266 4990
1.03930269 5.89448930 4991
1.03930269 6.29750056 4992
1.03930269 6.72796705 4993
1.03930269 7.18774345 4994
1.03930269 7.67880504 4995
1.03930269 8.20325428 4996
1.03930269 8.76332748 4997
1.03930269 9.36140147 4998
1.03930269 10.00000000 4999
1.00000000 0.00000000 5000
1.00000000 0.00100000 5001
1.00000000 0.00206810 5002
1.00000000 0.00320893 5003
1.00000000 0.00442745 5004
1.00000000 0.00572894 5005
1.00000000 0.00711907 5006
1.00000000 0.00860386 5007
1.00000000 0.01018975 5008
1.00000000 0.01188365 5009
1.00000000 0.01369289 5010
1.00000000 0.01562534 5011
1.00000000 0.01768938 5012
1.00000000 0.01989399 5013
1.00000000 0.02224872 5014
1.00000000 0.02476380 5015
1.00000000 0.02745016 5016
1.00000000 0.03031946 5017
1.00000000 0.03338416 5018
1.00000000 0.03665756 5019
1.00000000 0.04015388 5020
1.00000000 0.04388830 5021
1.00000000 0.04787703 5022
1.00000000 0.05213740 5023
1.00000000 0.05668791 5024
1.00000000 0.06154831 5025
1.00000000 0.06673972 5026
1.00000000 0.07228467 5027
1.00000000 0.07820725 5028
1.00000000 0.08453318 5029
1.00000000 0.09128994 5030
1.00000000 0.09850685 5031
1.00000000 0.10621528 5032
1.00000000 0.11444870 5033
1.00000000 0.12324286 5034
1.00000000 0.13263597 5035
1.00000000 0.14266883 5036
1.00000000 0.15338502 5037
1.00000000 0.16483109 5038
1.00000000 0.17705676 5039
1.00000000 0.19011514 5040
1.00000000 0.20406297 5041
1.00000000 0.21896084 5042
1.00000000 0.23487349 5043
1.00000000 0.25187005 5044
1.00000000 0.27002439 5045
1.00000000 0.28941539 5046
1.00000000 0.31012733 5047
1.00000000 0.33225023 5048
1.00000000 0.35588024 5049
1.00000000 0.38112009 5050
1.00000000 0.40807948 5051
1.00000000 0.43687563 5052
1.00000000 0.46763375 5053
1.00000000 0.50048758 5054
1.00000000 0.53557999 5055
1.00000000 0.57306360 5056
1.00000000 0.61310147 5057
1.00000000 0.65586775 5058
1.00000000 0.70154851 5059
1.00000000 0.75034252 5060
1.00000000 0.80246212 5061
1.00000000 0.85813415 5062
1.00000000 0.91760094 5063
1.00000000 0.98112138 5064
1.00000000 1.04897206 5065
1.00000000 1.12144845 5066
1.00000000 1.19886623 5067
1.00000000 1.28156263 5068
1.00000000 1.36989795 5069
1.00000000 1.46425712 5070
1.00000000 1.56505136 5071
1.00000000 1.67272003 5072
1.00000000 1.78773249 5073
1.00000000 1.91059021 5074
1.00000000 2.04182892 5075
1.00000000 2.18202096 5076
1.00000000 2.33177777 5077
1.00000000 2.49175255 5078
1.00000000 2.66264308 5079
1.00000000 2.84519477 5080
1.00000000 3.04020384 5081
1.00000000 3.24852076 5082
1.00000000 3.47105389 5083
1.00000000 3.70877332 5084
1.00000000 3.96271498 5085
1.00000000 4.23398502 5086
1.00000000 4.52376434 5087
1.00000000 4.83331350 5088
1.00000000 5.16397779 5089
1.00000000 5.51719266 5090
1.00000000 5.89448930 5091
1.00000000 6.29750056 5092
1.00000000 6.72796705 5093
1.00000000 7.18774345 5094
1.00000000 7.67880504 5095
1.00000000 8.20325428 5096
1.00000000 8.76332748 5097
1.00000000 9.36140147 5098
1.00000000 10.00000000 5099
0.96382414 0.01536257 5100
0.96384948 0.01636225 5101
0.96387650 0.01743000 5102
0.96390533 0.01857046 5103
0.96393606 0.01978859 5104
0.96396884 0.02108966 5105
0.96400378 0.02247934 5106
0.96404102 0.02396364 5107
0.96408072 0.02554902 5108
0.96412303 0.02724236 5109
0.96416811 0.02905101 5110
0.96421614 0.03098282 5111
0.96426730 0.03304619 5112
0.96432178 0.03525006 5113
0.96437979 0.03760401 5114
0.96444154 0.04011826 5115
0.96450725 0.04280373 5116
0.96457717 0.04567206 5117
0.96465154 0.04873572 5118
0.96473063 0.05200802 5119
0.96481469 0.05550315 5120
0.96490402 0.05923629 5121
0.96499891 0.06322365 5122
0.96509967 0.06748255 5123
0.96520661 0.07203147 5124
0.96532005 0.07689017 5125
0.96544033 0.08207975 5126
0.96556780 0.08762273 5127
0.96570280 0.09354319 5128
0.96584568 0.09986684 5129
0.96599680 0.10662113 5130
0.96615652 0.11383539 5131
0.96632516 0.12154096 5132
0.96650309 0.12977129 5133
0.96669062 0.13856212 5134
0.96688805 0.14795163 5135
0.96709566 0.15798060 5136
0.96731368 0.16869258 5137
0.96754232 0.18013408 5138
0.96778171 0.19235481 5139
0.96803190 0.20540784 5140
0.96829288 0.21934986 5141
0.96856450 0.23424143 5142
0.96884653 0.25014722 5143
0.96913854 0.26713634 5144
0.96943994 0.28528257 5145
0.96974993 0.30466475 5146
0.97006746 0.32536706 5147
0.97039118 0.34747946 5148
0.97071939 0.37109801 5149
0.97105001 0.39632532 5150
0.97138049 0.42327100 5151
0.97170773 0.45205214 5152
0.97202803 0.48279380 5153
0.97233696 0.51562958 5154
0.97262928 0.55070217 5155
0.97289879 0.58816401 5156
0.97313824 0.62817793 5157
0.97333912 0.67091784 5158
0.97349152 0.71656955 5159
0.97358392 0.76533152 5160
0.97360299 0.81741576 5161
0.97353333 0.87304873 5162
0.97335720 0.93247234 5163
0.97305420 0.99594503 5164
0.97260098 1.06374285 5165
0.97197084 1.13616069 5166
0.97113331 1.21351357 5167
0.97005373 1.29613801 5168
0.96869278 1.38439350 5169
0.96700593 1.47866406 5170
0.96494291 1.57935992 5171
0.96244708 1.68691932 5172
0.95945489 1.80181041 5173
0.95589517 1.92453328 5174
0.95168854 2.05562218 5175
0.94674677 2.19564778 5176
0.94097218 2.34521971 5177
0.93425715 2.50498918 5178
0.92648370 2.67565184 5179
0.91752329 2.85795072 5180
0.90723682 3.05267952 5181
0.89547501 3.26068600 5182
0.88207927 3.48287562 5183
0.86688314 3.72021544 5184
0.84971465 3.97373824 5185
0.83039970 4.24454690 5186
0.80876689 4.53381907 5187
0.78465416 4.84281214 5188
0.75791773 5.17286843 5189
0.72844407 5.52542077 5190
0.69616548 5.90199836 5191
0.66108055 6.30423289 5192
0.62328042 6.73386509 5193
0.58298262 7.19275148 5194
0.54057410 7.68287153 5195
0.49666597 8.20633497 5196
0.45216273 8.76538952 5197
0.40834947 9.36242873 5198
0.36700141 10.00000000 5199
0.92389824 0.02783310 5200
0.92394557 0.02883197 5201
0.92399606 0.02989887 5202
0.92404989 0.03103842 5203
0.92410730 0.03225556 5204
0.92416851 0.03355559 5205
0.92423376 0.03494414 5206
0.92430331 0.03642725 5207
0.92437744 0.03801135 5208
0.92445643 0.03970332 5209
0.92454058 0.04151050 5210
0.92463022 0.04344075 5211
0.92472570 0.04550243 5212
0.92482736 0.04770451 5213
0.92493558 0.05005654 5214
0.92505077 0.05256873 5215
0.92517333 0.05525199 5216
0.92530371 0.05811797 5217
0.92544236 0.06117911 5218
0.92558976 0.06444870 5219
0.92574642 0.06794093 5220
0.92591284 0.07167097 5221
0.92608957 0.07565501 5222
0.92627717 0.07991034 5223
0.92647621 0.08445544 5224
0.92668730 0.08931004 5225
0.92691102 0.09449522 5226
0.92714801 0.10003349 5227
0.92739889 0.10594889 5228
0.92766430 0.11226710 5229
0.92794486 0.11901556 5230
0.92824120 0.12622356 5231
0.92855392 0.13392239 5232
0.92888363 0.14214548 5233
0.92923086 0.15092852 5234
0.92959613 0.16030966 5235
0.92997989 0.17032961 5236
0.93038251 0.18103188 5237
0.93080426 0.19246294 5238
0.93124530 0.20467240 5239
0.93170562 0.21771327 5240
0.93218505 0.23164219 5241
0.93268321 0.24651960 5242
0.93319944 0.26241011 5243
0.93373279 0.27938271 5244
0.93428194 0.29751108 5245
0.93484514 0.31687392 5246
0.93542014 0.33755531 5247
0.93600410 0.35964503 5248
0.93659350 0.38323899 5249
0.93718403 0.40843961 5250
0.93777045 0.43535632 5251
0.93834646 0.46410598 5252
0.93890451 0.49481340 5253
0.93943566 0.52761191 5254
0.93992934 0.56264391 5255
0.94037309 0.60006149 5256
0.94075235 0.64002712 5257
0.94105008 0.68271432 5258
0.94124650 0.72830841 5259
0.94131864 0.77700738 5260
0.94123994 0.82902265 5261
0.94097977 0.88458007 5262
0.94050288 0.94392086 5263
0.93976882 1.00730268 5264
0.93873129 1.07500073 5265
0.93733739 1.14730894 5266
0.93552683 1.22454129 5267
0.93323107 1.30703311 5268
0.93037239 1.39514260 5269
0.92686282 1.48925233 5270
0.92260311 1.58977093 5271
0.91748153 1.69713489 5272
0.91137269 1.81181038 5273
0.90413629 1.93429536 5274
0.89561585 2.06512169 5275
0.88563751 2.20485744 5276
0.87400886 2.35410940 5277
0.86051793 2.51352565 5278
0.84493240 2.68379843 5279
0.82699917 2.86566712 5280
0.80644438 3.05992144 5281
0.78297415 3.26740489 5282
0.75627624 3.48901843 5283
0.72602290 3.72572433 5284
0.69187544 3.97855040 5285
0.65349085 4.24859441 5286
0.61053125 4.53702888 5287
0.56267681 4.84510611 5288
0.50964334 5.17416363 5289
0.45120551 5.52562999 5290
0.38722755 5.90103093 5291
0.31770303 6.30199596 5292
0.24280638 6.73026537 5293
0.16295895 7.18769778 5294
0.07891322 7.67627810 5295
-0.00814011 8.19812604 5296
-0.09643678 8.75550525 5297
-0.18346843 9.35083295 5298
-0.26576823 9.98669030 5299
0.88109271 0.03975135 5300
0.88115813 0.04074920 5301
0.88122789 0.04181500 5302
0.88130228 0.04295338 5303
0.88138160 0.04416927 5304
0.88146615 0.04546795 5305
0.88155628 0.04685506 5306
0.88165234 0.04833662 5307
0.88175470 0.04991907 5308
0.88186376 0.05160926 5309
0.88197994 0.05341455 5310
0.88210368 0.05534275 5311
0.88223544 0.05740226 5312
0.88237571 0.05960199 5313
0.88252502 0.06195150 5314
0.88268389 0.06446099 5315
0.88285290 0.06714135 5316
0.88303264 0.07000422 5317
0.88322374 0.07306201 5318
0.88342684 0.07632800 5319
0.88364262 0.07981637 5320
0.88387177 0.08354224 5321
0.88411504 0.08752180 5322
0.88437317 0.09177231 5323
0.88464693 0.09631222 5324
0.88493711 0.10116123 5325
0.88524452 0.10634038 5326
0.88556999 0.11187214 5327
0.88591433 0.11778051 5328
0.88627838 0.12409114 5329
0.88666295 0.13083139 5330
0.88706885 0.13803052 5331
0.88749684 0.14571976 5332
0.88794766 0.15393246 5333
0.88842198 0.16270425 5334
0.88892041 0.17207318 5335
0.88944343 0.18207989 5336
0.88999144 0.19276777 5337
0.89056464 0.20418318 5338
0.89116308 0.21637563 5339
0.89178656 0.22939799 5340
0.89243462 0.24330672 5341
0.89310643 0.25816212 5342
0.89380082 0.27402861 5343
0.89451613 0.29097495 5344
0.89525013 0.30907460 5345
0.89599998 0.32840602 5346
0.89676206 0.34905296 5347
0.89753189 0.37110491 5348
0.89830396 0.39465739 5349
0.89907155 0.41981245 5350
0.89982660 0.44667904 5351
0.90055944 0.47537351 5352
0.90125858 0.50602012 5353
0.90191042 0.53875156 5354
0.90249895 0.57370951 5355
0.90300540 0.61104527 5356
0.90340784 0.65092041 5357
0.90368071 0.69350744 5358
0.90379435 0.73899058 5359
0.90371445 0.78756652 5360
0.90340134 0.83944530 5361
0.90280938 0.89485118 5362
0.90188611 0.95402360 5363
0.90057141 1.01721823 5364
0.89879650 1.08470805 5365
0.89648291 1.15678452 5366
0.89354131 1.23375881 5367
0.88987018 1.31596318 5368
0.88535449 1.40375233 5369
0.87986418 1.49750499 5370
0.87325253 1.59762550 5371
0.86535451 1.70454554 5372
0.85598499 1.81872602 5373
0.84493690 1.94065900 5374
0.83197941 2.07086986 5375
0.81685611 2.20991953 5376
0.79928334 2.35840694 5377
0.77894866 2.51697156 5378
0.75550972 2.68629627 5379
0.72859360 2.86711025 5380
0.69779681 3.06019225 5381
0.66268642 3.26637397 5382
0.62280239 3.48654384 5383
0.57766181 3.72165095 5384
0.52676549 3.97270938 5385
0.46960768 4.24080285 5386
0.40568980 4.52708981 5387
0.33453943 4.83280888 5388
0.25573589 5.15928487 5389
0.16894427 5.50793526 5390
0.07396018 5.88027743 5391
-0.02923196 6.27793648 5392
-0.14038370 6.70265394 5393
-0.25888601 7.15629740 5394
-0.38364606 7.64087128 5395
-0.51293076 8.15852878 5396
-0.64416888 8.71158540 5397
-0.77370161 9.30253420 5398
-0.89646927 9.93406303 5399
0.83544752 0.05176093 5400
0.83552750 0.05275772 5401
0.83561279 0.05382238 5402
0.83570373 0.05495953 5403
0.83580068 0.05617410 5404
0.83590403 0.05747138 5405
0.83601417 0.05885697 5406
0.83613154 0.06033691 5407
0.83625659 0.06191762 5408
0.83638981 0.06360594 5409
0.83653170 0.06540921 5410
0.83668279 0.06733526 5411
0.83684365 0.06939243 5412
0.83701487 0.07158966 5413
0.83719706 0.07393648 5414
0.83739089 0.07644308 5415
0.83759703 0.07912031 5416
0.83781620 0.08197981 5417
0.83804914 0.08503398 5418
0.83829663 0.08829605 5419
0.83855949 0.09178019 5420
0.83883853 0.09550151 5421
0.83913464 0.09947613 5422
0.83944869 0.10372131 5423
0.83978161 0.10825545 5424
0.84013431 0.11309821 5425
0.84050775 0.11827058 5426
0.84090287 0.12379499 5427
0.84132063 0.12969539 5428
0.84176198 0.13599736 5429
0.84222784 0.14272820 5430
0.84271910 0.14991708 5431
0.84323663 0.15759517 5432
0.84378119 0.16579571 5433
0.84435348 0.17455423 5434
0.84495411 0.18390867 5435
0.84558350 0.19389955 5436
0.84624194 0.20457011 5437
0.84692948 0.21596656 5438
0.84764592 0.22813821 5439
0.84839075 0.24113775 5440
0.84916306 0.25502142 5441
0.84996152 0.26984928 5442
0.85078426 0.28568544 5443
0.85162877 0.30259837 5444
0.85249181 0.32066119 5445
0.85336929 0.33995193 5446
0.85425611 0.36055395 5447
0.85514598 0.38255619 5448
0.85603126 0.40605366 5449
0.85690274 0.43114775 5450
0.85774940 0.45794671 5451
0.85855809 0.48656612 5452
0.85931328 0.51712932 5453
0.85999664 0.54976800 5454
0.86058668 0.58462272 5455
0.86105824 0.62184351 5456
0.86138205 0.66159050 5457
0.86152405 0.70403460 5458
0.86144482 0.74935820 5459
0.86109876 0.79775597 5460
0.86043337 0.84943566 5461
0.85938821 0.90461894 5462
0.85789396 0.96354237 5463
0.85587126 1.02645838 5464
0.85322943 1.09363629 5465
0.84986510 1.16536347 5466
0.84566067 1.24194654 5467
0.84048267 1.32371260 5468
0.83417990 1.41101065 5469
0.82658156 1.50421300 5470
0.81749509 1.60371688 5471
0.80670398 1.70994602 5472
0.79396548 1.82335249 5473
0.77900821 1.94441860 5474
0.76152974 2.07365887 5475
0.74119427 2.21162232 5476
0.71763037 2.35889472 5477
0.69042909 2.51610118 5478
0.65914235 2.68390885 5479
0.62328218 2.86302986 5480
0.58232067 3.05422454 5481
0.53569135 3.25830486 5482
0.48279232 3.47613823 5483
0.42299164 3.70865165 5484
0.35563591 3.95683623 5485
0.28006285 4.22175223 5486
0.19561915 4.50453462 5487
0.10168506 4.80639928 5488
-0.00229241 5.12864998 5489
-0.11675532 5.47268614 5490
-0.24197668 5.84001175 5491
-0.37798483 6.23224545 5492
-0.52446578 6.65113210 5493
-0.68063783 7.09855615 5494
-0.84509164 7.57655704 5495
-1.01558701 8.08734728 5496
-1.18879601 8.63333348 5497
-1.35997907 9.21714126 5498
-1.52257810 9.84164452 5499
0.78687731 0.06386451 5500
0.78696865 0.06486032 5501
0.78706604 0.06592392 5502
0.78716987 0.06705994 5503
0.78728055 0.06827329 5504
0.78739851 0.06956926 5505
0.78752422 0.07095345 5506
0.78765816 0.07243187 5507
0.78780084 0.07401094 5508
0.78795281 0.07569750 5509
0.78811463 0.07749888 5510
0.78828692 0.07942288 5511
0.78847031 0.08147785 5512
0.78866546 0.08367270 5513
0.78887306 0.08601695 5514
0.78909387 0.08852076 5515
0.78932863 0.09119500 5516
0.78957815 0.09405124 5517
0.78984327 0.09710188 5518
0.79012484 0.10036013 5519
0.79042377 0.10384013 5520
0.79074098 0.10755694 5521
0.79107743 0.11152668 5522
0.79143409 0.11576655 5523
0.79181196 0.12029490 5524
0.79221206 0.12513135 5525
0.79263541 0.13029686 5526
0.79308303 0.13581377 5527
0.79355595 0.14170598 5528
0.79405515 0.14799900 5529
0.79458161 0.15472004 5530
0.79513622 0.16189819 5531
0.79571985 0.16956450 5532
0.79633324 0.17775212 5533
0.79697703 0.18649645 5534
0.79765171 0.19583527 5535
0.79835757 0.20580895 5536
0.79909470 0.21646055 5537
0.79986287 0.22783608 5538
0.80066155 0.23998464 5539
0.80148979 0.25295864 5540
0.80234617 0.26681404 5541
0.80322870 0.28161057 5542
0.80413470 0.29741200 5543
0.80506072 0.31428639 5544
0.80600239 0.33230637 5545
0.80695424 0.35154948 5546
0.80790957 0.37209847 5547
0.80886019 0.39404164 5548
0.80979623 0.41747324 5549
0.81070589 0.44249383 5550
0.81157508 0.46921071 5551
0.81238713 0.49773838 5552
0.81312237 0.52819898 5553
0.81375772 0.56072283 5554
0.81426618 0.59544895 5555
0.81461624 0.63252565 5556
0.81477128 0.67211107 5557
0.81468887 0.71437394 5558
0.81431990 0.75949416 5559
0.81360775 0.80766358 5560
0.81248724 0.85908679 5561
0.81088351 0.91398191 5562
0.80871077 0.97258149 5563
0.80587093 1.03513344 5564
0.80225200 1.10190205 5565
0.79772648 1.17316898 5566
0.79214940 1.24923448 5567
0.78535635 1.33041851 5568
0.77716128 1.41706206 5569
0.76735405 1.50952851 5570
0.75569794 1.60820510 5571
0.74192694 1.71350444 5572
0.72574291 1.82586625 5573
0.70681269 1.94575909 5574
0.68476515 2.07368233 5575
0.65918833 2.21016818 5576
0.62962671 2.35578398 5577
0.59557883 2.51113459 5578
0.55649543 2.67686509 5579
0.51177836 2.85366362 5580
0.46078062 3.04226459 5581
0.40280797 3.24345219 5582
0.33712270 3.45806430 5583
0.26295020 3.68699680 5584
0.17948937 3.93120854 5585
0.08592786 4.19172679 5586
-0.01853619 4.46965361 5587
-0.13466431 4.76617305 5588
-0.26313730 5.08255946 5589
-0.40450152 5.42018723 5590
-0.55909826 5.78054204 5591
-0.72697175 6.16523418 5592
-0.90775037 6.57601423 5593
-1.10049416 7.01479171 5594
-1.30350027 7.48365728 5595
-1.51405584 7.98490938 5596
-1.72812539 8.52108621 5597
-1.93995690 9.09500426 5598
-2.14158680 9.70980497 5599
0.73729624 0.07564041 5600
0.73739490 0.07663552 5601
0.73750008 0.07769836 5602
0.73761220 0.07883356 5603
0.73773169 0.08004603 5604
0.73785902 0.08134103 5605
0.73799469 0.08272419 5606
0.73813921 0.08420149 5607
0.73829314 0.08577934 5608
0.73845705 0.08746459 5609
0.73863155 0.08926453 5610
0.73881728 0.09118698 5611
0.73901493 0.09324026 5612
0.73922518 0.09543328 5613
0.73944879 0.09777553 5614
0.73968652 0.10027716 5615
0.73993920 0.10294902 5616
0.74020765 0.10580267 5617
0.74049274 0.10885048 5618
0.74079540 0.11210563 5619
0.74111655 0.11558223 5620
0.74145714 0.11929533 5621
0.74181818 0.12326099 5622
0.74220066 0.12749637 5623
0.74260561 0.13201979 5624
0.74303405 0.13685082 5625
0.74348701 0.14201035 5626
0.74396551 0.14752067 5627
0.74447055 0.15340561 5628
0.74500309 0.15969058 5629
0.74556404 0.16640272 5630
0.74615423 0.17357102 5631
0.74677442 0.18122640 5632
0.74742521 0.18940189 5633
0.74810708 0.19813274 5634
0.74882028 0.20745658 5635
0.74956487 0.21741358 5636
0.75034058 0.22804661 5637
0.75114681 0.23940141 5638
0.75198256 0.25152684 5639
0.75284629 0.26447500 5640
0.75373592 0.27830151 5641
0.75464866 0.29306571 5642
0.75558089 0.30883094 5643
0.75652806 0.32566475 5644
0.75748451 0.34363922 5645
0.75844325 0.36283126 5646
0.75939582 0.38332290 5647
0.76033200 0.40520163 5648
0.76123955 0.42856077 5649
0.76210392 0.45349984 5650
0.76290785 0.48012497 5651
0.76363103 0.50854933 5652
0.76424957 0.53889354 5653
0.76473556 0.57128623 5654
0.76505643 0.60586448 5655
0.76517431 0.64277440 5656
0.76504530 0.68217170 5657
0.76461861 0.72422229 5658
0.76383561 0.76910293 5659
0.76262881 0.81700192 5660
0.76092064 0.86811983 5661
0.75862216 0.92267026 5662
0.75563158 0.98088067 5663
0.75183263 1.04299321 5664
0.74709275 1.10926571 5665
0.74126111 1.17997258 5666
0.73416644 1.25540589 5667
0.72561465 1.33587646 5668
0.71538620 1.42171503 5669
0.70323338 1.51327349 5670
0.68887729 1.61092627 5671
0.67200467 1.71507169 5672
0.65226465 1.82613357 5673
0.62926529 1.94456280 5674
0.60257016 2.07083918 5675
0.57169499 2.20547333 5676
0.53610449 2.34900879 5677
0.49520953 2.50202435 5678
0.44836494 2.66513659 5679
0.39486825 2.83900269 5680
0.33395969 3.02432364 5681
0.26482408 3.22184778 5682
0.18659511 3.43237484 5683
0.09836305 3.65676063 5684
-0.00081322 3.89592233 5685
-0.11188845 4.15084472 5686
-0.23580574 4.42258749 5687
-0.37346185 4.71229374 5688
-0.52566017 5.02120020 5689
-0.69304817 5.35064928 5690
-0.87603522 5.70210362 5691
-1.07468547 6.07716353 5692
-1.28857951 6.47758807 5693
-1.51663686 6.90532065 5694
-1.75688938 7.36252007 5695
-2.00619344 7.85159842 5696
-2.25986595 8.37526732 5697
-2.51122551 8.93659439 5698
-2.75101591 9.53907247 5699
0.68754876 0.08669495 5700
0.68765010 0.08768978 5701
0.68775811 0.08875232 5702
0.68787322 0.08988718 5703
0.68799588 0.09109928 5704
0.68812656 0.09239388 5705
0.68826576 0.09377658 5706
0.68841400 0.09525338 5707
0.68857184 0.09683067 5708
0.68873987 0.09851530 5709
0.68891870 0.10031455 5710
0.68910897 0.10223623 5711
0.68931136 0.10428866 5712
0.68952658 0.10648071 5713
0.68975537 0.10882189 5714
0.68999850 0.11132233 5715
0.69025677 0.11399285 5716
0.69053102 0.11684500 5717
0.69082210 0.11989113 5718
0.69113091 0.12314440 5719
0.69145835 0.12661888 5720
0.69180536 0.13032960 5721
0.69217290 0.13429258 5722
0.69256192 0.13852496 5723
0.69297339 0.14304499 5724
0.69340828 0.14787221 5725
0.69386752 0.15302744 5726
0.69435206 0.15853291 5727
0.69486276 0.16441237 5728
0.69540047 0.17069115 5729
0.69596593 0.17739631 5730
0.69655979 0.18455671 5731
0.69718258 0.19220316 5732
0.69783466 0.20036855 5733
0.69851621 0.20908796 5734
0.69922713 0.21839886 5735
0.69996708 0.22834120 5736
0.70073531 0.23895761 5737
0.70153070 0.25029359 5738
0.70235160 0.26239767 5739
0.70319576 0.27532163 5740
0.70406026 0.28912069 5741
0.70494134 0.30385376 5742
0.70583428 0.31958365 5743
0.70673325 0.33637736 5744
0.70763112 0.35430633 5745
0.70851923 0.37344671 5746
0.70938717 0.39387969 5747
0.71022253 0.41569183 5748
0.71101054 0.43897536 5749
0.71173373 0.46382857 5750
0.71237156 0.49035620 5751
0.71289991 0.51866982 5752
0.71329060 0.54888829 5753
0.71351079 0.58113818 5754
0.71352230 0.61555428 5755
0.71328088 0.65228009 5756
0.71273537 0.69146836 5757
0.71182670 0.73328164 5758
0.71048688 0.77789292 5759
0.70863775 0.82548621 5760
0.70618969 0.87625723 5761
0.70304005 0.93041413 5762
0.69907157 0.98817817 5763
0.69415045 1.04978459 5764
0.68812437 1.11548335 5765
0.68082019 1.18554005 5766
0.67204149 1.26023684 5767
0.66156589 1.33987342 5768
0.64914209 1.42476804 5769
0.63448673 1.51525862 5770
0.61728099 1.61170397 5771
0.59716704 1.71448497 5772
0.57374426 1.82400602 5773
0.54656538 1.94069646 5774
0.51513262 2.06501219 5775
0.47889384 2.19743740 5776
0.43723889 2.33848657 5777
0.38949652 2.48870657 5778
0.33493178 2.64867911 5779
0.27274456 2.81902351 5780
0.20206964 3.00039984 5781
0.12197868 3.19351255 5782
0.03148510 3.39911472 5783
-0.07044728 3.61801308 5784
-0.18489076 3.85107386 5785
-0.31293366 4.09922991 5786
-0.45565197 4.36348913 5787
-0.61407013 4.64494472 5788
-0.78910810 4.94478758 5789
-0.98151080 5.26432143 5790
-1.19175544 5.60498127 5791
-1.41993071 5.96835602 5792
-1.66558077 6.35621630 5793
-1.92750497 6.77054857 5794
-2.20350224 7.21359719 5795
-2.49004646 7.68791622 5796
-2.78187572 8.19643329 5797
-3.07147473 8.74252837 5798
-3.34842436 9.33013088 5799
0.63754737 0.09654499 5800
0.63764622 0.09754006 5801
0.63775156 0.09860285 5802
0.63786379 0.09973797 5803
0.63798334 0.10095032 5804
0.63811066 0.10224517 5805
0.63824624 0.10362813 5806
0.63839057 0.10510517 5807
0.63854419 0.10668271 5808
0.63870765 0.10836756 5809
0.63888152 0.11016702 5810
0.63906644 0.11208889 5811
0.63926302 0.11414147 5812
0.63947195 0.11633365 5813
0.63969390 0.11867490 5814
0.63992960 0.12117535 5815
0.64017979 0.12384580 5816
0.64044525 0.12669781 5817
0.64072676 0.12974369 5818
0.64102513 0.13299658 5819
0.64134119 0.13647054 5820
0.64167577 0.14018056 5821
0.64202971 0.14414264 5822
0.64240385 0.14837387 5823
0.64279902 0.15289247 5824
0.64321603 0.15771792 5825
0.64365566 0.16287099 5826
0.64411864 0.16837385 5827
0.64460563 0.17425017 5828
0.64511722 0.18052521 5829
0.64565390 0.18722590 5830
0.64621600 0.19438102 5831
0.64680371 0.20202124 5832
0.64741701 0.21017930 5833
0.64805561 0.21889013 5834
0.64871897 0.22819098 5835
0.64940614 0.23812158 5836
0.65011579 0.24872434 5837
0.65084607 0.26004444 5838
0.65159453 0.27213010 5839
0.65235804 0.28503270 5840
0.65313266 0.29880705 5841
0.65391347 0.31351155 5842
0.65469448 0.32920847 5843
0.65546837 0.34596416 5844
0.65622637 0.36384932 5845
0.65695794 0.38293928 5846
0.65765057 0.40331427 5847
0.65828944 0.42505977 5848
0.65885708 0.44826678 5849
0.65933296 0.47303219 5850
0.65969308 0.49945914 5851
0.65990942 0.52765739 5852
0.65994935 0.55774374 5853
0.65977505 0.58984241 5854
0.65934268 0.62408553 5855
0.65860161 0.66061358 5856
0.65749344 0.69957588 5857
0.65595097 0.74113110 5858
0.65389699 0.78544781 5859
0.65124297 0.83270506 5860
0.64788756 0.88309292 5861
0.64371493 0.93681314 5862
0.63859291 0.99407982 5863
0.63237098 1.05512002 5864
0.62487797 1.12017456 5865
0.61591956 1.18949870 5866
0.60527559 1.26336297 5867
0.59269699 1.34205402 5868
0.57790262 1.42587544 5869
0.56057571 1.51514874 5870
0.54036016 1.61021435 5871
0.51685652 1.71143268 5872
0.48961793 1.81918526 5873
0.45814574 1.93387607 5874
0.42188528 2.05593284 5875
0.38022157 2.18580868 5876
0.33247534 2.32398378 5877
0.27789946 2.47096739 5878
0.21567618 2.62730015 5879
0.14491544 2.79355671 5880
0.06465481 2.97034889 5881
-0.02613825 3.15832937 5882
-0.12856110 3.35819624 5883
-0.24376655 3.57069833 5884
-0.37294792 3.79664185 5885
-0.51731709 4.03689844 5886
-0.67807331 4.29241505 5887
-0.85636012 4.56422618 5888
-1.05320710 4.85346895 5889
-1.26945237 5.16140183 5890
-1.50564057 5.48942782 5891
-1.76189002 5.83912322 5892
-2.03772107 6.21227337 5893
-2.33183578 6.61091706 5894
-2.64183661 7.03740161 5895
-2.96386923 7.49445127 5896
-3.29217057 7.98525210 5897
-3.61849911 8.51355719 5898
-3.93141919 9.08381713 5899
0.58728367 0.10494157 5900
0.58737431 0.10593742 5901
0.58747086 0.10700102 5902
0.58757368 0.10813699 5903
0.58768315 0.10935025 5904
0.58779969 0.11064603 5905
0.58792371 0.11202997 5906
0.58805565 0.11350803 5907
0.58819600 0.11508663 5908
0.58834524 0.11677258 5909
0.58850388 0.11857318 5910
0.58867244 0.12049622 5911
0.58885150 0.12255000 5912
0.58904162 0.12474340 5913
0.58924339 0.12708589 5914
0.58945743 0.12958760 5915
0.58968437 0.13225932 5916
0.58992484 0.13511257 5917
0.59017951 0.13815967 5918
0.59044904 0.14141375 5919
0.59073408 0.14488883 5920
0.59103530 0.14859989 5921
0.59135333 0.15256289 5922
0.59168882 0.15679489 5923
0.59204236 0.16131409 5924
0.59241451 0.16613989 5925
0.59280577 0.17129303 5926
0.59321657 0.17679562 5927
0.59364724 0.18267124 5928
0.59409801 0.18894506 5929
0.59456896 0.19564394 5930
0.59506000 0.20279652 5931
0.59557081 0.21043335 5932
0.59610083 0.21858701 5933
0.59664922 0.22729225 5934
0.59721474 0.23658612 5935
0.59779575 0.24650813 5936
0.59839011 0.25710039 5937
0.59899508 0.26840780 5938
0.59960724 0.28047820 5939
0.60022236 0.29336257 5940
0.60083529 0.30711525 5941
0.60143976 0.32179410 5942
0.60202827 0.33746077 5943
0.60259186 0.35418091 5944
0.60311986 0.37202440 5945
0.60359967 0.39106566 5946
0.60401647 0.41138387 5947
0.60435283 0.43306328 5948
0.60458839 0.45619353 5949
0.60469940 0.48086994 5950
0.60465821 0.50719385 5951
0.60443275 0.53527300 5952
0.60398588 0.56522185 5953
0.60327466 0.59716198 5954
0.60224956 0.63122253 5955
0.60085358 0.66754054 5956
0.59902115 0.70626147 5957
0.59667706 0.74753958 5958
0.59373510 0.79153845 5959
0.59009667 0.83843144 5960
0.58564912 0.88840223 5961
0.58026396 0.94164532 5962
0.57379485 0.99836657 5963
0.56607539 1.05878380 5964
0.55691665 1.12312735 5965
0.54610442 1.19164070 5966
0.53339633 1.26458111 5967
0.51851850 1.34222029 5968
0.50116209 1.42484509 5969
0.48097948 1.51275824 5970
0.45758021 1.60627915 5971
0.43052666 1.70574474 5972
0.39932958 1.81151041 5973
0.36344343 1.92395102 5974
0.32226170 2.04346206 5975
0.27511228 2.17046095 5976
0.22125311 2.30538859 5977
0.15986836 2.44871110 5978
0.09006531 2.60092196 5979
0.01087253 2.76254458 5980
-0.07876021 2.93413540 5981
-0.17995962 3.11628773 5982
-0.29392321 3.30963651 5983
-0.42190921 3.51486420 5984
-0.56522062 3.73270811 5985
-0.72518156 3.96396970 5986
-0.90310371 4.20952607 5987
-1.10023995 4.47034449 5988
-1.31772168 4.74750063 5989
-1.55647531 5.04220136 5990
-1.81711240 5.35581344 5991
-2.09978650 5.68989939 5992
-2.40400827 6.04626246 5993
-2.72840794 6.42700280 5994
-3.07043228 6.83458768 5995
-3.42595955 7.27193909 5996
-3.78881236 7.74254282 5997
-4.15014367 8.25058439 5998
-4.49766520 8.80111783 5999
0.53678334 0.11173721 6000
0.53685961 0.11273426 6001
0.53694078 0.11379913 6002
0.53702716 0.11493643 6003
0.53711906 0.11615109 6004
0.53721680 0.11744836 6005
0.53732071 0.11883385 6006
0.53743116 0.12031354 6007
0.53754850 0.12189385 6008
0.53767313 0.12358159 6009
0.53780544 0.12538406 6010
0.53794583 0.12730904 6011
0.53809474 0.12936484 6012
0.53825259 0.13156034 6013
0.53841982 0.13390500 6014
0.53859688 0.13640894 6015
0.53878421 0.13908294 6016
0.53898228 0.14193853 6017
0.53919153 0.14498801 6018
0.53941239 0.14824448 6019
0.53964528 0.15172196 6020
0.53989061 0.15543540 6021
0.54014873 0.15940074 6022
0.54041998 0.16363500 6023
0.54070463 0.16815633 6024
0.54100286 0.17298412 6025
0.54131481 0.17813902 6026
0.54164047 0.18364309 6027
0.54197974 0.18951985 6028
0.54233234 0.19579436 6029
0.54269781 0.20249339 6030
0.54307547 0.20964545 6031
0.54346438 0.21728095 6032
0.54386329 0.22543233 6033
0.54427058 0.23413413 6034
0.54468421 0.24342319 6035
0.54510162 0.25333877 6036
0.54551970 0.26392269 6037
0.54593462 0.27521950 6038
0.54634179 0.28727668 6039
0.54673567 0.30014475 6040
0.54710968 0.31387754 6041
0.54745601 0.32853232 6042
0.54776544 0.34417008 6043
0.54802709 0.36085568 6044
0.54822824 0.37865812 6045
0.54835398 0.39765080 6046
0.54838694 0.41791174 6047
0.54830691 0.43952387 6048
0.54809043 0.46257530 6049
0.54771031 0.48715962 6050
0.54713512 0.51337619 6051
0.54632860 0.54133048 6052
0.54524893 0.57113438 6053
0.54384801 0.60290655 6054
0.54207060 0.63677277 6055
0.53985330 0.67286630 6056
0.53712348 0.71132826 6057
0.53379805 0.75230801 6058
0.52978208 0.79596357 6059
0.52496721 0.84246198 6060
0.51922999 0.89197975 6061
0.51242988 0.94470329 6062
0.50440714 1.00082928 6063
0.49498047 1.06056519 6064
0.48394434 1.12412965 6065
0.47106612 1.19175297 6066
0.45608291 1.26367754 6067
0.43869806 1.34015837 6068
0.41857744 1.42146355 6069
0.39534535 1.50787476 6070
0.36858022 1.59968788 6071
0.33781000 1.69721352 6072
0.30250735 1.80077775 6073
0.26208471 1.91072282 6074
0.21588927 2.02740803 6075
0.16319804 2.15121082 6076
0.10321321 2.28252798 6077
0.03505799 2.42177724 6078
-0.04222668 2.56939920 6079
-0.12968416 2.72585975 6080
-0.22844225 2.89165320 6081
-0.33971079 3.06730625 6082
-0.46477576 3.25338298 6083
-0.60498863 3.45049134 6084
-0.76174960 3.65929140 6085
-0.93648259 3.88050587 6086
-1.13059983 4.11493353 6087
-1.34545289 4.36346634 6088
-1.58226632 4.62711112 6089
-1.84204942 4.90701709 6090
-2.12547996 5.20451068 6091
-2.43275274 5.52113941 6092
-2.76338391 5.85872725 6093
-3.11595957 6.21944412 6094
-3.48781505 6.60589309 6095
-3.87462723 7.02121959 6096
-4.26989891 7.46924793 6097
-4.66430873 7.95465157 6098
-5.04489428 8.48316536 6099
0.48609439 0.11695650 6100
0.48614981 0.11795491 6101
0.48620872 0.11902123 6102
0.48627130 0.12016006 6103
0.48633776 0.12137633 6104
0.48640831 0.12267529 6105
0.48648316 0.12406256 6106
0.48656255 0.12554413 6107
0.48664669 0.12712640 6108
0.48673583 0.12881619 6109
0.48683019 0.13062081 6110
0.48693002 0.13254803 6111
0.48703556 0.13460616 6112
0.48714703 0.13680408 6113
0.48726466 0.13915125 6114
0.48738869 0.14165777 6115
0.48751931 0.14433443 6116
0.48765670 0.14719274 6117
0.48780105 0.15024498 6118
0.48795248 0.15350426 6119
0.48811109 0.15698456 6120
0.48827693 0.16070080 6121
0.48844999 0.16466891 6122
0.48863020 0.16890587 6123
0.48881738 0.17342979 6124
0.48901128 0.17826001 6125
0.48921151 0.18341712 6126
0.48941752 0.18892310 6127
0.48962864 0.19480140 6128
0.48984394 0.20107699 6129
0.49006229 0.20777651 6130
0.49028228 0.21492837 6131
0.49050218 0.22256280 6132
0.49071987 0.23071207 6133
0.49093281 0.23941053 6134
0.49113794 0.24869476 6135
0.49133165 0.25860376 6136
0.49150960 0.26917903 6137
0.49166672 0.28046476 6138
0.49179700 0.29250798 6139
0.49189341 0.30535875 6140
0.49194774 0.31907034 6141
0.49195037 0.33369937 6142
0.49189013 0.34930607 6143
0.49175405 0.36595448 6144
0.49152707 0.38371263 6145
0.49119177 0.40265278 6146
0.49072802 0.42285170 6147
0.49011260 0.44439084 6148
0.48931873 0.46735665 6149
0.48831563 0.49184081 6150
0.48706791 0.51794051 6151
0.48553494 0.54575874 6152
0.48367014 0.57540456 6153
0.48142019 0.60699339 6154
0.47872407 0.64064736 6155
0.47551204 0.67649553 6156
0.47170451 0.71467429 6157
0.46721069 0.75532760 6158
0.46192718 0.79860735 6159
0.45573630 0.84467365 6160
0.44850428 0.89369512 6161
0.44007921 0.94584926 6162
0.43028883 1.00132267 6163
0.41893795 1.06031140 6164
0.40580576 1.12302125 6165
0.39064273 1.18966798 6166
0.37316732 1.26047767 6167
0.35306227 1.33568693 6168
0.32997074 1.41554321 6169
0.30349197 1.50030504 6170
0.27317674 1.59024239 6171
0.23852259 1.68563692 6172
0.19896871 1.78678242 6173
0.15389075 1.89398525 6174
0.10259555 2.00756489 6175
0.04431595 2.12785477 6176
-0.02179415 2.25520314 6177
-0.09666413 2.38997446 6178
-0.18131018 2.53255111 6179
-0.27683750 2.68333570 6180
-0.38444046 2.84275417 6181
-0.50540028 3.01125985 6182
-0.64107888 3.18933885 6183
-0.79290793 3.37751712 6184
-0.96237145 3.57636970 6185
-1.15097986 3.78653263 6186
-1.36023323 4.00871852 6187
-1.59157029 4.24373641 6188
-1.84629949 4.49251739 6189
-2.12550709 4.75614725 6190
-2.42993620 5.03590807 6191
-2.75982911 5.33333095 6192
-3.11472345 5.65026277 6193
-3.49319044 5.98895035 6194
-3.89250080 6.35214645 6195
-4.30820007 6.74324271 6196
-4.73357149 7.16643630 6197
-5.15895865 7.62693824 6198
-5.57091448 8.13123328 6199
0.43524781 0.12039628 6200
0.43527571 0.12139584 6201
0.43530520 0.12246336 6202
0.43533636 0.12360346 6203
0.43536925 0.12482105 6204
0.43540393 0.12612141 6205
0.43544046 0.12751013 6206
0.43547889 0.12899323 6207
0.43551928 0.13057708 6208
0.43556166 0.13226853 6209
0.43560606 0.13407485 6210
0.43565250 0.13600384 6211
0.43570097 0.13806380 6212
0.43575147 0.14026359 6213
0.43580394 0.14261267 6214
0.43585832 0.14512114 6215
0.43591450 0.14779977 6216
0.43597233 0.15066005 6217
0.43603163 0.15371426 6218
0.43609215 0.15697547 6219
0.43615357 0.16045764 6220
0.43621551 0.16417567 6221
0.43627749 0.16814544 6222
0.43633892 0.17238390 6223
0.43639910 0.17690909 6224
0.43645719 0.18174030 6225
0.43651216 0.18689806 6226
0.43656283 0.19240427 6227
0.43660778 0.19828226 6228
0.43664532 0.20455691 6229
0.43667350 0.21125473 6230
0.43669002 0.21840396 6231
0.43669217 0.22603469 6232
0.43667684 0.23417896 6233
0.43664036 0.24287089 6234
0.43657850 0.25214681 6235
0.43648633 0.26204539 6236
0.43635818 0.27260778 6237
0.43618746 0.28387776 6238
0.43596657 0.29590190 6239
0.43568676 0.30872972 6240
0.43533792 0.32241383 6241
0.43490846 0.33701017 6242
0.43438501 0.35257816 6243
0.43375225 0.36918088 6244
0.43299258 0.38688529 6245
0.43208582 0.40576244 6246
0.43100886 0.42588767 6247
0.42973525 0.44734086 6248
0.42823471 0.47020662 6249
0.42647264 0.49457454 6250
0.42440954 0.52053944 6251
0.42200029 0.54820158 6252
0.41919345 0.57766694 6253
0.41593036 0.60904743 6254
0.41214425 0.64246115 6255
0.40775909 0.67803266 6256
0.40268842 0.71589314 6257
0.39683400 0.75618070 6258
0.39008424 0.79904058 6259
0.38231257 0.84462531 6260
0.37337548 0.89309501 6261
0.36311043 0.94461746 6262
0.35133351 0.99936834 6263
0.33783684 1.05753135 6264
0.32238566 1.11929831 6265
0.30471522 1.18486929 6266
0.28452729 1.25445263 6267
0.26148638 1.32826506 6268
0.23521563 1.40653166 6269
0.20529243 1.48948592 6270
0.17124364 1.57736976 6271
0.13254063 1.67043351 6272
0.08859399 1.76893605 6273
0.03874815 1.87314492 6274
-0.01772410 1.98333657 6275
-0.08162702 2.09979678 6276
-0.15384703 2.22282137 6277
-0.23535729 2.35271722 6278
-0.32722138 2.48980377 6279
-0.43059562 2.63441523 6280
-0.54672941 2.78690363 6281
-0.67696283 2.94764303 6282
-0.82272053 3.11703527 6283
-0.98550057 3.29551768 6284
-1.16685664 3.48357335 6285
-1.36837162 3.68174467 6286
-1.59161986 3.89065099 6287
-1.83811511 4.11101168 6288
-2.10923977 4.34367583 6289
-2.40615078 4.58966045 6290
-2.72965550 4.85019933 6291
-3.08005005 5.12680535 6292
-3.45691021 5.42134947 6293
-3.85882285 5.73616075 6294
-4.28304308 6.07415245 6295
-4.72505848 6.43898068 6296
-5.17803775 6.83524342 6297
-5.63213553 7.26872977 6298
-6.07361880 7.74673126 6299
0.38430329 0.12178447 6300
0.38429673 0.12278439 6301
0.38428942 0.12385228 6302
0.38428127 0.12499275 6303
0.38427215 0.12621072 6304
0.38426197 0.12751145 6305
0.38425058 0.12890054 6306
0.38423782 0.13038399 6307
0.38422351 0.13196818 6308
0.38420747 0.13365994 6309
0.38418946 0.13546655 6310
0.38416923 0.13739578 6311
0.38414648 0.13945593 6312
0.38412088 0.14165584 6313
0.38409206 0.14400496 6314
0.38405959 0.14651336 6315
0.38402298 0.14919181 6316
0.38398169 0.15205176 6317
0.38393508 0.15510546 6318
0.38388244 0.15836595 6319
0.38382296 0.16184716 6320
0.38375572 0.16556393 6321
0.38367967 0.16953210 6322
0.38359362 0.17376854 6323
0.38349620 0.17829126 6324
0.38338589 0.18311944 6325
0.38326091 0.18827352 6326
0.38311927 0.19377530 6327
0.38295870 0.19964800 6328
0.38277661 0.20591634 6329
0.38257005 0.21260669 6330
0.38233568 0.21974710 6331
0.38206967 0.22736744 6332
0.38176770 0.23549952 6333
0.38142481 0.24417719 6334
0.38103540 0.25343646 6335
0.38059307 0.26331564 6336
0.38009054 0.27385547 6337
0.37951953 0.28509926 6338
0.37887063 0.29709304 6339
0.37813311 0.30988569 6340
0.37729480 0.32352916 6341
0.37634184 0.33807857 6342
0.37525845 0.35359241 6343
0.37402672 0.37013273 6344
0.37262626 0.38776531 6345
0.37103392 0.40655982 6346
0.36922337 0.42659007 6347
0.36716470 0.44793416 6348
0.36482393 0.47067471 6349
0.36216248 0.49489901 6350
0.35913653 0.52069930 6351
0.35569635 0.54817288 6352
0.35178552 0.57742236 6353
0.34734004 0.60855585 6354
0.34228733 0.64168711 6355
0.33654516 0.67693578 6356
0.33002034 0.71442746 6357
0.32260739 0.75429394 6358
0.31418690 0.79667329 6359
0.30462386 0.84170993 6360
0.29376564 0.88955479 6361
0.28143984 0.94036528 6362
0.26745192 0.99430535 6363
0.25158246 1.05154546 6364
0.23358426 1.11226252 6365
0.21317910 1.17663978 6366
0.19005416 1.24486669 6367
0.16385817 1.31713872 6368
0.13419719 1.39365711 6369
0.10063013 1.47462865 6370
0.06266383 1.56026536 6371
0.01974798 1.65078424 6372
-0.02873024 1.74640702 6373
-0.08345177 1.84735992 6374
-0.14517123 1.95387359 6375
-0.21472250 2.06618323 6376
-0.29302395 2.18452889 6377
-0.38108323 2.30915625 6378
-0.48000101 2.44031793 6379
-0.59097348 2.57827546 6380
-0.71529283 2.72330238 6381
-0.85434489 2.87568855 6382
-1.00960310 3.03574632 6383
-1.18261735 3.20381887 6384
-1.37499609 3.38029162 6385
-1.58837979 3.56560736 6386
-1.82440289 3.76028631 6387
-2.08464124 3.96495232 6388
-2.37054073 4.18036699 6389
-2.68332218 4.40747368 6390
-3.02385598 4.64745410 6391
-3.39249863 4.90180053 6392
-3.78888133 5.17240785 6393
-4.21163847 5.46169015 6394
-4.65806074 5.77272804 6395
-5.12365445 6.10945435 6396
-5.60158369 6.47688728 6397
-6.08196705 6.88142266 6398
-6.55099365 7.33119945 6399
0.33335135 0.12113043 6400
0.33330313 0.12212921 6401
0.33325133 0.12319586 6402
0.33319565 0.12433498 6403
0.33313578 0.12555148 6404
0.33307139 0.12685062 6405
0.33300209 0.12823798 6406
0.33292749 0.12971953 6407
0.33284713 0.13130166 6408
0.33276054 0.13299117 6409
0.33266718 0.13479533 6410
0.33256647 0.13672187 6411
0.33245776 0.13877907 6412
0.33234036 0.14097576 6413
0.33221348 0.14332134 6414
0.33207628 0.14582586 6415
0.33192782 0.14850004 6416
0.33176706 0.15135529 6417
0.33159285 0.15440381 6418
0.33140393 0.15765859 6419
0.33119890 0.16113349 6420
0.33097621 0.16484330 6421
0.33073413 0.16880376 6422
0.33047075 0.17303167 6423
0.33018395 0.17754492 6424
0.32987137 0.18236259 6425
0.32953036 0.18750501 6426
0.32915801 0.19299381 6427
0.32875103 0.19885205 6428
0.32830578 0.20510430 6429
0.32781818 0.21177670 6430
0.32728364 0.21889706 6431
0.32669708 0.22649501 6432
0.32605276 0.23460204 6433
0.32534427 0.24325168 6434
0.32456440 0.25247955 6435
0.32370509 0.26232353 6436
0.32275725 0.27282386 6437
0.32171070 0.28402331 6438
0.32055396 0.29596726 6439
0.31927413 0.30870390 6440
0.31785670 0.32228436 6441
0.31628531 0.33676283 6442
0.31454153 0.35219679 6443
0.31260462 0.36864708 6444
0.31045116 0.38617814 6445
0.30805477 0.40485816 6446
0.30538568 0.42475919 6447
0.30241029 0.44595741 6448
0.29909071 0.46853321 6449
0.29538418 0.49257139 6450
0.29124241 0.51816132 6451
0.28661092 0.54539710 6452
0.28142820 0.57437771 6453
0.27562485 0.60520710 6454
0.26912253 0.63799438 6455
0.26183283 0.67285387 6456
0.25365603 0.70990521 6457
0.24447964 0.74927339 6458
0.23417681 0.79108883 6459
0.22260458 0.83548732 6460
0.20960186 0.88260998 6461
0.19498724 0.93260322 6462
0.17855655 0.98561855 6463
0.16008016 1.04181242 6464
0.13929997 1.10134596 6465
0.11592614 1.16438468 6466
0.08963348 1.23109808 6467
0.06005757 1.30165927 6468
0.02679046 1.37624439 6469
-0.01062389 1.45503217 6470
-0.05269452 1.53820326 6471
-0.09998864 1.62593967 6472
-0.15313711 1.71842417 6473
-0.21284002 1.81583971 6474
-0.27987241 1.91836903 6475
-0.35508991 2.02619435 6476
-0.43943405 2.13949743 6477
-0.53393713 2.25845999 6478
-0.63972613 2.38326479 6479
-0.75802528 2.51409745 6480
-0.89015666 2.65114952 6481
-1.03753807 2.79462295 6482
-1.20167704 2.94473657 6483
-1.38415998 3.10173521 6484
-1.58663446 3.26590221 6485
-1.81078286 3.43757620 6486
-2.05828472 3.61717356 6487
-2.33076442 3.80521793 6488
-2.62972027 4.00237885 6489
-2.95642981 4.20952172 6490
-3.31182504 4.42777227 6491
-3.69632960 4.65859914 6492
-4.10964816 4.90391918 6493
-4.55049585 5.16623114 6494
-5.01625255 5.44878489 6495
-5.50252353 5.75579483 6496
-6.00258339 6.09270818 6497
-6.50667477 6.46654159 6498
-7.00112689 6.88630226 6499
0.28248617 0.11822894 6500
0.28238881 0.11922413 6501
0.28228452 0.12028692 6502
0.28217278 0.12142191 6503
0.28205305 0.12263397 6504
0.28192473 0.12392832 6505
0.28178715 0.12531055 6506
0.28163963 0.12678658 6507
0.28148141 0.12836278 6508
0.28131166 0.13004589 6509
0.28112949 0.13184316 6510
0.28093394 0.13376229 6511
0.28072396 0.13581150 6512
0.28049840 0.13799957 6513
0.28025604 0.14033586 6514
0.27999552 0.14283034 6515
0.27971537 0.14549367 6516
0.27941399 0.14833720 6517
0.27908964 0.15137305 6518
0.27874040 0.15461411 6519
0.27836419 0.15807416 6520
0.27795872 0.16176786 6521
0.27752150 0.16571085 6522
0.27704977 0.16991980 6523
0.27654053 0.17441245 6524
0.27599046 0.17920772 6525
0.27539593 0.18432576 6526
0.27475293 0.18978801 6527
0.27405704 0.19561731 6528
0.27330338 0.20183797 6529
0.27248657 0.20847587 6530
0.27160067 0.21555851 6531
0.27063908 0.22311519 6532
0.26959450 0.23117701 6533
0.26845885 0.23977708 6534
0.26722315 0.24895053 6535
0.26587741 0.25873472 6536
0.26441056 0.26916930 6537
0.26281024 0.28029634 6538
0.26106270 0.29216051 6539
0.25915263 0.30480912 6540
0.25706291 0.31829236 6541
0.25477445 0.33266336 6542
0.25226593 0.34797838 6543
0.24951349 0.36429694 6544
0.24649045 0.38168194 6545
0.24316694 0.40019985 6546
0.23950951 0.41992081 6547
0.23548066 0.44091880 6548
0.23103836 0.46327178 6549
0.22613546 0.48706179 6550
0.22071905 0.51237508 6551
0.21472974 0.53930223 6552
0.20810088 0.56793827 6553
0.20075757 0.59838268 6554
0.19261573 0.63073954 6555
0.18358090 0.66511749 6556
0.17354694 0.70162976 6557
0.16239466 0.74039416 6558
0.14999016 0.78153295 6559
0.13618306 0.82517276 6560
0.12080449 0.87144443 6561
0.10366493 0.92048274 6562
0.08455171 0.97242617 6563
0.06322630 1.02741648 6564
0.03942134 1.08559833 6565
0.01283735 1.14711871 6566
-0.01686089 1.21212638 6567
-0.05004821 1.28077120 6568
-0.08714337 1.35320331 6569
-0.12861358 1.42957235 6570
-0.17497943 1.51002655 6571
-0.22682008 1.59471178 6572
-0.28477867 1.68377062 6573
-0.34956800 1.77734145 6574
-0.42197617 1.87555767 6575
-0.50287229 1.97854704 6576
-0.59321181 2.08643140 6577
-0.69404142 2.19932678 6578
-0.80650306 2.31734424 6579
-0.93183656 2.44059153 6580
-1.07138043 2.56917609 6581
-1.22656989 2.70320967 6582
-1.39893125 2.84281521 6583
-1.59007132 2.98813663 6584
-1.80166033 3.13935241 6585
-2.03540622 3.29669412 6586
-2.29301783 3.46047120 6587
-2.57615385 3.63110383 6588
-2.88635333 3.80916597 6589
-3.22494299 3.99544140 6590
-3.59291489 4.19099604 6591
-3.99076681 4.39727085 6592
-4.41829570 4.61620042 6593
-4.87433212 4.85036383 6594
-5.35640107 5.10317571 6595
-5.86029070 5.37912747 6596
-6.37950638 5.68409076 6597
-6.90458222 6.02569850 6598
-7.42221549 6.41382176 6599
0.23184296 0.11268057 6600
0.23168869 0.11366854 6601
0.23152363 0.11472361 6602
0.23134700 0.11585031 6603
0.23115796 0.11705350 6604
0.23095562 0.11833836 6605
0.23073901 0.11971041 6606
0.23050710 0.12117553 6607
0.23025875 0.12274004 6608
0.22999277 0.12441062 6609
0.22970785 0.12619445 6610
0.22940258 0.12809916 6611
0.22907544 0.13013290 6612
0.22872480 0.13230437 6613
0.22834888 0.13462283 6614
0.22794577 0.13709817 6615
0.22751338 0.13974094 6616
0.22704946 0.14256238 6617
0.22655159 0.14557447 6618
0.22601711 0.14878998 6619
0.22544315 0.15222255 6620
0.22482659 0.15588666 6621
0.22416404 0.15979780 6622
0.22345180 0.16397242 6623
0.22268586 0.16842808 6624
0.22186181 0.17318345 6625
0.22097489 0.17825843 6626
0.22001985 0.18367420 6627
0.21899098 0.18945328 6628
0.21788202 0.19561966 6629
0.21668612 0.20219883 6630
0.21539575 0.20921791 6631
0.21400268 0.21670574 6632
0.21249784 0.22469293 6633
0.21087125 0.23321203 6634
0.20911195 0.24229759 6635
0.20720784 0.25198629 6636
0.20514558 0.26231703 6637
0.20291045 0.27333106 6638
0.20048616 0.28507213 6639
0.19785472 0.29758655 6640
0.19499619 0.31092336 6641
0.19188848 0.32513444 6642
0.18850709 0.34027464 6643
0.18482481 0.35640190 6644
0.18081143 0.37357738 6645
0.17643334 0.39186559 6646
0.17165314 0.41133449 6647
0.16642922 0.43205563 6648
0.16071516 0.45410420 6649
0.15445924 0.47755919 6650
0.14760374 0.50250343 6651
0.14008426 0.52902367 6652
0.13182885 0.55721060 6653
0.12275713 0.58715889 6654
0.11277927 0.61896720 6655
0.10179483 0.65273810 6656
0.08969148 0.68857802 6657
0.07634360 0.72659709 6658
0.06161063 0.76690901 6659
0.04533536 0.80963082 6660
0.02734189 0.85488253 6661
0.00743349 0.90278685 6662
-0.01460986 0.95346869 6663
-0.03903415 1.00705461 6664
-0.06611430 1.06367226 6665
-0.09615736 1.12344961 6666
-0.12950614 1.18651410 6667
-0.16654303 1.25299179 6668
-0.20769421 1.32300627 6669
-0.25343414 1.39667756 6670
-0.30429044 1.47412090 6671
-0.36084900 1.55544548 6672
-0.42375932 1.64075318 6673
-0.49374009 1.73013730 6674
-0.57158485 1.82368139 6675
-0.65816754 1.92145828 6676
-0.75444788 2.02352944 6677
-0.86147625 2.12994478 6678
-0.98039768 2.24074324 6679
-1.11245466 2.35595429 6680
-1.25898804 2.47560085 6681
-1.42143534 2.59970407 6682
-1.60132558 2.72829052 6683
-1.80026925 2.86140265 6684
-2.01994204 2.99911345 6685
-2.26206030 3.14154655 6686
-2.52834579 3.28890331 6687
-2.82047657 3.44149888 6688
-3.14002029 3.59980956 6689
-3.48834489 3.76453462 6690
-3.86650086 3.93667630 6691
-4.27506736 4.11764257 6692
-4.71395306 4.30937873 6693
-5.18214010 4.51453479 6694
-5.67735676 4.73667772 6695
-6.19566134 4.98055957 6696
-6.73091520 5.25245510 6697
-7.27411816 5.56058571 6698
-7.81257276 5.91565047 6699
0.18161494 0.10414694 6700
0.18139572 0.10512255 6701
0.18116130 0.10616440 6702
0.18091060 0.10727697 6703
0.18064247 0.10846505 6704
0.18035568 0.10973374 6705
0.18004890 0.11108848 6706
0.17972070 0.11253509 6707
0.17936954 0.11407978 6708
0.17899379 0.11572916 6709
0.17859166 0.11749029 6710
0.17816125 0.11937070 6711
0.17770051 0.12137842 6712
0.17720723 0.12352202 6713
0.17667904 0.12581063 6714
0.17611336 0.12825400 6715
0.17550743 0.13086250 6716
0.17485827 0.13364722 6717
0.17416266 0.13661994 6718
0.17341712 0.13979325 6719
0.17261789 0.14318055 6720
0.17176091 0.14679611 6721
0.17084177 0.15065513 6722
0.16985570 0.15477383 6723
0.16879756 0.15916943 6724
0.16766173 0.16386031 6725
0.16644214 0.16886600 6726
0.16513219 0.17420729 6727
0.16372470 0.17990630 6728
0.16221186 0.18598655 6729
0.16058517 0.19247305 6730
0.15883537 0.19939236 6731
0.15695234 0.20677273 6732
0.15492507 0.21464414 6733
0.15274148 0.22303842 6734
0.15038839 0.23198934 6735
0.14785136 0.24153273 6736
0.14511458 0.25170656 6737
0.14216068 0.26255106 6738
0.13897061 0.27410882 6739
0.13552344 0.28642494 6740
0.13179614 0.29954706 6741
0.12776334 0.31352557 6742
0.12339710 0.32841363 6743
0.11866660 0.34426736 6744
0.11353781 0.36114586 6745
0.10797313 0.37911138 6746
0.10193098 0.39822939 6747
0.09536532 0.41856864 6748
0.08822519 0.44020127 6749
0.08045406 0.46320284 6750
0.07198924 0.48765237 6751
0.06276114 0.51363238 6752
0.05269244 0.54122887 6753
0.04169723 0.57053129 6754
0.02967994 0.60163244 6755
0.01653427 0.63462841 6756
0.00214190 0.66961838 6757
-0.01362895 0.70670442 6758
-0.03092501 0.74599124 6759
-0.04990977 0.78758579 6760
-0.07076540 0.83159692 6761
-0.09369486 0.87813482 6762
-0.11892432 0.92731046 6763
-0.14670575 0.97923486 6764
-0.17731981 1.03401831 6765
-0.21107904 1.09176946 6766
-0.24833127 1.15259423 6767
-0.28946344 1.21659470 6768
-0.33490565 1.28386778 6769
-0.38513556 1.35450386 6770
-0.44068311 1.42858527 6771
-0.50213547 1.50618471 6772
-0.57014233 1.58736367 6773
-0.64542124 1.67217079 6774
-0.72876318 1.76064040 6775
-0.82103796 1.85279114 6776
-0.92319956 1.94862506 6777
-1.03629086 2.04812706 6778
-1.16144771 2.15126527 6779
-1.29990176 2.25799235 6780
-1.45298156 2.36824836 6781
-1.62211124 2.48196563 6782
-1.80880581 2.59907624 6783
-2.01466201 2.71952308 6784
-2.24134315 2.84327545 6785
-2.49055621 2.97035065 6786
-2.76401872 3.10084317 6787
-3.06341267 3.23496361 6788
-3.39032160 3.37309012 6789
-3.74614644 3.51583551 6790
-4.13199434 3.66413427 6791
-4.54853331 3.81935459 6792
-4.99580399 3.98344185 6793
-5.47297751 4.15910131 6794
-5.97804583 4.35003000 6795
-6.50742801 4.56120976 6796
-7.05547138 4.79927643 6797
-7.61382235 5.07298364 6798
-8.17063513 5.39378383 6799
0.13525818 0.09301831 6800
0.13496585 0.09397457 6801
0.13465336 0.09499573 6802
0.13431930 0.09608619 6803
0.13396217 0.09725062 6804
0.13358034 0.09849404 6805
0.13317208 0.09982176 6806
0.13273552 0.10123948 6807
0.13226868 0.10275328 6808
0.13176941 0.10436963 6809
0.13123542 0.10609543 6810
0.13066423 0.10793806 6811
0.13005320 0.10990537 6812
0.12939948 0.11200575 6813
0.12870002 0.11424812 6814
0.12795152 0.11664202 6815
0.12715045 0.11919759 6816
0.12629300 0.12192565 6817
0.12537508 0.12483775 6818
0.12439229 0.12794615 6819
0.12333986 0.13126397 6820
0.12221267 0.13480513 6821
0.12100521 0.13858449 6822
0.11971152 0.14261785 6823
0.11832515 0.14692204 6824
0.11683916 0.15151497 6825
0.11524603 0.15641569 6826
0.11353764 0.16164445 6827
0.11170518 0.16722282 6828
0.10973914 0.17317368 6829
0.10762917 0.17952139 6830
0.10536409 0.18629178 6831
0.10293173 0.19351232 6832
0.10031887 0.20121212 6833
0.09751117 0.20942211 6834
0.09449298 0.21817504 6835
0.09124731 0.22750566 6836
0.08775559 0.23745074 6837
0.08399760 0.24804921 6838
0.07995124 0.25934228 6839
0.07559239 0.27137348 6840
0.07089464 0.28418879 6841
0.06582909 0.29783674 6842
0.06036408 0.31236851 6843
0.05446487 0.32783799 6844
0.04809337 0.34430189 6845
0.04120768 0.36181981 6846
0.03376176 0.38045431 6847
0.02570496 0.40027096 6848
0.01698144 0.42133840 6849
0.00752969 0.44372831 6850
-0.00271817 0.46751549 6851
-0.01383707 0.49277776 6852
-0.02590980 0.51959596 6853
-0.03902791 0.54805383 6854
-0.05329266 0.57823788 6855
-0.06881617 0.61023723 6856
-0.08572262 0.64414338 6857
-0.10414960 0.68004987 6858
-0.12424968 0.71805196 6859
-0.14619205 0.75824620 6860
-0.17016443 0.80072985 6861
-0.19637509 0.84560029 6862
-0.22505519 0.89295426 6863
-0.25646127 0.94288705 6864
-0.29087803 0.99549151 6865
-0.32862138 1.05085691 6866
-0.37004173 1.10906777 6867
-0.41552766 1.17020240 6868
-0.46550978 1.23433145 6869
-0.52046497 1.30151622 6870
-0.58092087 1.37180688 6871
-0.64746069 1.44524065 6872
-0.72072818 1.52183986 6873
-0.80143289 1.60161003 6874
-0.89035540 1.68453806 6875
-0.98835263 1.77059061 6876
-1.09636294 1.85971276 6877
-1.21541079 1.95182732 6878
-1.34661076 2.04683484 6879
-1.49117040 2.14461481 6880
-1.65039159 2.24502842 6881
-1.82566961 2.34792346 6882
-2.01848908 2.45314207 6883
-2.23041584 2.56053223 6884
-2.46308332 2.66996421 6885
-2.71817163 2.78135337 6886
-2.99737736 2.89469110 6887
-3.30237124 3.01008631 6888
-3.63474038 3.12782025 6889
-3.99591077 3.24841818 6890
-4.38704474 3.37274254 6891
-4.80890688 3.50211287 6892
-5.26169016 3.63845958 6893
-5.74479216 3.78452000 6894
-6.25652883 3.94408714 6895
-6.79377022 4.12232446 6896
-7.35147900 4.32616233 6897
-7.92212813 4.56479642 6898
-8.49496835 4.85031222 6899
0.09831244 0.08125182 6900
0.09793857 0.08217924 6901
0.09753901 0.08316959 6902
0.09711198 0.08422713 6903
0.09665557 0.08535638 6904
0.09616774 0.08656220 6905
0.09564631 0.08784975 6906
0.09508893 0.08922454 6907
0.09449309 0.09069246 6908
0.09385610 0.09225977 6909
0.09317507 0.09393317 6910
0.09244692 0.09571978 6911
0.09166834 0.09762722 6912
0.09083576 0.09966360 6913
0.08994538 0.10183756 6914
0.08899310 0.10415832 6915
0.08797453 0.10663569 6916
0.08688495 0.10928016 6917
0.08571930 0.11210286 6918
0.08447213 0.11511569 6919
0.08313759 0.11833128 6920
0.08170939 0.12176312 6921
0.08018076 0.12542555 6922
0.07854442 0.12933384 6923
0.07679252 0.13350422 6924
0.07491662 0.13795399 6925
0.07290762 0.14270153 6926
0.07075569 0.14776637 6927
0.06845027 0.15316929 6928
0.06597990 0.15893236 6929
0.06333226 0.16507902 6930
0.06049401 0.17163415 6931
0.05745073 0.17862416 6932
0.05418682 0.18607706 6933
0.05068538 0.19402254 6934
0.04692811 0.20249208 6935
0.04289517 0.21151898 6936
0.03856504 0.22113850 6937
0.03391434 0.23138795 6938
0.02891767 0.24230672 6939
0.02354741 0.25393643 6940
0.01777351 0.26632096 6941
0.01156323 0.27950660 6942
0.00488088 0.29354205 6943
-0.00231247 0.30847856 6944
-0.01005933 0.32436994 6945
-0.01840615 0.34127265 6946
-0.02740373 0.35924583 6947
-0.03710768 0.37835135 6948
-0.04757893 0.39865377 6949
-0.05888426 0.42022039 6950
-0.07109697 0.44312117 6951
-0.08429753 0.46742870 6952
-0.09857438 0.49321807 6953
-0.11402481 0.52056675 6954
-0.13075586 0.54955440 6955
-0.14888543 0.58026262 6956
-0.16854344 0.61277468 6957
-0.18987314 0.64717512 6958
-0.21303259 0.68354932 6959
-0.23819621 0.72198297 6960
-0.26555665 0.76256142 6961
-0.29532668 0.80536897 6962
-0.32774138 0.85048800 6963
-0.36306058 0.89799802 6964
-0.40157140 0.94797448 6965
-0.44359120 1.00048760 6966
-0.48947069 1.05560089 6967
-0.53959730 1.11336959 6968
-0.59439895 1.17383898 6969
-0.65434795 1.23704249 6970
-0.71996527 1.30299966 6971
-0.79182508 1.37171412 6972
-0.87055944 1.44317132 6973
-0.95686322 1.51733642 6974
-1.05149914 1.59415212 6975
-1.15530274 1.67353684 6976
-1.26918730 1.75538304 6977
-1.39414830 1.83955634 6978
-1.53126736 1.92589521 6979
-1.68171520 2.01421210 6980
-1.84675312 2.10429601 6981
-2.02773262 2.19591740 6982
-2.22609211 2.28883609 6983
-2.44335002 2.38281305 6984
-2.68109297 2.47762742 6985
-2.94095740 2.57310017 6986
-3.22460286 2.66912643 6987
-3.53367439 2.76571879 6988
-3.86975101 2.86306475 6989
-4.23427646 2.96160184 6990
-4.62846742 3.06211542 6991
-5.05319328 3.16586474 6992
-5.50882011 3.27474455 6993
-5.99500967 3.39149138 6994
-6.51046210 3.51994545 6995
-7.05258836 3.66538197 6996
-7.61709500 3.83492887 6997
-8.19746001 4.03809184 6998
-8.78427330 4.28741251 6999
0.06922790 0.06939691 7000
0.06876289 0.07028216 7001
0.06826601 0.07122746 7002
0.06773507 0.07223686 7003
0.06716771 0.07331470 7004
0.06656143 0.07446559 7005
0.06591352 0.07569446 7006
0.06522112 0.07700657 7007
0.06448112 0.07840752 7008
0.06369024 0.07990329 7009
0.06284493 0.08150025 7010
0.06194140 0.08320520 7011
0.06097562 0.08502539 7012
0.05994322 0.08696855 7013
0.05883956 0.08904292 7014
0.05765964 0.09125726 7015
0.05639813 0.09362093 7016
0.05504928 0.09614391 7017
0.05360696 0.09883679 7018
0.05206456 0.10171090 7019
0.05041501 0.10477826 7020
0.04865072 0.10805169 7021
0.04676354 0.11154483 7022
0.04474471 0.11527219 7023
0.04258483 0.11924922 7024
0.04027379 0.12349233 7025
0.03780072 0.12801898 7026
0.03515395 0.13284772 7027
0.03232090 0.13799826 7028
0.02928804 0.14349153 7029
0.02604080 0.14934977 7030
0.02256350 0.15559654 7031
0.01883920 0.16225685 7032
0.01484968 0.16935722 7033
0.01057525 0.17692572 7034
0.00599467 0.18499211 7035
0.00108498 0.19358785 7036
-0.00417860 0.20274621 7037
-0.00982291 0.21250234 7038
-0.01587696 0.22289337 7039
-0.02237217 0.23395844 7040
-0.02934259 0.24573880 7041
-0.03682513 0.25827788 7042
-0.04485984 0.27162135 7043
-0.05349022 0.28581714 7044
-0.06276350 0.30091554 7045
-0.07273106 0.31696919 7046
-0.08344882 0.33403314 7047
-0.09497765 0.35216483 7048
-0.10738389 0.37142405 7049
-0.12073991 0.39187296 7050
-0.13512469 0.41357599 7051
-0.15062449 0.43659971 7052
-0.16733359 0.46101278 7053
-0.18535516 0.48688566 7054
-0.20480208 0.51429046 7055
-0.22579805 0.54330063 7056
-0.24847862 0.57399057 7057
-0.27299248 0.60643528 7058
-0.29950282 0.64070975 7059
-0.32818881 0.67688843 7060
-0.35924730 0.71504452 7061
-0.39289463 0.75524909 7062
-0.42936869 0.79757019 7063
-0.46893108 0.84207176 7064
-0.51186962 0.88881238 7065
-0.55850092 0.93784388 7066
-0.60917338 0.98920985 7067
-0.66427025 1.04294387 7068
-0.72421308 1.09906768 7069
-0.78946539 1.15758910 7070
-0.86053658 1.21849990 7071
-0.93798605 1.28177348 7072
-1.02242765 1.34736251 7073
-1.11453414 1.41519655 7074
-1.21504190 1.48517970 7075
-1.32475560 1.55718853 7076
-1.44455273 1.63107023 7077
-1.57538791 1.70664145 7078
-1.71829670 1.78368790 7079
-1.87439852 1.86196517 7080
-2.04489851 1.94120125 7081
-2.23108752 2.02110129 7082
-2.43433995 2.10135552 7083
-2.65610819 2.18165110 7084
-2.89791300 2.26168930 7085
-3.16132823 2.34120965 7086
-3.44795828 2.42002277 7087
-3.75940623 2.49805468 7088
-4.09722993 2.57540548 7089
-4.46288272 2.65242636 7090
-4.85763475 2.72981975 7091
-5.28246964 2.80876864 7092
-5.73795014 2.89110250 7093
-6.22404492 2.97950902 7094
-6.73990655 3.07780313 7095
-7.28358864 3.19126748 7096
-7.85168705 3.32708175 7097
-8.43888671 3.49486240 7098
-9.03739115 3.70733942 7099
0.04681474 0.05742638 7100
0.04624822 0.05825038 7101
0.04564296 0.05913026 7102
0.04499630 0.06006979 7103
0.04430540 0.06107300 7104
0.04356721 0.06214418 7105
0.04277847 0.06328792 7106
0.04193572 0.06450909 7107
0.04103521 0.06581292 7108
0.04007298 0.06720496 7109
0.03904476 0.06869113 7110
0.03794599 0.07027776 7111
0.03677180 0.07197157 7112
0.03551696 0.07377974 7113
0.03417589 0.07570994 7114
0.03274259 0.07777030 7115
0.03121067 0.07996952 7116
0.02957327 0.08231684 7117
0.02782304 0.08482213 7118
0.02595211 0.08749587 7119
0.02395204 0.09034924 7120
0.02181381 0.09339412 7121
0.01952772 0.09664317 7122
0.01708340 0.10010983 7123
0.01446971 0.10380843 7124
0.01167470 0.10775418 7125
0.00868556 0.11196325 7126
0.00548854 0.11645281 7127
0.00206889 0.12124112 7128
-0.00158926 0.12634754 7129
-0.00550293 0.13179262 7130
-0.00969041 0.13759816 7131
-0.01417137 0.14378726 7132
-0.01896696 0.15038440 7133
-0.02409992 0.15741549 7134
-0.02959473 0.16490796 7135
-0.03547776 0.17289080 7136
-0.04177738 0.18139466 7137
-0.04852420 0.19045185 7138
-0.05575118 0.20009650 7139
-0.06349391 0.21036455 7140
-0.07179077 0.22129383 7141
-0.08068322 0.23292410 7142
-0.09021604 0.24529712 7143
-0.10043765 0.25845670 7144
-0.11140043 0.27244865 7145
-0.12316103 0.28732092 7146
-0.13578085 0.30312347 7147
-0.14932638 0.31990835 7148
-0.16386976 0.33772964 7149
-0.17948924 0.35664335 7150
-0.19626976 0.37670737 7151
-0.21430365 0.39798132 7152
-0.23369125 0.42052641 7153
-0.25454174 0.44440519 7154
-0.27697395 0.46968133 7155
-0.30111734 0.49641927 7156
-0.32711301 0.52468383 7157
-0.35511484 0.55453978 7158
-0.38529078 0.58605124 7159
-0.41782418 0.61928105 7160
-0.45291536 0.65429005 7161
-0.49078325 0.69113616 7162
-0.53166725 0.72987341 7163
-0.57582923 0.77055083 7164
-0.62355570 0.81321109 7165
-0.67516025 0.85788914 7166
-0.73098615 0.90461056 7167
-0.79140914 0.95338977 7168
-0.85684052 1.00422813 7169
-0.92773042 1.05711177 7170
-1.00457133 1.11200938 7171
-1.08790180 1.16886982 7172
-1.17831038 1.22761961 7173
-1.27643971 1.28816051 7174
-1.38299072 1.35036706 7175
-1.49872690 1.41408433 7176
-1.62447845 1.47912599 7177
-1.76114632 1.54527300 7178
-1.90970580 1.61227305 7179
-2.07120952 1.67984119 7180
-2.24678952 1.74766217 7181
-2.43765794 1.81539502 7182
-2.64510586 1.88268060 7183
-2.87049957 1.94915331 7184
-3.11527344 2.01445787 7185
-3.38091828 2.07827306 7186
-3.66896383 2.14034418 7187
-3.98095366 2.20052679 7188
-4.31841030 2.25884476 7189
-4.68278794 2.31556656 7190
-5.07540925 2.37130456 7191
-5.49738225 2.42714321 7192
-5.94949184 2.48480373 7193
-6.43205971 2.54685429 7194
-6.94476447 2.61697713 7195
-7.48641218 2.70030673 7196
-8.05464492 2.80385634 7197
-8.64557244 2.93705427 7198
-9.25330805 3.11241645 7199
0.02920340 0.04678763 7200
0.02852602 0.04752321 7201
0.02780239 0.04830867 7202
0.02702935 0.04914736 7203
0.02620351 0.05004289 7204
0.02532126 0.05099907 7205
0.02437872 0.05202000 7206
0.02337177 0.05311003 7207
0.02229599 0.05427381 7208
0.02114665 0.05551629 7209
0.01991870 0.05684276 7210
0.01860674 0.05825885 7211
0.01720499 0.05977056 7212
0.01570728 0.06138429 7213
0.01410700 0.06310686 7214
0.01239708 0.06494552 7215
0.01056996 0.06690803 7216
0.00861756 0.06900261 7217
0.00653122 0.07123805 7218
0.00430169 0.07362369 7219
0.00191906 0.07616947 7220
-0.00062728 0.07888597 7221
-0.00334869 0.08178445 7222
-0.00625731 0.08487688 7223
-0.00936616 0.08817598 7224
-0.01268918 0.09169530 7225
-0.01624130 0.09544918 7226
-0.02003852 0.09945291 7227
-0.02409797 0.10372268 7228
-0.02843802 0.10827569 7229
-0.03307837 0.11313018 7230
-0.03804012 0.11830548 7231
-0.04334592 0.12382207 7232
-0.04902006 0.12970165 7233
-0.05508860 0.13596716 7234
-0.06157951 0.14264288 7235
-0.06852283 0.14975445 7236
-0.07595082 0.15732894 7237
-0.08389812 0.16539491 7238
-0.09240197 0.17398245 7239
-0.10150240 0.18312325 7240
-0.11124246 0.19285060 7241
-0.12166847 0.20319950 7242
-0.13283027 0.21420661 7243
-0.14478153 0.22591034 7244
-0.15758005 0.23835083 7245
-0.17128814 0.25156998 7246
-0.18597295 0.26561140 7247
-0.20170694 0.28052040 7248
-0.21856826 0.29634394 7249
-0.23664134 0.31313055 7250
-0.25601735 0.33093021 7251
-0.27679482 0.34979424 7252
-0.29908032 0.36977509 7253
-0.32298912 0.39092614 7254
-0.34864603 0.41330142 7255
-0.37618619 0.43695527 7256
-0.40575607 0.46194196 7257
-0.43751446 0.48831521 7258
-0.47163360 0.51612764 7259
-0.50830044 0.54543012 7260
-0.54771794 0.57627102 7261
-0.59010661 0.60869538 7262
-0.63570606 0.64274386 7263
-0.68477679 0.67845171 7264
-0.73760213 0.71584742 7265
-0.79449027 0.75495138 7266
-0.85577657 0.79577423 7267
-0.92182597 0.83831520 7268
-0.99303567 0.88256017 7269
-1.06983791 0.92847958 7270
-1.15270307 0.97602629 7271
-1.24214283 1.02513320 7272
-1.33871359 1.07571085 7273
-1.44302004 1.12764502 7274
-1.55571881 1.18079428 7275
-1.67752223 1.23498783 7276
-1.80920207 1.29002355 7277
-1.95159316 1.34566662 7278
-2.10559685 1.40164886 7279
-2.27218392 1.45766927 7280
-2.45239702 1.51339605 7281
-2.64735202 1.56847075 7282
-2.85823812 1.62251533 7283
-3.08631607 1.67514298 7284
-3.33291396 1.72597384 7285
-3.59941975 1.77465720 7286
-3.88726955 1.82090202 7287
-4.19793025 1.86451796 7288
-4.53287514 1.90547008 7289
-4.89355031 1.94395062 7290
-5.28132940 1.98047254 7291
-5.69745372 2.01599042 7292
-6.14295363 2.05205567 7293
-6.61854664 2.09101484 7294
-7.12450617 2.13626167 7295
-7.66049364 2.19255620 7296
-8.22534483 2.26642739 7297
-8.81679931 2.36667939 7298
-9.43115911 2.50502660 7299
0.01665427 0.03585369 7300
0.01586189 0.03646367 7301
0.01501547 0.03711500 7302
0.01411133 0.03781047 7303
0.01314553 0.03855305 7304
0.01211384 0.03934592 7305
0.01101178 0.04019246 7306
0.00983453 0.04109628 7307
0.00857694 0.04206124 7308
0.00723353 0.04309143 7309
0.00579843 0.04419124 7310
0.00426536 0.04536532 7311
0.00262761 0.04661865 7312
0.00087803 0.04795653 7313
-0.00099106 0.04938460 7314
-0.00298785 0.05090887 7315
-0.00512107 0.05253576 7316
-0.00740010 0.05427208 7317
-0.00983493 0.05612509 7318
-0.01243627 0.05810253 7319
-0.01521554 0.06021261 7320
-0.01818498 0.06246410 7321
-0.02135767 0.06486631 7322
-0.02474759 0.06742912 7323
-0.02836969 0.07016305 7324
-0.03223999 0.07307930 7325
-0.03637559 0.07618973 7326
-0.04079480 0.07950695 7327
-0.04551723 0.08304434 7328
-0.05056383 0.08681609 7329
-0.05595705 0.09083725 7330
-0.06172090 0.09512377 7331
-0.06788109 0.09969254 7332
-0.07446515 0.10456142 7333
-0.08150255 0.10974933 7334
-0.08902486 0.11527624 7335
-0.09706589 0.12116326 7336
-0.10566186 0.12743264 7337
-0.11485160 0.13410784 7338
-0.12467670 0.14121358 7339
-0.13518176 0.14877585 7340
-0.14641459 0.15682194 7341
-0.15842647 0.16538048 7342
-0.17127240 0.17448149 7343
-0.18501140 0.18415633 7344
-0.19970681 0.19443775 7345
-0.21542662 0.20535987 7346
-0.23224385 0.21695816 7347
-0.25023693 0.22926939 7348
-0.26949012 0.24233161 7349
-0.29009398 0.25618402 7350
-0.31214590 0.27086690 7351
-0.33575060 0.28642147 7352
-0.36102075 0.30288972 7353
-0.38807761 0.32031419 7354
-0.41705174 0.33873774 7355
-0.44808373 0.35820323 7356
-0.48132507 0.37875316 7357
-0.51693904 0.40042923 7358
-0.55510168 0.42327187 7359
-0.59600286 0.44731963 7360
-0.63984744 0.47260851 7361
-0.68685654 0.49917120 7362
-0.73726891 0.52703620 7363
-0.79134238 0.55622679 7364
-0.84935551 0.58675994 7365
-0.91160933 0.61864505 7366
-0.97842919 0.65188250 7367
-1.05016682 0.68646216 7368
-1.12720251 0.72236166 7369
-1.20994742 0.75954459 7370
-1.29884616 0.79795852 7371
-1.39437937 0.83753292 7372
-1.49706659 0.87817703 7373
-1.60746922 0.91977772 7374
-1.72619358 0.96219730 7375
-1.85389416 1.00527155 7376
-1.99127681 1.04880801 7377
-2.13910199 1.09258469 7378
-2.29818798 1.13634941 7379
-2.46941382 1.17982018 7380
-2.65372198 1.22268686 7381
-2.85212048 1.26461471 7382
-3.06568436 1.30525033 7383
-3.29555595 1.34423101 7384
-3.54294387 1.38119821 7385
-3.80911996 1.41581672 7386
-4.09541375 1.44780095 7387
-4.40320358 1.47695048 7388
-4.73390333 1.50319726 7389
-5.08894368 1.52666777 7390
-5.46974621 1.54776401 7391
-5.87768846 1.56726814 7392
-6.31405762 1.58647701 7393
-6.77998978 1.60737395 7394
-7.27639109 1.63284721 7395
-7.80383633 1.66696655 7396
-8.36243910 1.71533233 7397
-8.95168685 1.78551441 7398
-9.57023196 1.88760277 7399
0.00828039 0.02531102 7400
0.00738119 0.02574852 7401
0.00642072 0.02621566 7402
0.00539481 0.02671447 7403
0.00429900 0.02724705 7404
0.00312853 0.02781570 7405
0.00187830 0.02842283 7406
0.00054287 0.02907104 7407
-0.00088357 0.02976308 7408
-0.00240721 0.03050190 7409
-0.00403470 0.03129063 7410
-0.00577312 0.03213262 7411
-0.00763004 0.03303142 7412
-0.00961354 0.03399084 7413
-0.01173226 0.03501492 7414
-0.01399543 0.03610796 7415
-0.01641291 0.03727456 7416
-0.01899524 0.03851960 7417
-0.02175367 0.03984828 7418
-0.02470024 0.04126615 7419
-0.02784779 0.04277908 7420
-0.03121007 0.04439335 7421
-0.03480173 0.04611562 7422
-0.03863848 0.04795297 7423
-0.04273706 0.04991294 7424
-0.04711538 0.05200352 7425
-0.05179260 0.05423321 7426
-0.05678916 0.05661102 7427
-0.06212692 0.05914653 7428
-0.06782926 0.06184988 7429
-0.07392117 0.06473183 7430
-0.08042933 0.06780378 7431
-0.08738229 0.07107778 7432
-0.09481058 0.07456661 7433
-0.10274681 0.07828376 7434
-0.11122588 0.08224349 7435
-0.12028507 0.08646085 7436
-0.12996428 0.09095171 7437
-0.14030616 0.09573281 7438
-0.15135634 0.10082173 7439
-0.16316360 0.10623699 7440
-0.17578013 0.11199801 7441
-0.18926178 0.11812514 7442
-0.20366828 0.12463970 7443
-0.21906356 0.13156397 7444
-0.23551600 0.13892116 7445
-0.25309881 0.14673545 7446
-0.27189035 0.15503194 7447
-0.29197448 0.16383662 7448
-0.31344101 0.17317633 7449
-0.33638608 0.18307868 7450
-0.36091266 0.19357201 7451
-0.38713104 0.20468521 7452
-0.41515935 0.21644768 7453
-0.44512416 0.22888910 7454
-0.47716110 0.24203925 7455
-0.51141552 0.25592781 7456
-0.54804324 0.27058402 7457
-0.58721130 0.28603644 7458
-0.62909879 0.30231248 7459
-0.67389782 0.31943804 7460
-0.72181443 0.33743692 7461
-0.77306966 0.35633033 7462
-0.82790070 0.37613615 7463
-0.88656209 0.39686820 7464
-0.94932704 0.41853540 7465
-1.01648886 0.44114085 7466
-1.08836242 0.46468070 7467
-1.16528585 0.48914309 7468
-1.24762224 0.51450678 7469
-1.33576153 0.54073987 7470
-1.43012248 0.56779826 7471
-1.53115484 0.59562414 7472
-1.63934159 0.62414435 7473
-1.75520132 0.65326878 7474
-1.87929081 0.68288875 7475
-2.01220760 0.71287551 7476
-2.15459286 0.74307893 7477
-2.30713417 0.77332651 7478
-2.47056847 0.80342292 7479
-2.64568502 0.83315013 7480
-2.83332836 0.86226871 7481
-3.03440109 0.89052030 7482
-3.24986659 0.91763205 7483
-3.48075137 0.94332340 7484
-3.72814694 0.96731601 7485
-3.99321107 0.98934789 7486
-4.27716813 1.00919269 7487
-4.58130821 1.02668593 7488
-4.90698455 1.04175980 7489
-5.25560891 1.05448902 7490
-5.62864409 1.06515053 7491
-6.02759289 1.07430075 7492
-6.45398248 1.08287484 7493
-6.90934300 1.09231352 7494
-7.39517867 1.10472432 7495
-7.91292980 1.12308578 7496
-8.46392298 1.15150520 7497
-9.04930684 1.19554275 7498
-9.66996953 1.26261809 7499
0.00340923 0.01551745 7500
0.00243253 0.01573204 7501
0.00138933 0.01596118 7502
0.00027508 0.01620585 7503
-0.00091503 0.01646709 7504
-0.00218619 0.01674601 7505
-0.00354391 0.01704382 7506
-0.00499408 0.01736177 7507
-0.00654300 0.01770123 7508
-0.00819739 0.01806363 7509
-0.00996445 0.01845051 7510
-0.01185182 0.01886352 7511
-0.01386772 0.01930440 7512
-0.01602089 0.01977502 7513
-0.01832069 0.02027735 7514
-0.02077708 0.02081352 7515
-0.02340075 0.02138577 7516
-0.02620307 0.02199650 7517
-0.02919622 0.02264827 7518
-0.03239318 0.02334379 7519
-0.03580784 0.02408594 7520
-0.03945503 0.02487781 7521
-0.04335056 0.02572267 7522
-0.04751136 0.02662398 7523
-0.05195550 0.02758546 7524
-0.05670225 0.02861101 7525
-0.06177223 0.02970482 7526
-0.06718745 0.03087131 7527
-0.07297142 0.03211517 7528
-0.07914924 0.03344138 7529
-0.08574774 0.03485523 7530
-0.09279556 0.03636231 7531
-0.10032329 0.03796854 7532
-0.10836362 0.03968020 7533
-0.11695146 0.04150390 7534
-0.12612407 0.04344665 7535
-0.13592128 0.04551584 7536
-0.14638563 0.04771927 7537
-0.15756253 0.05006516 7538
-0.16950051 0.05256214 7539
-0.18225140 0.05521932 7540
-0.19587053 0.05804623 7541
-0.21041704 0.06105288 7542
-0.22595407 0.06424975 7543
-0.24254907 0.06764779 7544
-0.26027408 0.07125843 7545
-0.27920603 0.07509354 7546
-0.29942712 0.07916549 7547
-0.32102511 0.08348705 7548
-0.34409376 0.08807146 7549
-0.36873321 0.09293230 7550
-0.39505042 0.09808354 7551
-0.42315961 0.10353943 7552
-0.45318281 0.10931446 7553
-0.48525033 0.11542329 7554
-0.51950137 0.12188063 7555
-0.55608461 0.12870116 7556
-0.59515882 0.13589936 7557
-0.63689361 0.14348939 7558
-0.68147013 0.15148487 7559
-0.72908187 0.15989870 7560
-0.77993546 0.16874279 7561
-0.83425164 0.17802778 7562
-0.89226615 0.18776272 7563
-0.95423078 0.19795473 7564
-1.02041447 0.20860855 7565
-1.09110445 0.21972609 7566
-1.16660753 0.23130593 7567
-1.24725138 0.24334277 7568
-1.33338599 0.25582677 7569
-1.42538516 0.26874292 7570
-1.52364814 0.28207034 7571
-1.62860138 0.29578145 7572
-1.74070032 0.30984129 7573
-1.86043143 0.32420665 7574
-1.98831428 0.33882534 7575
-2.12490381 0.35363543 7576
-2.27079276 0.36856463 7577
-2.42661419 0.38352982 7578
-2.59304426 0.39843680 7579
-2.77080520 0.41318039 7580
-2.96066837 0.42764505 7581
-3.16345768 0.44170609 7582
-3.38005314 0.45523185 7583
-3.61139470 0.46808699 7584
-3.85848632 0.48013735 7585
-4.12240038 0.49125684 7586
-4.40428232 0.50133684 7587
-4.70535565 0.51029899 7588
-5.02692731 0.51811214 7589
-5.37039334 0.52481475 7590
-5.73724507 0.53054391 7591
-6.12907560 0.53557308 7592
-6.54758682 0.54036038 7593
-6.99459695 0.54561047 7594
-7.47204852 0.55235306 7595
-7.98201704 0.56204250 7596
-8.52672019 0.57668331 7597
-9.10852778 0.59898814 7598
-9.72997233 0.63257595 7599
0.00061508 0.00715806 7600
-0.00038376 0.00711005 7601
-0.00145061 0.00705878 7602
-0.00259009 0.00700405 7603
-0.00380716 0.00694561 7604
-0.00510709 0.00688323 7605
-0.00649553 0.00681664 7606
-0.00797849 0.00674555 7607
-0.00956241 0.00666967 7608
-0.01125417 0.00658867 7609
-0.01306111 0.00650222 7610
-0.01499106 0.00640995 7611
-0.01705239 0.00631147 7612
-0.01925405 0.00620638 7613
-0.02160559 0.00609423 7614
-0.02411721 0.00597456 7615
-0.02679980 0.00584688 7616
-0.02966500 0.00571065 7617
-0.03272523 0.00556531 7618
-0.03599376 0.00541028 7619
-0.03948476 0.00524491 7620
-0.04321337 0.00506853 7621
-0.04719575 0.00488044 7622
-0.05144918 0.00467987 7623
-0.05599207 0.00446602 7624
-0.06084413 0.00423803 7625
-0.06602637 0.00399501 7626
-0.07156126 0.00373601 7627
-0.07747276 0.00346000 7628
-0.08378649 0.00316593 7629
-0.09052980 0.00285265 7630
-0.09773188 0.00251899 7631
-0.10542392 0.00216369 7632
-0.11363921 0.00178541 7633
-0.12241331 0.00138277 7634
-0.13178419 0.00095431 7635
-0.14179240 0.00049848 7636
-0.15248120 0.00001368 7637
-0.16389684 -0.00050179 7638
-0.17608866 -0.00104967 7639
-0.18910934 -0.00163182 7640
-0.20301516 -0.00225014 7641
-0.21786616 -0.00290661 7642
-0.23372648 -0.00360329 7643
-0.25066457 -0.00434229 7644
-0.26875352 -0.00512579 7645
-0.28807134 -0.00595601 7646
-0.30870131 -0.00683524 7647
-0.33073233 -0.00776577 7648
-0.35425930 -0.00874992 7649
-0.37938350 -0.00979002 7650
-0.40621303 -0.01088837 7651
-0.43486327 -0.01204722 7652
-0.46545736 -0.01326876 7653
-0.49812669 -0.01455506 7654
-0.53301150 -0.01590806 7655
-0.57026143 -0.01732948 7656
-0.61003613 -0.01882082 7657
-0.65250596 -0.02038324 7658
-0.69785269 -0.02201756 7659
-0.74627021 -0.02372410 7660
-0.79796539 -0.02550264 7661
-0.85315888 -0.02735232 7662
-0.91208607 -0.02927149 7663
-0.97499800 -0.03125757 7664
-1.04216245 -0.03330697 7665
-1.11386498 -0.03541483 7666
-1.19041015 -0.03757493 7667
-1.27212272 -0.03977942 7668
-1.35934901 -0.04201864 7669
-1.45245833 -0.04428088 7670
-1.55184444 -0.04655210 7671
-1.65792725 -0.04881573 7672
-1.77115446 -0.05105229 7673
-1.89200351 -0.05323923 7674
-2.02098350 -0.05535054 7675
-2.15863738 -0.05735654 7676
-2.30554423 -0.05922364 7677
-2.46232175 -0.06091412 7678
-2.62962899 -0.06238601 7679
-2.80816924 -0.06359307 7680
-2.99869326 -0.06448492 7681
-3.20200275 -0.06500737 7682
-3.41895422 -0.06510297 7683
-3.65046321 -0.06471205 7684
-3.89750902 -0.06377404 7685
-4.16113996 -0.06222962 7686
-4.44247926 -0.06002348 7687
-4.74273176 -0.05710822 7688
-5.06319146 -0.05344947 7689
-5.40525019 -0.04903276 7690
-5.77040760 -0.04387236 7691
-6.16028267 -0.03802288 7692
-6.57662716 -0.03159408 7693
-7.02134129 -0.02476988 7694
-7.49649228 -0.01783256 7695
-8.00433619 -0.01119346 7696
-8.54734387 -0.00543166 7697
-9.12823198 -0.00134274 7698
-9.75000000 0.00000000 7699
0.00000000 0.00000000 7700
-0.00094693 -0.00032139 7701
-0.00195836 -0.00066456 7702
-0.00303868 -0.00103096 7703
-0.00419258 -0.00142216 7704
-0.00542507 -0.00183983 7705
-0.00674151 -0.00228575 7706
-0.00814762 -0.00276182 7707
-0.00964951 -0.00327005 7708
-0.01125370 -0.00381260 7709
-0.01296717 -0.00439177 7710
-0.01479736 -0.00501000 7711
-0.01675222 -0.00566991 7712
-0.01884026 -0.00637427 7713
-0.02107054 -0.00712603 7714
-0.02345276 -0.00792836 7715
-0.02599729 -0.00878460 7716
-0.02871518 -0.00969833 7717
-0.03161825 -0.01067334 7718
-0.03471912 -0.01171367 7719
-0.03803129 -0.01282363 7720
-0.04156916 -0.01400778 7721
-0.04534812 -0.01527099 7722
-0.04938461 -0.01661840 7723
-0.05369621 -0.01805551 7724
-0.05830166 -0.01958814 7725
-0.06322103 -0.02122245 7726
-0.06847573 -0.02296500 7727
-0.07408864 -0.02482273 7728
-0.08008421 -0.02680301 7729
-0.08648856 -0.02891362 7730
-0.09332960 -0.03116280 7731
-0.10063714 -0.03355927 7732
-0.10844305 -0.03611225 7733
-0.11678136 -0.03883147 7734
-0.12568845 -0.04172717 7735
-0.13520319 -0.04481017 7736
-0.14536711 -0.04809186 7737
-0.15622459 -0.05158418 7738
-0.16782306 -0.05529972 7739
-0.18021322 -0.05925165 7740
-0.19344922 -0.06345375 7741
-0.20758897 -0.06792045 7742
-0.22269433 -0.07266678 7743
-0.23883145 -0.07770840 7744
-0.25607102 -0.08306158 7745
-0.27448860 -0.08874316 7746
-0.29416498 -0.09477054 7747
-0.31518650 -0.10116164 7748
-0.33764548 -0.10793482 7749
-0.36164063 -0.11510886 7750
-0.38727748 -0.12270283 7751
-0.41466888 -0.13073599 7752
-0.44393550 -0.13922770 7753
-0.47520638 -0.14819722 7754
-0.50861953 -0.15766355 7755
-0.54432256 -0.16764522 7756
-0.58247335 -0.17816001 7757
-0.62324079 -0.18922470 7758
-0.66680555 -0.20085467 7759
-0.71336092 -0.21306357 7760
-0.76311371 -0.22586280 7761
-0.81628521 -0.23926107 7762
-0.87311222 -0.25326373 7763
-0.93384815 -0.26787220 7764
-0.99876420 -0.28308315 7765
-1.06815067 -0.29888774 7766
-1.14231826 -0.31527065 7767
-1.22159957 -0.33220911 7768
-1.30635061 -0.34967178 7769
-1.39695253 -0.36761756 7770
-1.49381335 -0.38599435 7771
-1.59736986 -0.40473763 7772
-1.70808967 -0.42376914 7773
-1.82647334 -0.44299542 7774
-1.95305666 -0.46230641 7775
-2.08841310 -0.48157414 7776
-2.23315635 -0.50065153 7777
-2.38794300 -0.51937149 7778
-2.55347540 -0.53754644 7779
-2.73050459 -0.55496827 7780
-2.91983337 -0.57140933 7781
-3.12231946 -0.58662428 7782
-3.33887866 -0.60035366 7783
-3.57048817 -0.61232925 7784
-3.81818971 -0.62228216 7785
-4.08309268 -0.62995420 7786
-4.36637704 -0.63511367 7787
-4.66929593 -0.63757665 7788
-4.99317779 -0.63723554 7789
-5.33942782 -0.63409647 7790
-5.70952862 -0.62832827 7791
-6.10503951 -0.62032581 7792
-6.52759429 -0.61079136 7793
-6.97889697 -0.60083873 7794
-7.46071471 -0.59212565 7795
-7.97486740 -0.58702158 7796
-8.52321276 -0.58881940 7797
-9.10762599 -0.60200190 7798
-9.72997233 -0.63257595 7799
0.00449174 -0.00585326 7800
0.00366790 -0.00642003 7801
0.00278789 -0.00702520 7802
0.00184788 -0.00767135 7803
0.00084377 -0.00836125 7804
-0.00022880 -0.00909784 7805
-0.00137452 -0.00988426 7806
-0.00259839 -0.01072385 7807
-0.00390574 -0.01162018 7808
-0.00530228 -0.01257706 7809
-0.00679410 -0.01359853 7810
-0.00838772 -0.01468893 7811
-0.01009010 -0.01585285 7812
-0.01190868 -0.01709520 7813
-0.01385141 -0.01842120 7814
-0.01592679 -0.01983641 7815
-0.01814390 -0.02134676 7816
-0.02051246 -0.02295856 7817
-0.02304284 -0.02467851 7818
-0.02574613 -0.02651375 7819
-0.02863419 -0.02847189 7820
-0.03171971 -0.03056099 7821
-0.03501624 -0.03278965 7822
-0.03853827 -0.03516698 7823
-0.04230131 -0.03770268 7824
-0.04632192 -0.04040704 7825
-0.05061785 -0.04329098 7826
-0.05520804 -0.04636609 7827
-0.06011277 -0.04964466 7828
-0.06535375 -0.05313972 7829
-0.07095418 -0.05686506 7830
-0.07693890 -0.06083529 7831
-0.08333449 -0.06506584 7832
-0.09016938 -0.06957306 7833
-0.09747403 -0.07437419 7834
-0.10528102 -0.07948743 7835
-0.11362526 -0.08493198 7836
-0.12254409 -0.09072803 7837
-0.13207755 -0.09689687 7838
-0.14226849 -0.10346082 7839
-0.15316284 -0.11044335 7840
-0.16480980 -0.11786901 7841
-0.17726212 -0.12576351 7842
-0.19057633 -0.13415368 7843
-0.20481304 -0.14306749 7844
-0.22003725 -0.15253404 7845
-0.23631871 -0.16258349 7846
-0.25373222 -0.17324706 7847
-0.27235806 -0.18455695 7848
-0.29228244 -0.19654624 7849
-0.31359790 -0.20924880 7850
-0.33640383 -0.22269915 7851
-0.36080704 -0.23693229 7852
-0.38692230 -0.25198347 7853
-0.41487298 -0.26788797 7854
-0.44479178 -0.28468076 7855
-0.47682140 -0.30239619 7856
-0.51111542 -0.32106752 7857
-0.54783915 -0.34072647 7858
-0.58717058 -0.36140261 7859
-0.62930140 -0.38312273 7860
-0.67443817 -0.40591008 7861
-0.72280350 -0.42978349 7862
-0.77463736 -0.45475641 7863
-0.83019856 -0.48083579 7864
-0.88976625 -0.50802082 7865
-0.95364160 -0.53630156 7866
-1.02214964 -0.56565741 7867
-1.09564118 -0.59605538 7868
-1.17449488 -0.62744826 7869
-1.25911955 -0.65977260 7870
-1.34995650 -0.69294656 7871
-1.44748210 -0.72686767 7872
-1.55221053 -0.76141043 7873
-1.66469655 -0.79642395 7874
-1.78553852 -0.83172960 7875
-1.91538150 -0.86711876 7876
-2.05492035 -0.90235086 7877
-2.20490294 -0.93715189 7878
-2.36613327 -0.97121355 7879
-2.53947444 -1.00419338 7880
-2.72585146 -1.03571633 7881
-2.92625349 -1.06537818 7882
-3.14173563 -1.09275151 7883
-3.37341975 -1.11739508 7884
-3.62249409 -1.13886761 7885
-3.89021135 -1.15674738 7886
-4.17788443 -1.17065922 7887
-4.48687953 -1.18031105 7888
-4.81860536 -1.18554264 7889
-5.17449773 -1.18638971 7890
-5.55599794 -1.18316769 7891
-5.96452349 -1.17658000 7892
-6.40142890 -1.16785729 7893
-6.86795414 -1.15893539 7894
-7.36515747 -1.15268173 7895
-7.89382879 -1.15318210 7896
-8.45437845 -1.16610260 7897
-9.04669578 -1.19914502 7898
-9.66996953 -1.26261809 7899
0.01215443 -0.01109061 7900
0.01149790 -0.01184485 7901
0.01079654 -0.01265021 7902
0.01004726 -0.01351012 7903
0.00924678 -0.01442825 7904
0.00839160 -0.01540854 7905
0.00747795 -0.01645516 7906
0.00650182 -0.01757256 7907
0.00545893 -0.01876549 7908
0.00434468 -0.02003904 7909
0.00315417 -0.02139858 7910
0.00188215 -0.02284988 7911
0.00052301 -0.02439908 7912
-0.00092925 -0.02605270 7913
-0.00248106 -0.02781772 7914
-0.00413929 -0.02970153 7915
-0.00591129 -0.03171204 7916
-0.00780492 -0.03385766 7917
-0.00982861 -0.03614732 7918
-0.01199137 -0.03859056 7919
-0.01430283 -0.04119750 7920
-0.01677334 -0.04397891 7921
-0.01941395 -0.04694624 7922
-0.02223651 -0.05011167 7923
-0.02525370 -0.05348814 7924
-0.02847912 -0.05708938 7925
-0.03192733 -0.06092997 7926
-0.03561396 -0.06502540 7927
-0.03955574 -0.06939208 7928
-0.04377061 -0.07404741 7929
-0.04827783 -0.07900984 7930
-0.05309805 -0.08429890 7931
-0.05825344 -0.08993524 7932
-0.06376778 -0.09594073 7933
-0.06966662 -0.10233846 7934
-0.07597739 -0.10915280 7935
-0.08272957 -0.11640948 7936
-0.08995484 -0.12413560 7937
-0.09768727 -0.13235970 7938
-0.10596349 -0.14111178 7939
-0.11482292 -0.15042335 7940
-0.12430800 -0.16032746 7941
-0.13446443 -0.17085871 7942
-0.14534144 -0.18205327 7943
-0.15699210 -0.19394888 7944
-0.16947363 -0.20658484 7945
-0.18284777 -0.22000198 7946
-0.19718118 -0.23424260 7947
-0.21254581 -0.24935042 7948
-0.22901946 -0.26537046 7949
-0.24668621 -0.28234891 7950
-0.26563701 -0.30033301 7951
-0.28597033 -0.31937077 7952
-0.30779278 -0.33951076 7953
-0.33121989 -0.36080180 7954
-0.35637693 -0.38329256 7955
-0.38339977 -0.40703117 7956
-0.41243592 -0.43206461 7957
-0.44364554 -0.45843821 7958
-0.47720269 -0.48619482 7959
-0.51329661 -0.51537407 7960
-0.55213311 -0.54601138 7961
-0.59393618 -0.57813691 7962
-0.63894968 -0.61177427 7963
-0.68743918 -0.64693917 7964
-0.73969404 -0.68363783 7965
-0.79602960 -0.72186523 7966
-0.85678957 -0.76160319 7967
-0.92234867 -0.80281816 7968
-0.99311543 -0.84545895 7969
-1.06953516 -0.88945415 7970
-1.15209327 -0.93470941 7971
-1.24131862 -0.98110463 7972
-1.33778716 -1.02849090 7973
-1.44212574 -1.07668756 7974
-1.55501596 -1.12547918 7975
-1.67719816 -1.17461280 7976
-1.80947536 -1.22379543 7977
-1.95271705 -1.27269223 7978
-2.10786277 -1.32092544 7979
-2.27592510 -1.36807475 7980
-2.45799200 -1.41367925 7981
-2.65522804 -1.45724201 7982
-2.86887409 -1.49823780 7983
-3.10024493 -1.53612528 7984
-3.35072415 -1.57036478 7985
-3.62175523 -1.60044359 7986
-3.91482792 -1.62591073 7987
-4.23145826 -1.64642410 7988
-4.57316065 -1.66181311 7989
-4.94140952 -1.67216131 7990
-5.33758799 -1.67791400 7991
-5.76291995 -1.68001756 7992
-6.21838115 -1.68009841 7993
-6.70458413 -1.68069181 7994
-7.22163009 -1.68553283 7995
-7.76891967 -1.69992486 7996
-8.34491233 -1.73120481 7997
-8.94682178 -1.78932812 7998
-9.57023196 -1.88760277 7999
0.02349589 -0.01455459 8000
0.02301402 -0.01543076 8001
0.02249913 -0.01636631 8002
0.02194894 -0.01736526 8003
0.02136102 -0.01843186 8004
0.02073276 -0.01957069 8005
0.02006136 -0.02078659 8006
0.01934385 -0.02208476 8007
0.01857702 -0.02347071 8008
0.01775746 -0.02495034 8009
0.01688150 -0.02652994 8010
0.01594521 -0.02821619 8011
0.01494439 -0.03001623 8012
0.01387454 -0.03193766 8013
0.01273084 -0.03398860 8014
0.01150812 -0.03617765 8015
0.01020083 -0.03851402 8016
0.00880304 -0.04100749 8017
0.00730837 -0.04366848 8018
0.00570998 -0.04650808 8019
0.00400055 -0.04953808 8020
0.00217220 -0.05277104 8021
0.00021649 -0.05622030 8022
-0.00187567 -0.05990006 8023
-0.00411402 -0.06382539 8024
-0.00650903 -0.06801231 8025
-0.00907197 -0.07247785 8026
-0.01181495 -0.07724007 8027
-0.01475101 -0.08231813 8028
-0.01789416 -0.08773236 8029
-0.02125952 -0.09350430 8030
-0.02486335 -0.09965679 8031
-0.02872320 -0.10621400 8032
-0.03285797 -0.11320149 8033
-0.03728807 -0.12064630 8034
-0.04203554 -0.12857701 8035
-0.04712417 -0.13702376 8036
-0.05257966 -0.14601835 8037
-0.05842985 -0.15559431 8038
-0.06470482 -0.16578688 8039
-0.07143715 -0.17663315 8040
-0.07866217 -0.18817203 8041
-0.08641816 -0.20044434 8042
-0.09474666 -0.21349277 8043
-0.10369277 -0.22736196 8044
-0.11330552 -0.24209847 8045
-0.12363820 -0.25775075 8046
-0.13474880 -0.27436909 8047
-0.14670050 -0.29200562 8048
-0.15956214 -0.31071414 8049
-0.17340878 -0.33055003 8050
-0.18832239 -0.35157009 8051
-0.20439249 -0.37383232 8052
-0.22171693 -0.39739566 8053
-0.24040275 -0.42231967 8054
-0.26056715 -0.44866413 8055
-0.28233850 -0.47648861 8056
-0.30585751 -0.50585188 8057
-0.33127855 -0.53681128 8058
-0.35877100 -0.56942195 8059
-0.38852089 -0.60373598 8060
-0.42073261 -0.63980134 8061
-0.45563079 -0.67766079 8062
-0.49346242 -0.71735048 8063
-0.53449918 -0.75889852 8064
-0.57903994 -0.80232322 8065
-0.62741354 -0.84763125 8066
-0.67998178 -0.89481552 8067
-0.73714274 -0.94385287 8068
-0.79933427 -0.99470152 8069
-0.86703784 -1.04729834 8070
-0.94078257 -1.10155594 8071
-1.02114961 -1.15735951 8072
-1.10877662 -1.21456368 8073
-1.20436253 -1.27298921 8074
-1.30867238 -1.33241981 8075
-1.42254216 -1.39259915 8076
-1.54688356 -1.45322825 8077
-1.68268843 -1.51396348 8078
-1.83103273 -1.57441560 8079
-1.99307957 -1.63415021 8080
-2.17008112 -1.69269009 8081
-2.36337865 -1.74952039 8082
-2.57440019 -1.80409733 8083
-2.80465483 -1.85586185 8084
-3.05572263 -1.90425948 8085
-3.32923875 -1.94876844 8086
-3.62687000 -1.98893845 8087
-3.95028166 -2.02444294 8088
-4.30109180 -2.05514876 8089
-4.68080962 -2.08120772 8090
-5.09075353 -2.10317603 8091
-5.53194373 -2.12216866 8092
-6.00496237 -2.14005776 8093
-6.50977337 -2.15972611 8094
-7.04549148 -2.18538948 8095
-7.61008797 -2.22300475 8096
-8.20001740 -2.28078506 8097
-8.80974618 -2.36984767 8098
-9.43115911 -2.50502660 8099
0.03806376 -0.01698046 8100
0.03773511 -0.01792483 8101
0.03738382 -0.01893322 8102
0.03700829 -0.02000996 8103
0.03660685 -0.02115965 8104
0.03617768 -0.02238722 8105
0.03571882 -0.02369790 8106
0.03522821 -0.02509730 8107
0.03470360 -0.02659136 8108
0.03414259 -0.02818646 8109
0.03354261 -0.02988937 8110
0.03290091 -0.03170733 8111
0.03221451 -0.03364803 8112
0.03148023 -0.03571969 8113
0.03069466 -0.03793106 8114
0.02985411 -0.04029146 8115
0.02895465 -0.04281082 8116
0.02799201 -0.04549972 8117
0.02696163 -0.04836942 8118
0.02585858 -0.05143191 8119
0.02467758 -0.05469995 8120
0.02341290 -0.05818710 8121
0.02205840 -0.06190783 8122
0.02060744 -0.06587748 8123
0.01905286 -0.07011239 8124
0.01738693 -0.07462991 8125
0.01560129 -0.07944847 8126
0.01368693 -0.08458767 8127
0.01163408 -0.09006827 8128
0.00943217 -0.09591234 8129
0.00706976 -0.10214327 8130
0.00453443 -0.10878584 8131
0.00181274 -0.11586633 8132
-0.00110992 -0.12341254 8133
-0.00424941 -0.13145391 8134
-0.00762298 -0.14002153 8135
-0.01124940 -0.14914828 8136
-0.01514910 -0.15886886 8137
-0.01934434 -0.16921985 8138
-0.02385941 -0.18023982 8139
-0.02872084 -0.19196934 8140
-0.03395758 -0.20445107 8141
-0.03960134 -0.21772979 8142
-0.04568679 -0.23185246 8143
-0.05225192 -0.24686823 8144
-0.05933839 -0.26282847 8145
-0.06699193 -0.27978675 8146
-0.07526277 -0.29779884 8147
-0.08420611 -0.31692265 8148
-0.09388270 -0.33721819 8149
-0.10435945 -0.35874741 8150
-0.11571007 -0.38157411 8151
-0.12801590 -0.40576374 8152
-0.14136668 -0.43138314 8153
-0.15586154 -0.45850030 8154
-0.17161005 -0.48718394 8155
-0.18873340 -0.51750312 8156
-0.20736567 -0.54952669 8157
-0.22765531 -0.58332271 8158
-0.24976678 -0.61895768 8159
-0.27388229 -0.65649574 8160
-0.30020382 -0.69599767 8161
-0.32895530 -0.73751975 8162
-0.36038505 -0.78111253 8163
-0.39476846 -0.82681930 8164
-0.43241093 -0.87467450 8165
-0.47365106 -0.92470186 8166
-0.51886423 -0.97691232 8167
-0.56846639 -1.03130180 8168
-0.62291821 -1.08784872 8169
-0.68272959 -1.14651128 8170
-0.74846438 -1.20722463 8171
-0.82074547 -1.26989779 8172
-0.90026012 -1.33441055 8173
-0.98776547 -1.40061030 8174
-1.08409413 -1.46830884 8175
-1.19015983 -1.53727958 8176
-1.30696277 -1.60725498 8177
-1.43559466 -1.67792471 8178
-1.57724295 -1.74893484 8179
-1.73319395 -1.81988842 8180
-1.90483427 -1.89034814 8181
-2.09364992 -1.95984164 8182
-2.30122217 -2.02787067 8183
-2.52921904 -2.09392501 8184
-2.77938105 -2.15750286 8185
-3.05349929 -2.21813960 8186
-3.35338382 -2.27544723 8187
-3.68081912 -2.32916758 8188
-4.03750351 -2.37924313 8189
-4.42496763 -2.42591001 8190
-4.84446675 -2.46981920 8191
-5.29683975 -2.51219316 8192
-5.78232635 -2.55502700 8193
-6.30033174 -2.60134545 8194
-6.84912555 -2.65552948 8195
-7.42545870 -2.72372992 8196
-8.02407802 -2.81438922 8197
-8.63711355 -2.93889768 8198
-9.25330805 -3.11241645 8199
0.05650974 -0.01930995 8200
0.05630033 -0.02028768 8201
0.05607635 -0.02133173 8202
0.05583676 -0.02244656 8203
0.05558045 -0.02363696 8204
0.05530623 -0.02490802 8205
0.05501280 -0.02626517 8206
0.05469880 -0.02771423 8207
0.05436272 -0.02926136 8208
0.05400298 -0.03091317 8209
0.05361785 -0.03267668 8210
0.05320547 -0.03455941 8211
0.05276385 -0.03656933 8212
0.05229084 -0.03871498 8213
0.05178411 -0.04100543 8214
0.05124115 -0.04345036 8215
0.05065925 -0.04606008 8216
0.05003549 -0.04884557 8217
0.04936671 -0.05181854 8218
0.04864947 -0.05499143 8219
0.04788007 -0.05837751 8220
0.04705449 -0.06199090 8221
0.04616838 -0.06584661 8222
0.04521701 -0.06996061 8223
0.04419525 -0.07434992 8224
0.04309751 -0.07903258 8225
0.04191773 -0.08402781 8226
0.04064930 -0.08935600 8227
0.03928503 -0.09503882 8228
0.03781706 -0.10109928 8229
0.03623682 -0.10756179 8230
0.03453495 -0.11445223 8231
0.03270121 -0.12179807 8232
0.03072439 -0.12962837 8233
0.02859220 -0.13797394 8234
0.02629119 -0.14686736 8235
0.02380656 -0.15634309 8236
0.02112206 -0.16643755 8237
0.01821982 -0.17718918 8238
0.01508016 -0.18863854 8239
0.01168141 -0.20082838 8240
0.00799963 -0.21380368 8241
0.00400843 -0.22761177 8242
-0.00032138 -0.24230233 8243
-0.00502209 -0.25792748 8244
-0.01012942 -0.27454181 8245
-0.01568298 -0.29220237 8246
-0.02172667 -0.31096872 8247
-0.02830922 -0.33090288 8248
-0.03548474 -0.35206930 8249
-0.04331337 -0.37453482 8250
-0.05186200 -0.39836852 8251
-0.06120506 -0.42364158 8252
-0.07142543 -0.45042715 8253
-0.08261543 -0.47880003 8254
-0.09487797 -0.50883643 8255
-0.10832780 -0.54061355 8256
-0.12309290 -0.57420917 8257
-0.13931609 -0.60970107 8258
-0.15715672 -0.64716643 8259
-0.17679269 -0.68668106 8260
-0.19842255 -0.72831851 8261
-0.22226795 -0.77214910 8262
-0.24857625 -0.81823871 8263
-0.27762350 -0.86664749 8264
-0.30971766 -0.91742835 8265
-0.34520212 -0.97062529 8266
-0.38445961 -1.02627150 8267
-0.42791643 -1.08438732 8268
-0.47604700 -1.14497793 8269
-0.52937884 -1.20803092 8270
-0.58849778 -1.27351363 8271
-0.65405362 -1.34137039 8272
-0.72676597 -1.41151962 8273
-0.80743030 -1.48385097 8274
-0.89692414 -1.55822246 8275
-0.99621317 -1.63445786 8276
-1.10635714 -1.71234448 8277
-1.22851517 -1.79163163 8278
-1.36395026 -1.87202995 8279
-1.51403236 -1.95321228 8280
-1.68023954 -2.03481637 8281
-1.86415629 -2.11645026 8282
-2.06746811 -2.19770131 8283
-2.29195089 -2.27814985 8284
-2.53945357 -2.35738901 8285
-2.81187191 -2.43505264 8286
-3.11111073 -2.51085343 8287
-3.43903125 -2.58463438 8288
-3.79737948 -2.65643700 8289
-4.18769037 -2.72659098 8290
-4.61116119 -2.79583082 8291
-5.06848622 -2.86544649 8292
-5.55964255 -2.93747687 8293
-6.08361467 -3.01495665 8294
-6.63804244 -3.10223011 8295
-7.21877327 -3.20534836 8296
-7.81929515 -3.33257031 8297
-8.43002138 -3.49499258 8298
-9.03739115 -3.70733942 8299
0.07983414 -0.02092209 8300
0.07971076 -0.02191435 8301
0.07957864 -0.02297394 8302
0.07943713 -0.02410539 8303
0.07928555 -0.02531356 8304
0.07912314 -0.02660363 8305
0.07894910 -0.02798113 8306
0.07876255 -0.02945194 8307
0.07856256 -0.03102236 8308
0.07834809 -0.03269909 8309
0.07811804 -0.03448928 8310
0.07787122 -0.03640056 8311
0.07760633 -0.03844106 8312
0.07732196 -0.04061944 8313
0.07701657 -0.04294494 8314
0.07668852 -0.04542742 8315
0.07633599 -0.04807737 8316
0.07595702 -0.05090597 8317
0.07554945 -0.05392514 8318
0.07511096 -0.05714755 8319
0.07463900 -0.06058674 8320
0.07413077 -0.06425708 8321
0.07358323 -0.06817388 8322
0.07299305 -0.07235345 8323
0.07235656 -0.07681313 8324
0.07166977 -0.08157136 8325
0.07092826 -0.08664774 8326
0.07012721 -0.09206314 8327
0.06926128 -0.09783969 8328
0.06832463 -0.10400092 8329
0.06731078 -0.11057183 8330
0.06621262 -0.11757893 8331
0.06502226 -0.12505034 8332
0.06373100 -0.13301591 8333
0.06232921 -0.14150723 8334
0.06080620 -0.15055779 8335
0.05915013 -0.16020303 8336
0.05734788 -0.17048044 8337
0.05538483 -0.18142965 8338
0.05324475 -0.19309250 8339
0.05090958 -0.20551317 8340
0.04835920 -0.21873821 8341
0.04557117 -0.23281668 8342
0.04252047 -0.24780017 8343
0.03917916 -0.26374291 8344
0.03551604 -0.28070180 8345
0.03149622 -0.29873648 8346
0.02708067 -0.31790935 8347
0.02222573 -0.33828560 8348
0.01688249 -0.35993318 8349
0.01099617 -0.38292279 8350
0.00450537 -0.40732783 8351
-0.00265876 -0.43322429 8352
-0.01057342 -0.46069063 8353
-0.01932524 -0.48980757 8354
-0.02901139 -0.52065792 8355
-0.03974095 -0.55332621 8356
-0.05163634 -0.58789841 8357
-0.06483496 -0.62446141 8358
-0.07949102 -0.66310253 8359
-0.09577756 -0.70390891 8360
-0.11388877 -0.74696673 8361
-0.13404245 -0.79236037 8362
-0.15648284 -0.84017139 8363
-0.18148369 -0.89047745 8364
-0.20935169 -0.94335094 8365
-0.24043017 -0.99885757 8366
-0.27510322 -1.05705473 8367
-0.31380016 -1.11798965 8368
-0.35700037 -1.18169744 8369
-0.40523848 -1.24819893 8370
-0.45910999 -1.31749837 8371
-0.51927712 -1.38958099 8372
-0.58647507 -1.46441049 8373
-0.66151837 -1.54192652 8374
-0.74530738 -1.62204224 8375
-0.83883476 -1.70464208 8376
-0.94319155 -1.78957991 8377
-1.05957279 -1.87667777 8378
-1.18928203 -1.96572557 8379
-1.33373444 -2.05648210 8380
-1.49445771 -2.14867780 8381
-1.67308984 -2.24202014 8382
-1.87137288 -2.33620218 8383
-2.09114092 -2.43091568 8384
-2.33430079 -2.52586982 8385
-2.60280299 -2.62081749 8386
-2.89860002 -2.71559112 8387
-3.22358855 -2.81015086 8388
-3.57953075 -2.90464839 8389
-3.96794924 -2.99951064 8390
-4.38998856 -3.09554859 8391
-4.84623422 -3.19409776 8392
-5.33647869 -3.29719834 8393
-5.85942044 -3.40782507 8394
-6.41227954 -3.53017930 8395
-6.99030883 -3.67005848 8396
-7.58617516 -3.83532201 8397
-8.18917899 -4.03647701 8398
-8.78427330 -4.28741251 8399
0.10917106 -0.02201091 8400
0.10910776 -0.02300881 8401
0.10903978 -0.02407444 8402
0.10896677 -0.02521237 8403
0.10888833 -0.02642749 8404
0.10880402 -0.02772502 8405
0.10871337 -0.02911052 8406
0.10861587 -0.03058992 8407
0.10851094 -0.03216957 8408
0.10839798 -0.03385620 8409
0.10827631 -0.03565704 8410
0.10814519 -0.03757977 8411
0.10800383 -0.03963257 8412
0.10785134 -0.04182420 8413
0.10768674 -0.04416396 8414
0.10750898 -0.04666179 8415
0.10731688 -0.04932827 8416
0.10710914 -0.05217469 8417
0.10688436 -0.05521308 8418
0.10664096 -0.05845624 8419
0.10637721 -0.06191782 8420
0.10609118 -0.06561235 8421
0.10578078 -0.06955530 8422
0.10544363 -0.07376316 8423
0.10507714 -0.07825345 8424
0.10467842 -0.08304484 8425
0.10424425 -0.08815717 8426
0.10377106 -0.09361156 8427
0.10325487 -0.09943044 8428
0.10269124 -0.10563768 8429
0.10207522 -0.11225860 8430
0.10140130 -0.11932013 8431
0.10066330 -0.12685084 8432
0.09985433 -0.13488105 8433
0.09896665 -0.14344291 8434
0.09799163 -0.15257053 8435
0.09691956 -0.16230002 8436
0.09573959 -0.17266963 8437
0.09443950 -0.18371983 8438
0.09300562 -0.19549342 8439
0.09142253 -0.20803564 8440
0.08967295 -0.22139424 8441
0.08773742 -0.23561959 8442
0.08559403 -0.25076480 8443
0.08321814 -0.26688575 8444
0.08058199 -0.28404123 8445
0.07765432 -0.30229299 8446
0.07439987 -0.32170581 8447
0.07077894 -0.34234753 8448
0.06674675 -0.36428910 8449
0.06225279 -0.38760459 8450
0.05724012 -0.41237120 8451
0.05164451 -0.43866917 8452
0.04539352 -0.46658175 8453
0.03840543 -0.49619507 8454
0.03058808 -0.52759802 8455
0.02183755 -0.56088196 8456
0.01203663 -0.59614055 8457
0.00105321 -0.63346935 8458
-0.01126159 -0.67296542 8459
-0.02507552 -0.71472687 8460
-0.04057751 -0.75885218 8461
-0.05798021 -0.80543959 8462
-0.07752288 -0.85458624 8463
-0.09947451 -0.90638725 8464
-0.12413734 -0.96093464 8465
-0.15185067 -1.01831610 8466
-0.18299503 -1.07861367 8467
-0.21799680 -1.14190215 8468
-0.25733313 -1.20824751 8469
-0.30153729 -1.27770501 8470
-0.35120439 -1.35031731 8471
-0.40699744 -1.42611238 8472
-0.46965366 -1.50510144 8473
-0.53999107 -1.58727682 8474
-0.61891511 -1.67260996 8475
-0.70742524 -1.76104962 8476
-0.80662111 -1.85252036 8477
-0.91770829 -1.94692174 8478
-1.04200279 -2.04412825 8479
-1.18093408 -2.14399053 8480
-1.33604585 -2.24633821 8481
-1.50899349 -2.35098508 8482
-1.70153726 -2.45773733 8483
-1.91552952 -2.56640573 8484
-2.15289434 -2.67682315 8485
-2.41559675 -2.78886888 8486
-2.70559902 -2.90250171 8487
-3.02479984 -3.01780420 8488
-3.37495184 -3.13504138 8489
-3.75755152 -3.25473737 8490
-4.17369408 -3.37777512 8491
-4.62388412 -3.50552476 8492
-5.10779069 -3.64000832 8493
-5.62393251 -3.78410964 8494
-6.16927597 -3.94184088 8495
-6.73872404 -4.11867970 8496
-7.32446948 -4.32199406 8497
-7.91517906 -4.56157628 8498
-8.49496835 -4.85031222 8499
0.14604504 -0.02262910 8500
0.14602408 -0.02362879 8501
0.14600133 -0.02469635 8502
0.14597662 -0.02583638 8503
0.14594976 -0.02705377 8504
0.14592054 -0.02835375 8505
0.14588871 -0.02974191 8506
0.14585403 -0.03122420 8507
0.14581618 -0.03280699 8508
0.14577486 -0.03449703 8509
0.14572969 -0.03630158 8510
0.14568026 -0.03822834 8511
0.14562613 -0.04028555 8512
0.14556677 -0.04248197 8513
0.14550163 -0.04482697 8514
0.14543006 -0.04733052 8515
0.14535135 -0.05000326 8516
0.14526468 -0.05285654 8517
0.14516916 -0.05590244 8518
0.14506377 -0.05915384 8519
0.14494735 -0.06262447 8520
0.14481863 -0.06632895 8521
0.14467615 -0.07028286 8522
0.14451828 -0.07450278 8523
0.14434316 -0.07900638 8524
0.14414872 -0.08381247 8525
0.14393260 -0.08894104 8526
0.14369215 -0.09441340 8527
0.14342436 -0.10025219 8528
0.14312584 -0.10648149 8529
0.14279275 -0.11312690 8530
0.14242075 -0.12021564 8531
0.14200493 -0.12777662 8532
0.14153972 -0.13584051 8533
0.14101882 -0.14443992 8534
0.14043509 -0.15360940 8535
0.13978045 -0.16338562 8536
0.13904573 -0.17380744 8537
0.13822055 -0.18491603 8538
0.13729315 -0.19675497 8539
0.13625016 -0.20937038 8540
0.13507647 -0.22281101 8541
0.13375490 -0.23712839 8542
0.13226601 -0.25237689 8543
0.13058772 -0.26861387 8544
0.12869501 -0.28589977 8545
0.12655951 -0.30429821 8546
0.12414903 -0.32387607 8547
0.12142709 -0.34470362 8548
0.11835231 -0.36685452 8549
0.11487781 -0.39040593 8550
0.11095042 -0.41543851 8551
0.10650991 -0.44203648 8552
0.10148805 -0.47028755 8553
0.09580752 -0.50028293 8554
0.08938080 -0.53211721 8555
0.08210881 -0.56588825 8556
0.07387944 -0.60169705 8557
0.06456590 -0.63964743 8558
0.05402482 -0.67984584 8559
0.04209423 -0.72240094 8560
0.02859120 -0.76742317 8561
0.01330931 -0.81502422 8562
-0.00398427 -0.86531641 8563
-0.02355188 -0.91841197 8564
-0.04568889 -0.97442216 8565
-0.07072756 -1.03345631 8566
-0.09904122 -1.09562076 8567
-0.13104888 -1.16101761 8568
-0.16722017 -1.22974339 8569
-0.20808075 -1.30188756 8570
-0.25421803 -1.37753099 8571
-0.30628724 -1.45674427 8572
-0.36501781 -1.53958606 8573
-0.43121994 -1.62610137 8574
-0.50579127 -1.71632000 8575
-0.58972342 -1.81025514 8576
-0.68410830 -1.90790235 8577
-0.79014365 -2.00923902 8578
-0.90913763 -2.11422465 8579
-1.04251177 -2.22280224 8580
-1.19180149 -2.33490120 8581
-1.35865351 -2.45044231 8582
-1.54481867 -2.56934552 8583
-1.75213882 -2.69154129 8584
-1.98252587 -2.81698674 8585
-2.23793035 -2.94568794 8586
-2.52029673 -3.07773009 8587
-2.83150135 -3.21331782 8588
-3.17326833 -3.35282834 8589
-3.54705737 -3.49688096 8590
-3.95391585 -3.64642707 8591
-4.39428609 -3.80286617 8592
-4.86775587 -3.96819435 8593
-5.37273811 -4.14519348 8594
-5.90606163 -4.33767125 8595
-6.46245112 -4.55076461 8596
-7.03386897 -4.79132207 8597
-7.60868535 -5.06838389 8598
-8.17063513 -5.39378383 8599
0.19237785 -0.02228201 8600
0.19238791 -0.02328187 8601
0.19239830 -0.02434964 8602
0.19240898 -0.02548992 8603
0.19241991 -0.02670760 8604
0.19243106 -0.02800794 8605
0.19244236 -0.02939652 8606
0.19245373 -0.03087930 8607
0.19246508 -0.03246265 8608
0.19247630 -0.03415337 8609
0.19248726 -0.03595870 8610
0.19249778 -0.03788637 8611
0.19250767 -0.03994463 8612
0.19251671 -0.04214228 8613
0.19252461 -0.04448870 8614
0.19253106 -0.04699390 8615
0.19253569 -0.04966855 8616
0.19253803 -0.05252404 8617
0.19253758 -0.05557248 8618
0.19253374 -0.05882681 8619
0.19252579 -0.06230082 8620
0.19251292 -0.06600919 8621
0.19249418 -0.06996757 8622
0.19246847 -0.07419264 8623
0.19243453 -0.07870216 8624
0.19239087 -0.08351503 8625
0.19233581 -0.08865140 8626
0.19226739 -0.09413270 8627
0.19218334 -0.09998175 8628
0.19208109 -0.10622280 8629
0.19195763 -0.11288169 8630
0.19180954 -0.11998586 8631
0.19163288 -0.12756450 8632
0.19142313 -0.13564862 8633
0.19117508 -0.14427117 8634
0.19088280 -0.15346712 8635
0.19053946 -0.16327362 8636
0.19013726 -0.17373006 8637
0.18966725 -0.18487822 8638
0.18911921 -0.19676238 8639
0.18848144 -0.20942946 8640
0.18774057 -0.22292911 8641
0.18688133 -0.23731388 8642
0.18588627 -0.25263933 8643
0.18473546 -0.26896415 8644
0.18340619 -0.28635030 8645
0.18187252 -0.30486312 8646
0.18010490 -0.32457148 8647
0.17806963 -0.34554787 8648
0.17572835 -0.36786849 8649
0.17303734 -0.39161340 8650
0.16994687 -0.41686655 8651
0.16640034 -0.44371587 8652
0.16233341 -0.47225332 8653
0.15767295 -0.50257490 8654
0.15233587 -0.53478067 8655
0.14622785 -0.56897468 8656
0.13924186 -0.60526490 8657
0.13125651 -0.64376313 8658
0.12213426 -0.68458477 8659
0.11171931 -0.72784866 8660
0.09983538 -0.77367673 8661
0.08628309 -0.82219367 8662
0.07083720 -0.87352646 8663
0.05324344 -0.92780385 8664
0.03321507 -0.98515575 8665
0.01042905 -1.04571249 8666
-0.01547808 -1.10960399 8667
-0.04491478 -1.17695886 8668
-0.07833943 -1.24790336 8669
-0.11626565 -1.32256024 8670
-0.15926799 -1.40104760 8671
-0.20798792 -1.48347760 8672
-0.26314018 -1.56995516 8673
-0.32551926 -1.66057671 8674
-0.39600601 -1.75542907 8675
-0.47557413 -1.85458841 8676
-0.56529633 -1.95811968 8677
-0.66634989 -2.06607640 8678
-0.78002108 -2.17850122 8679
-0.90770802 -2.29542754 8680
-1.05092116 -2.41688241 8681
-1.21128053 -2.54289134 8682
-1.39050847 -2.67348561 8683
-1.59041640 -2.80871279 8684
-1.81288371 -2.94865153 8685
-2.05982628 -3.09343183 8686
-2.33315158 -3.24326233 8687
-2.63469649 -3.39846665 8688
-2.96614310 -3.55953113 8689
-3.32890628 -3.72716708 8690
-3.72398575 -3.90239135 8691
-4.15177309 -4.08662994 8692
-4.61180218 -4.28185042 8693
-5.10242869 -4.49073060 8694
-5.62042081 -4.71687227 8695
-6.16043899 -4.96507125 8696
-6.71437777 -5.24165741 8697
-7.27053581 -5.55492162 8698
-7.81257276 -5.91565047 8699
0.24504085 -0.02058316 8700
0.24507441 -0.02158252 8701
0.24510991 -0.02264977 8702
0.24514742 -0.02378952 8703
0.24518702 -0.02500667 8704
0.24522879 -0.02630647 8705
0.24527280 -0.02769451 8706
0.24531912 -0.02917676 8707
0.24536781 -0.03075959 8708
0.24541892 -0.03244982 8709
0.24547250 -0.03425468 8710
0.24552856 -0.03618193 8711
0.24558711 -0.03823982 8712
0.24564814 -0.04043717 8713
0.24571160 -0.04278339 8714
0.24577742 -0.04528849 8715
0.24584547 -0.04796317 8716
0.24591560 -0.05081885 8717
0.24598759 -0.05386769 8718
0.24606116 -0.05712266 8719
0.24613595 -0.06059758 8720
0.24621151 -0.06430720 8721
0.24628728 -0.06826723 8722
0.24636260 -0.07249442 8723
0.24643663 -0.07700659 8724
0.24650841 -0.08182277 8725
0.24657674 -0.08696319 8726
0.24664024 -0.09244942 8727
0.24669724 -0.09830441 8728
0.24674579 -0.10455260 8729
0.24678360 -0.11121999 8730
0.24680796 -0.11833425 8731
0.24681573 -0.12592482 8732
0.24680322 -0.13402300 8733
0.24676617 -0.14266205 8734
0.24669960 -0.15187734 8735
0.24659774 -0.16170643 8736
0.24645390 -0.17218921 8737
0.24626038 -0.18336803 8738
0.24600823 -0.19528780 8739
0.24568717 -0.20799617 8740
0.24528534 -0.22154365 8741
0.24478909 -0.23598374 8742
0.24418272 -0.25137309 8743
0.24344820 -0.26777164 8744
0.24256484 -0.28524277 8745
0.24150890 -0.30385347 8746
0.24025319 -0.32367443 8747
0.23876657 -0.34478026 8748
0.23701342 -0.36724957 8749
0.23495303 -0.39116515 8750
0.23253887 -0.41661405 8751
0.22971785 -0.44368776 8752
0.22642938 -0.47248226 8753
0.22260443 -0.50309811 8754
0.21816433 -0.53564057 8755
0.21301957 -0.57021958 8756
0.20706832 -0.60694980 8757
0.20019486 -0.64595061 8758
0.19226776 -0.68734601 8759
0.18313793 -0.73126456 8760
0.17263630 -0.77783920 8761
0.16057141 -0.82720707 8762
0.14672657 -0.87950920 8763
0.13085686 -0.93489023 8764
0.11268571 -0.99349795 8765
0.09190116 -1.05548285 8766
0.06815180 -1.12099753 8767
0.04104231 -1.19019610 8768
0.01012864 -1.26323339 8769
-0.02508725 -1.34026423 8770
-0.06516288 -1.42144253 8771
-0.11072125 -1.50692047 8772
-0.16245695 -1.59684756 8773
-0.22114254 -1.69136978 8774
-0.28763508 -1.79062887 8775
-0.36288240 -1.89476176 8776
-0.44792920 -2.00390027 8777
-0.54392238 -2.11817133 8778
-0.65211547 -2.23769784 8779
-0.77387125 -2.36260036 8780
-0.91066225 -2.49300012 8781
-1.06406787 -2.62902367 8782
-1.23576717 -2.77080969 8783
-1.42752573 -2.91851870 8784
-1.64117465 -3.07234656 8785
-1.87857942 -3.23254275 8786
-2.14159544 -3.39943488 8787
-2.43200655 -3.57346115 8788
-2.75144174 -3.75521283 8789
-3.10126406 -3.94548957 8790
-3.48242436 -4.14537067 8791
-3.89527068 -4.35630671 8792
-4.33930166 -4.58023644 8793
-4.81284996 -4.81973546 8794
-5.31267798 -5.07820447 8795
-5.83346409 -5.36010692 8796
-6.36715259 -5.67126802 8797
-6.90213410 -6.01924997 8798
-7.42221549 -6.41382176 8799
0.29768684 -0.01768584 8800
0.29773826 -0.01868445 8801
0.29779284 -0.01975092 8802
0.29785074 -0.02088985 8803
0.29791212 -0.02210617 8804
0.29797718 -0.02340510 8805
0.29804607 -0.02479225 8806
0.29811899 -0.02627360 8807
0.29819610 -0.02785552 8808
0.29827760 -0.02954481 8809
0.29836365 -0.03134875 8810
0.29845442 -0.03327507 8811
0.29855008 -0.03533206 8812
0.29865078 -0.03752853 8813
0.29875666 -0.03987391 8814
0.29886782 -0.04237825 8815
0.29898437 -0.04505225 8816
0.29910635 -0.04790735 8817
0.29923380 -0.05095574 8818
0.29936668 -0.05421044 8819
0.29950490 -0.05768530 8820
0.29964832 -0.06139511 8821
0.29979670 -0.06535565 8822
0.29994969 -0.06958371 8823
0.30010684 -0.07409721 8824
0.30026757 -0.07891525 8825
0.30043111 -0.08405816 8826
0.30059653 -0.08954761 8827
0.30076264 -0.09540670 8828
0.30092803 -0.10166001 8829
0.30109097 -0.10833372 8830
0.30124936 -0.11545570 8831
0.30140072 -0.12305562 8832
0.30154208 -0.13116503 8833
0.30166993 -0.13981751 8834
0.30178014 -0.14904878 8835
0.30186782 -0.15889679 8836
0.30192728 -0.16940189 8837
0.30195184 -0.18060695 8838
0.30193370 -0.19255750 8839
0.30186383 -0.20530187 8840
0.30173168 -0.21889135 8841
0.30152508 -0.23338035 8842
0.30122990 -0.24882654 8843
0.30082983 -0.26529105 8844
0.30030603 -0.28283860 8845
0.29963683 -0.30153770 8846
0.29879722 -0.32146080 8847
0.29775851 -0.34268449 8848
0.29648771 -0.36528967 8849
0.29494697 -0.38936171 8850
0.29309294 -0.41499060 8851
0.29087595 -0.44227119 8852
0.28823921 -0.47130327 8853
0.28511779 -0.50219175 8854
0.28143759 -0.53504680 8855
0.27711403 -0.56998397 8856
0.27205077 -0.60712426 8857
0.26613807 -0.64659426 8858
0.25925109 -0.68852614 8859
0.25124798 -0.73305771 8860
0.24196766 -0.78033237 8861
0.23122742 -0.83049911 8862
0.21882025 -0.88371236 8863
0.20451186 -0.94013184 8864
0.18803740 -0.99992239 8865
0.16909783 -1.06325371 8866
0.14735597 -1.13030000 8867
0.12243216 -1.20123965 8868
0.09389960 -1.27625475 8869
0.06127927 -1.35553065 8870
0.02403452 -1.43925546 8871
-0.01843464 -1.52761949 8872
-0.06679759 -1.62081476 8873
-0.12179921 -1.71903451 8874
-0.18426621 -1.82247288 8875
-0.25511326 -1.93132471 8876
-0.33534887 -2.04578565 8877
-0.42608057 -2.16605266 8878
-0.52851909 -2.29232516 8879
-0.64398099 -2.42480690 8880
-0.77388902 -2.56370898 8881
-0.91976922 -2.70925432 8882
-1.08324389 -2.86168408 8883
-1.26601861 -3.02126656 8884
-1.46986171 -3.18830942 8885
-1.69657380 -3.36317611 8886
-1.94794421 -3.54630771 8887
-2.22569095 -3.73825165 8888
-2.53137927 -3.93969922 8889
-2.86631310 -4.15153413 8890
-3.23139217 -4.37489502 8891
-3.62692581 -4.61125553 8892
-4.05239209 -4.86252640 8893
-4.50612863 -5.13118496 8894
-4.98493782 -5.42043908 8895
-5.48358508 -5.73443376 8896
-5.99416413 -6.07851098 8897
-6.50529673 -6.45953545 8898
-7.00112689 -6.88630226 8899
0.35025818 -0.01363164 8900
0.35032232 -0.01462952 8901
0.35039049 -0.01569523 8902
0.35046292 -0.01683338 8903
0.35053985 -0.01804888 8904
0.35062152 -0.01934697 8905
0.35070818 -0.02073326 8906
0.35080010 -0.02221373 8907
0.35089754 -0.02379475 8908
0.35100077 -0.02548314 8909
0.35111007 -0.02728616 8910
0.35122571 -0.02921158 8911
0.35134799 -0.03126768 8912
0.35147716 -0.03346329 8913
0.35161351 -0.03580784 8914
0.35175728 -0.03831140 8915
0.35190874 -0.04098470 8916
0.35206810 -0.04383921 8917
0.35223556 -0.04688713 8918
0.35241129 -0.05014151 8919
0.35259542 -0.05361625 8920
0.35278801 -0.05732619 8921
0.35298907 -0.06128713 8922
0.35319853 -0.06551595 8923
0.35341621 -0.07003062 8924
0.35364184 -0.07485032 8925
0.35387498 -0.07999549 8926
0.35411505 -0.08548790 8927
0.35436128 -0.09135075 8928
0.35461265 -0.09760879 8929
0.35486789 -0.10428835 8930
0.35512542 -0.11141750 8931
0.35538329 -0.11902611 8932
0.35563912 -0.12714599 8933
0.35589003 -0.13581101 8934
0.35613259 -0.14505720 8935
0.35636268 -0.15492291 8936
0.35657543 -0.16544891 8937
0.35676506 -0.17667857 8938
0.35692479 -0.18865798 8939
0.35704663 -0.20143613 8940
0.35712126 -0.21506505 8941
0.35713777 -0.22959999 8942
0.35708349 -0.24509961 8943
0.35694365 -0.26162614 8944
0.35670116 -0.27924556 8945
0.35633622 -0.29802783 8946
0.35582593 -0.31804707 8947
0.35514387 -0.33938173 8948
0.35425960 -0.36211486 8949
0.35313808 -0.38633426 8950
0.35173903 -0.41213274 8951
0.35001621 -0.43960828 8952
0.34791661 -0.46886428 8953
0.34537949 -0.50000975 8954
0.34233536 -0.53315951 8955
0.33870483 -0.56843439 8956
0.33439720 -0.60596141 8957
0.32930909 -0.64587394 8958
0.32332268 -0.68831187 8959
0.31630388 -0.73342174 8960
0.30810029 -0.78135686 8961
0.29853880 -0.83227738 8962
0.28742308 -0.88635037 8963
0.27453071 -0.94374984 8964
0.25960999 -1.00465672 8965
0.24237654 -1.06925883 8966
0.22250941 -1.13775079 8967
0.19964697 -1.21033392 8968
0.17338243 -1.28721605 8969
0.14325890 -1.36861139 8970
0.10876429 -1.45474032 8971
0.06932571 -1.54582917 8972
0.02430379 -1.64211012 8973
-0.02701332 -1.74382106 8974
-0.08541596 -1.85120562 8975
-0.15177885 -1.96451334 8976
-0.22706672 -2.08400016 8977
-0.31233930 -2.20992921 8978
-0.40875531 -2.34257218 8979
-0.51757496 -2.48221140 8980
-0.64016018 -2.62914286 8981
-0.77797191 -2.78368054 8982
-0.93256310 -2.94616238 8983
-1.10556626 -3.11695849 8984
-1.29867352 -3.29648214 8985
-1.51360710 -3.48520445 8986
-1.75207732 -3.68367367 8987
-2.01572445 -3.89254042 8988
-2.30604006 -4.11259045 8989
-2.62426214 -4.34478687 8990
-2.97123712 -4.59032435 8991
-3.34723991 -4.85069832 8992
-3.75174143 -5.12779296 8993
-4.18310996 -5.42399278 8994
-4.63822989 -5.74232340 8995
-5.11201733 -6.08662896 8996
-5.59680721 -6.46179481 8997
-6.08158059 -6.87402667 8998
-6.55099365 -7.33119945 8999
0.40273153 -0.00845020 9000
0.40280308 -0.00944758 9001
0.40287919 -0.01051278 9002
0.40296011 -0.01165040 9003
0.40304613 -0.01286537 9004
0.40313753 -0.01416292 9005
0.40323461 -0.01554866 9006
0.40333769 -0.01702858 9007
0.40344708 -0.01860906 9008
0.40356312 -0.02029691 9009
0.40368614 -0.02209942 9010
0.40381650 -0.02402434 9011
0.40395454 -0.02607999 9012
0.40410063 -0.02827519 9013
0.40425511 -0.03061941 9014
0.40441835 -0.03312271 9015
0.40459069 -0.03579586 9016
0.40477246 -0.03865033 9017
0.40496400 -0.04169837 9018
0.40516559 -0.04495306 9019
0.40537750 -0.04842833 9020
0.40559995 -0.05213906 9021
0.40583313 -0.05610112 9022
0.40607713 -0.06033142 9023
0.40633200 -0.06484802 9024
0.40659765 -0.06967018 9025
0.40687392 -0.07481840 9026
0.40716047 -0.08031458 9027
0.40745681 -0.08618204 9028
0.40776225 -0.09244565 9029
0.40807587 -0.09913192 9030
0.40839644 -0.10626907 9031
0.40872245 -0.11388720 9032
0.40905197 -0.12201836 9033
0.40938264 -0.13069669 9034
0.40971156 -0.13995854 9035
0.41003525 -0.14984260 9036
0.41034951 -0.16039007 9037
0.41064931 -0.17164478 9038
0.41092870 -0.18365336 9039
0.41118062 -0.19646542 9040
0.41139677 -0.21013370 9041
0.41156739 -0.22471424 9042
0.41168105 -0.24026663 9043
0.41172441 -0.25685414 9044
0.41168192 -0.27454396 9045
0.41153552 -0.29340740 9046
0.41126427 -0.31352012 9047
0.41084391 -0.33496238 9048
0.41024641 -0.35781923 9049
0.40943943 -0.38218076 9050
0.40838570 -0.40814241 9051
0.40704235 -0.43580512 9052
0.40536014 -0.46527569 9053
0.40328254 -0.49666697 9054
0.40074479 -0.53009815 9055
0.39767275 -0.56569501 9056
0.39398167 -0.60359019 9057
0.38957476 -0.64392345 9058
0.38434162 -0.68684192 9059
0.37815648 -0.73250032 9060
0.37087621 -0.78106121 9061
0.36233812 -0.83269524 9062
0.35235753 -0.88758131 9063
0.34072505 -0.94590678 9064
0.32720357 -1.00786766 9065
0.31152500 -1.07366874 9066
0.29338660 -1.14352374 9067
0.27244706 -1.21765544 9068
0.24832225 -1.29629576 9069
0.22058055 -1.37968588 9070
0.18873793 -1.46807638 9071
0.15225274 -1.56172729 9072
0.11052020 -1.66090834 9073
0.06286678 -1.76589916 9074
0.00854448 -1.87698965 9075
-0.05327479 -1.99448052 9076
-0.12350456 -2.11868404 9077
-0.20314848 -2.24992521 9078
-0.29330412 -2.38854328 9079
-0.39516533 -2.53489404 9080
-0.51002245 -2.68935282 9081
-0.63925960 -2.85231871 9082
-0.78434811 -3.02422012 9083
-0.94683445 -3.20552233 9084
-1.12832129 -3.39673734 9085
-1.33043928 -3.59843693 9086
-1.55480691 -3.81126955 9087
-1.80297507 -4.03598232 9088
-2.07635197 -4.27344939 9089
-2.37610312 -4.52470821 9090
-2.70301965 -4.79100600 9091
-3.05734672 -5.07385880 9092
-3.43856176 -5.37512640 9093
-3.84508965 -5.69710697 9094
-4.27393915 -6.04265650 9095
-4.72024093 -6.41533877 9096
-5.17666315 -6.81961354 9097
-5.63267460 -7.26107208 9098
-6.07361880 -7.74673126 9099
0.45512147 -0.00248884 9100
0.45519483 -0.00348610 9101
0.45527290 -0.00455118 9102
0.45535593 -0.00568870 9103
0.45544423 -0.00690358 9104
0.45553809 -0.00820107 9105
0.45563784 -0.00958677 9106
0.45574380 -0.01106667 9107
0.45585632 -0.01264718 9108
0.45597574 -0.01433510 9109
0.45610243 -0.01613773 9110
0.45623677 -0.01806286 9111
0.45637914 -0.02011877 9112
0.45652993 -0.02231434 9113
0.45668953 -0.02465902 9114
0.45685833 -0.02716292 9115
0.45703674 -0.02983682 9116
0.45722513 -0.03269222 9117
0.45742389 -0.03574140 9118
0.45763338 -0.03899746 9119
0.45785394 -0.04247438 9120
0.45808586 -0.04618709 9121
0.45832941 -0.05015149 9122
0.45858480 -0.05438458 9123
0.45885217 -0.05890448 9124
0.45913158 -0.06373050 9125
0.45942299 -0.06888327 9126
0.45972622 -0.07438476 9127
0.46004097 -0.08025843 9128
0.46036673 -0.08652928 9129
0.46070281 -0.09322396 9130
0.46104825 -0.10037089 9131
0.46140180 -0.10800035 9132
0.46176185 -0.11614464 9133
0.46212642 -0.12483814 9134
0.46249301 -0.13411751 9135
0.46285859 -0.14402180 9136
0.46321948 -0.15459259 9137
0.46357125 -0.16587417 9138
0.46390859 -0.17791367 9139
0.46422522 -0.19076128 9140
0.46451366 -0.20447042 9141
0.46476511 -0.21909789 9142
0.46496923 -0.23470413 9143
0.46511390 -0.25135342 9144
0.46518496 -0.26911405 9145
0.46516593 -0.28805863 9146
0.46503761 -0.30826429 9147
0.46477777 -0.32981293 9148
0.46436065 -0.35279148 9149
0.46375648 -0.37729221 9150
0.46293090 -0.40341297 9151
0.46184434 -0.43125751 9152
0.46045127 -0.46093577 9153
0.45869939 -0.49256417 9154
0.45652869 -0.52626599 9155
0.45387044 -0.56217160 9156
0.45064595 -0.60041890 9157
0.44676534 -0.64115356 9158
0.44212596 -0.68452942 9159
0.43661083 -0.73070881 9160
0.43008670 -0.77986289 9161
0.42240206 -0.83217201 9162
0.41338480 -0.88782606 9163
0.40283971 -0.94702478 9164
0.39054560 -1.00997813 9165
0.37625230 -1.07690661 9166
0.35967720 -1.14804164 9167
0.34050157 -1.22362584 9168
0.31836655 -1.30391343 9169
0.29286880 -1.38917054 9170
0.26355592 -1.47967566 9171
0.22992147 -1.57571999 9172
0.19139990 -1.67760796 9173
0.14736121 -1.78565778 9174
0.09710562 -1.90020211 9175
0.03985830 -2.02158892 9176
-0.02523563 -2.15018255 9177
-0.09911552 -2.28636511 9178
-0.18280874 -2.43053829 9179
-0.27743282 -2.58312568 9180
-0.38419570 -2.74457591 9181
-0.50439314 -2.91536666 9182
-0.63940247 -3.09600991 9183
-0.79067133 -3.28705882 9184
-0.95969974 -3.48911660 9185
-1.14801359 -3.70284799 9186
-1.35712690 -3.92899407 9187
-1.58848965 -4.16839118 9188
-1.84341722 -4.42199523 9189
-2.12299629 -4.69091257 9190
-2.42796109 -4.97643930 9191
-2.75853208 -5.28011096 9192
-3.11420743 -5.60376545 9193
-3.49349534 -5.94962216 9194
-3.89357224 -6.32038160 9195
-4.30984856 -6.71935029 9196
-4.73541935 -7.15059712 9197
-5.16037172 -7.61914873 9198
-5.57091448 -8.13123328 9199
0.50744736 0.00400827 9200
0.50751689 0.00301073 9201
0.50759088 0.00194532 9202
0.50766958 0.00080744 9203
0.50775329 -0.00040784 9204
0.50784228 -0.00170577 9205
0.50793687 -0.00309199 9206
0.50803735 -0.00457247 9207
0.50814407 -0.00615362 9208
0.50825736 -0.00784228 9209
0.50837757 -0.00964575 9210
0.50850506 -0.01157181 9211
0.50864019 -0.01362878 9212
0.50878335 -0.01582555 9213
0.50893490 -0.01817160 9214
0.50909525 -0.02067704 9215
0.50926476 -0.02335268 9216
0.50944382 -0.02621005 9217
0.50963280 -0.02926147 9218
0.50983205 -0.03252007 9219
0.51004191 -0.03599988 9220
0.51026268 -0.03971585 9221
0.51049465 -0.04368397 9222
0.51073802 -0.04792128 9223
0.51099296 -0.05244596 9224
0.51125957 -0.05727742 9225
0.51153783 -0.06243636 9226
0.51182763 -0.06794488 9227
0.51212872 -0.07382653 9228
0.51244069 -0.08010645 9229
0.51276293 -0.08681144 9230
0.51309461 -0.09397009 9231
0.51343464 -0.10161289 9232
0.51378158 -0.10977234 9233
0.51413366 -0.11848310 9234
0.51448863 -0.12778210 9235
0.51484378 -0.13770872 9236
0.51519576 -0.14830492 9237
0.51554057 -0.15961541 9238
0.51587340 -0.17168781 9239
0.51618850 -0.18457287 9240
0.51647908 -0.19832461 9241
0.51673711 -0.21300058 9242
0.51695314 -0.22866200 9243
0.51711609 -0.24537409 9244
0.51721299 -0.26320619 9245
0.51722875 -0.28223211 9246
0.51714579 -0.30253033 9247
0.51694368 -0.32418428 9248
0.51659881 -0.34728267 9249
0.51608382 -0.37191974 9250
0.51536716 -0.39819562 9251
0.51441244 -0.42621662 9252
0.51317781 -0.45609558 9253
0.51161515 -0.48795225 9254
0.50966926 -0.52191363 9255
0.50727685 -0.55811437 9256
0.50436551 -0.59669716 9257
0.50085243 -0.63781314 9258
0.49664308 -0.68162230 9259
0.49162966 -0.72829395 9260
0.48568941 -0.77800715 9261
0.47868267 -0.83095117 9262
0.47045080 -0.88732593 9263
0.46081379 -0.94734252 9264
0.44956772 -1.01122370 9265
0.43648186 -1.07920434 9266
0.42129555 -1.15153203 9267
0.40371479 -1.22846756 9268
0.38340852 -1.31028552 9269
0.36000463 -1.39727486 9270
0.33308568 -1.48973956 9271
0.30218436 -1.58799928 9272
0.26677877 -1.69239017 9273
0.22628749 -1.80326563 9274
0.18006469 -1.92099736 9275
0.12739520 -2.04597647 9276
0.06748996 -2.17861479 9277
-0.00051810 -2.31934657 9278
-0.07757732 -2.46863041 9279
-0.16471929 -2.62695180 9280
-0.26305906 -2.79482620 9281
-0.37379280 -2.97280298 9282
-0.49819192 -3.16147034 9283
-0.63759274 -3.36146162 9284
-0.79337985 -3.57346321 9285
-0.96696166 -3.79822472 9286
-1.15973545 -4.03657175 9287
-1.37303922 -4.28942217 9288
-1.60808636 -4.55780663 9289
-1.86587878 -4.84289460 9290
-2.14709244 -5.14602715 9291
-2.45192831 -5.46875819 9292
-2.77991957 -5.81290641 9293
-3.12968424 -6.18062043 9294
-3.49860925 -6.57446040 9295
-3.88244908 -6.99750011 9296
-4.27481803 -7.45345447 9297
-4.66655002 -7.94683852 9298
-5.04489428 -8.48316536 9299
0.55977759 0.01047280 9300
0.55983800 0.00947466 9301
0.55990227 0.00840860 9302
0.55997063 0.00727000 9303
0.56004332 0.00605393 9304
0.56012059 0.00475513 9305
0.56020269 0.00336798 9306
0.56028990 0.00188646 9307
0.56038249 0.00030417 9308
0.56048075 -0.00138573 9309
0.56058498 -0.00319057 9310
0.56069550 -0.00511815 9311
0.56081259 -0.00717679 9312
0.56093660 -0.00937540 9313
0.56106782 -0.01172348 9314
0.56120660 -0.01423118 9315
0.56135323 -0.01690932 9316
0.56150804 -0.01976946 9317
0.56167134 -0.02282396 9318
0.56184340 -0.02608597 9319
0.56202449 -0.02956957 9320
0.56221486 -0.03328978 9321
0.56241471 -0.03726261 9322
0.56262419 -0.04150518 9323
0.56284341 -0.04603573 9324
0.56307238 -0.05087375 9325
0.56331106 -0.05604003 9326
0.56355928 -0.06155676 9327
0.56381675 -0.06744762 9328
0.56408303 -0.07373786 9329
0.56435750 -0.08045444 9330
0.56463933 -0.08762611 9331
0.56492745 -0.09528353 9332
0.56522047 -0.10345943 9333
0.56551669 -0.11218870 9334
0.56581398 -0.12150855 9335
0.56610976 -0.13145867 9336
0.56640090 -0.14208135 9337
0.56668365 -0.15342171 9338
0.56695351 -0.16552783 9339
0.56720515 -0.17845096 9340
0.56743226 -0.19224572 9341
0.56762741 -0.20697029 9342
0.56778186 -0.22268667 9343
0.56788540 -0.23946091 9344
0.56792608 -0.25736333 9345
0.56789002 -0.27646883 9346
0.56776106 -0.29685713 9347
0.56752048 -0.31861309 9348
0.56714661 -0.34182701 9349
0.56661441 -0.36659496 9350
0.56589498 -0.39301912 9351
0.56495507 -0.42120814 9352
0.56375640 -0.45127752 9353
0.56225504 -0.48335002 9354
0.56040058 -0.51755604 9355
0.55813529 -0.55403409 9356
0.55539311 -0.59293123 9357
0.55209856 -0.63440352 9358
0.54816549 -0.67861656 9359
0.54349570 -0.72574598 9360
0.53797739 -0.77597797 9361
0.53148341 -0.82950985 9362
0.52386938 -0.88655064 9363
0.51497150 -0.94732168 9364
0.50460426 -1.01205725 9365
0.49255781 -1.08100523 9366
0.47859512 -1.15442779 9367
0.46244890 -1.23260209 9368
0.44381821 -1.31582110 9369
0.42236485 -1.40439432 9370
0.39770946 -1.49864872 9371
0.36942744 -1.59892959 9372
0.33704463 -1.70560161 9373
0.30003284 -1.81904991 9374
0.25780544 -1.93968133 9375
0.20971287 -2.06792577 9376
0.15503850 -2.20423783 9377
0.09299490 -2.34909865 9378
0.02272088 -2.50301805 9379
-0.05672031 -2.66653719 9380
-0.14634119 -2.84023166 9381
-0.24722791 -3.02471530 9382
-0.36053499 -3.22064488 9383
-0.48747589 -3.42872586 9384
-0.62930802 -3.64971949 9385
-0.78731052 -3.88445175 9386
-0.96275269 -4.13382433 9387
-1.15685024 -4.39882851 9388
-1.37070627 -4.68056237 9389
-1.60523239 -4.98025240 9390
-1.86104517 -5.29928044 9391
-2.13833091 -5.63921742 9392
-2.43667115 -6.00186547 9393
-2.75481834 -6.38931044 9394
-3.09040968 -6.80398752 9395
-3.43960337 -7.24876285 9396
-3.79661855 -7.72703518 9397
-4.15315520 -8.24286225 9398
-4.49766520 -8.80111783 9399
0.61217763 0.01634498 9400
0.61222449 0.01534610 9401
0.61227432 0.01427924 9402
0.61232729 0.01313978 9403
0.61238357 0.01192277 9404
0.61244336 0.01062294 9405
0.61250684 0.00923467 9406
0.61257421 0.00775194 9407
0.61264568 0.00616833 9408
0.61272146 0.00447697 9409
0.61280176 0.00267055 9410
0.61288680 0.00074124 9411
0.61297680 -0.00131929 9412
0.61307198 -0.00351998 9413
0.61317256 -0.00587035 9414
0.61327877 -0.00838055 9415
0.61339080 -0.01106144 9416
0.61350885 -0.01392461 9417
0.61363312 -0.01698245 9418
0.61376378 -0.02024814 9419
0.61390095 -0.02373582 9420
0.61404476 -0.02746052 9421
0.61419527 -0.03143833 9422
0.61435252 -0.03568640 9423
0.61451646 -0.04022307 9424
0.61468699 -0.04506788 9425
0.61486392 -0.05024170 9426
0.61504695 -0.05576682 9427
0.61523567 -0.06166702 9428
0.61542952 -0.06796767 9429
0.61562778 -0.07469586 9430
0.61582950 -0.08188049 9431
0.61603353 -0.08955241 9432
0.61623842 -0.09774452 9433
0.61644243 -0.10649193 9434
0.61664343 -0.11583211 9435
0.61683885 -0.12580502 9436
0.61702565 -0.13645328 9437
0.61720018 -0.14782236 9438
0.61735813 -0.15996076 9439
0.61749445 -0.17292018 9440
0.61760316 -0.18675576 9441
0.61767727 -0.20152630 9442
0.61770864 -0.21729447 9443
0.61768776 -0.23412707 9444
0.61760357 -0.25209530 9445
0.61744325 -0.27127504 9446
0.61719194 -0.29174713 9447
0.61683247 -0.31359770 9448
0.61634501 -0.33691848 9449
0.61570672 -0.36180717 9450
0.61489130 -0.38836779 9451
0.61386851 -0.41671109 9452
0.61260366 -0.44695493 9453
0.61105696 -0.47922476 9454
0.60918283 -0.51365401 9455
0.60692916 -0.55038463 9456
0.60423638 -0.58956756 9457
0.60103652 -0.63136328 9458
0.59725208 -0.67594236 9459
0.59279480 -0.72348605 9460
0.58756430 -0.77418687 9461
0.58144651 -0.82824932 9462
0.57431200 -0.88589050 9463
0.56601406 -0.94734083 9464
0.55638662 -1.01284487 9465
0.54524193 -1.08266200 9466
0.53236806 -1.15706735 9467
0.51752615 -1.23635263 9468
0.50044739 -1.32082709 9469
0.48082981 -1.41081848 9470
0.45833485 -1.50667413 9471
0.43258370 -1.60876208 9472
0.40315346 -1.71747231 9473
0.36957322 -1.83321806 9474
0.33132007 -1.95643731 9475
0.28781517 -2.08759436 9476
0.23842004 -2.22718169 9477
0.18243322 -2.37572199 9478
0.11908770 -2.53377048 9479
0.04754922 -2.70191761 9480
-0.03308390 -2.88079225 9481
-0.12377883 -3.07106538 9482
-0.22556372 -3.27345449 9483
-0.33951925 -3.48872894 9484
-0.46676548 -3.71771633 9485
-0.60844218 -3.96131028 9486
-0.76568086 -4.22047996 9487
-0.93956617 -4.49628174 9488
-1.13108358 -4.78987352 9489
-1.34104966 -5.10253242 9490
-1.57002038 -5.43567664 9491
-1.81817151 -5.79089247 9492
-2.08514409 -6.16996773 9493
-2.36984595 -6.57493327 9494
-2.67019837 -7.00811428 9495
-2.98281410 -7.47219392 9496
-3.30259012 -7.97029217 9497
-3.62219411 -8.50606338 9498
-3.93141919 -9.08381713 9499
0.66466938 0.02131897 9500
0.66469957 0.02031944 9501
0.66473162 0.01925188 9502
0.66476564 0.01811164 9503
0.66480172 0.01689381 9504
0.66483997 0.01559308 9505
0.66488050 0.01420382 9506
0.66492343 0.01272002 9507
0.66496885 0.01113523 9508
0.66501688 0.00944260 9509
0.66506764 0.00763479 9510
0.66512123 0.00570396 9511
0.66517775 0.00364175 9512
0.66523730 0.00143923 9513
0.66529998 -0.00091314 9514
0.66536587 -0.00342555 9515
0.66543504 -0.00610886 9516
0.66550754 -0.00897470 9517
0.66558340 -0.01203547 9518
0.66566263 -0.01530441 9519
0.66574522 -0.01879565 9520
0.66583110 -0.02252430 9521
0.66592017 -0.02650648 9522
0.66601228 -0.03075940 9523
0.66610721 -0.03530143 9524
0.66620466 -0.04015219 9525
0.66630426 -0.04533263 9526
0.66640552 -0.05086510 9527
0.66650785 -0.05677348 9528
0.66661050 -0.06308326 9529
0.66671256 -0.06982162 9530
0.66681293 -0.07701760 9531
0.66691030 -0.08470221 9532
0.66700309 -0.09290850 9533
0.66708941 -0.10167179 9534
0.66716707 -0.11102976 9535
0.66723342 -0.12102260 9536
0.66728541 -0.13169323 9537
0.66731943 -0.14308742 9538
0.66733126 -0.15525403 9539
0.66731601 -0.16824516 9540
0.66726796 -0.18211642 9541
0.66718048 -0.19692712 9542
0.66704590 -0.21274051 9543
0.66685532 -0.22962407 9544
0.66659849 -0.24764976 9545
0.66626356 -0.26689431 9546
0.66583688 -0.28743954 9547
0.66530276 -0.30937267 9548
0.66464316 -0.33278669 9549
0.66383736 -0.35778072 9550
0.66286160 -0.38446038 9551
0.66168867 -0.41293825 9552
0.66028743 -0.44333425 9553
0.65862226 -0.47577615 9554
0.65665249 -0.51040005 9555
0.65433168 -0.54735088 9556
0.65160691 -0.58678297 9557
0.64841789 -0.62886064 9558
0.64469602 -0.67375877 9559
0.64036329 -0.72166352 9560
0.63533113 -0.77277295 9561
0.62949904 -0.82729777 9562
0.62275313 -0.88546213 9563
0.61496446 -0.94750438 9564
0.60598726 -1.01367798 9565
0.59565691 -1.08425237 9566
0.58378774 -1.15951395 9567
0.57017069 -1.23976709 9568
0.55457069 -1.32533522 9569
0.53672388 -1.41656198 9570
0.51633461 -1.51381243 9571
0.49307230 -1.61747441 9572
0.46656811 -1.72795993 9573
0.43641156 -1.84570671 9574
0.40214704 -1.97117982 9575
0.36327040 -2.10487354 9576
0.31922578 -2.24731332 9577
0.26940267 -2.39905802 9578
0.21313367 -2.56070237 9579
0.14969299 -2.73287977 9580
0.07829631 -2.91626545 9581
-0.00189764 -3.11158012 9582
-0.09178320 -3.31959418 9583
-0.19230059 -3.54113259 9584
-0.30442457 -3.77708071 9585
-0.42914759 -4.02839108 9586
-0.56745575 -4.29609159 9587
-0.72029562 -4.58129529 9588
-0.88852923 -4.88521217 9589
-1.07287416 -5.20916344 9590
-1.27382457 -5.55459896 9591
-1.49154837 -5.92311838 9592
-1.72575421 -6.31649714 9593
-1.97552068 -6.73671818 9594
-2.23907828 -7.18601096 9595
-2.51353231 -7.66689941 9596
-2.79451234 -8.18226084 9597
-3.07573015 -8.73539849 9598
-3.34842436 -9.33013088 9599
0.71726072 0.02508446 9600
0.71727284 0.02408454 9601
0.71728564 0.02301655 9602
0.71729912 0.02187586 9603
0.71731332 0.02065751 9604
0.71732824 0.01935623 9605
0.71734391 0.01796637 9606
0.71736034 0.01648189 9607
0.71737754 0.01489637 9608
0.71739551 0.01320293 9609
0.71741424 0.01139423 9610
0.71743373 0.00946242 9611
0.71745395 0.00739913 9612
0.71747487 0.00519542 9613
0.71749644 0.00284173 9614
0.71751860 0.00032786 9615
0.71754126 -0.00235707 9616
0.71756432 -0.00522471 9617
0.71758763 -0.00828747 9618
0.71761105 -0.01155863 9619
0.71763436 -0.01505234 9620
0.71765732 -0.01878374 9621
0.71767963 -0.02276899 9622
0.71770094 -0.02702532 9623
0.71772082 -0.03157117 9624
0.71773879 -0.03642620 9625
0.71775424 -0.04161142 9626
0.71776649 -0.04714925 9627
0.71777472 -0.05306363 9628
0.71777798 -0.05938013 9629
0.71777515 -0.06612605 9630
0.71776495 -0.07333052 9631
0.71774587 -0.08102466 9632
0.71771616 -0.08924169 9633
0.71767380 -0.09801706 9634
0.71761644 -0.10738864 9635
0.71754138 -0.11739682 9636
0.71744550 -0.12808475 9637
0.71732519 -0.13949846 9638
0.71717630 -0.15168710 9639
0.71699407 -0.16470312 9640
0.71677301 -0.17860249 9641
0.71650681 -0.19344497 9642
0.71618825 -0.20929430 9643
0.71580904 -0.22621851 9644
0.71535968 -0.24429020 9645
0.71482930 -0.26358681 9646
0.71420544 -0.28419098 9647
0.71347388 -0.30619087 9648
0.71261837 -0.32968050 9649
0.71162033 -0.35476020 9650
0.71045858 -0.38153693 9651
0.70910897 -0.41012481 9652
0.70754395 -0.44064550 9653
0.70573216 -0.47322873 9654
0.70363791 -0.50801284 9655
0.70122060 -0.54514530 9656
0.69843407 -0.58478329 9657
0.69522591 -0.62709437 9658
0.69153664 -0.67225709 9659
0.68729879 -0.72046175 9660
0.68243591 -0.77191108 9661
0.67686145 -0.82682109 9662
0.67047753 -0.88542188 9663
0.66317353 -0.94795852 9664
0.65482457 -1.01469203 9665
0.64528989 -1.08590038 9666
0.63441093 -1.16187953 9667
0.62200940 -1.24294458 9668
0.60788506 -1.32943102 9669
0.59181342 -1.42169596 9670
0.57354319 -1.52011954 9671
0.55279365 -1.62510640 9672
0.52925190 -1.73708727 9673
0.50256993 -1.85652067 9674
0.47236178 -1.98389470 9675
0.43820062 -2.11972910 9676
0.39961609 -2.26457736 9677
0.35609186 -2.41902909 9678
0.30706363 -2.58371260 9679
0.25191798 -2.75929780 9680
0.18999210 -2.94649936 9681
0.12057509 -3.14608027 9682
0.04291117 -3.35885587 9683
-0.04379440 -3.58569846 9684
-0.14036596 -3.82754245 9685
-0.24764349 -4.08539047 9686
-0.36646265 -4.36032032 9687
-0.49762723 -4.65349319 9688
-0.64187182 -4.96616327 9689
-0.79981200 -5.29968917 9690
-0.97187873 -5.65554747 9691
-1.15823291 -6.03534899 9692
-1.35865474 -6.44085826 9693
-1.57240182 -6.87401708 9694
-1.79802774 -7.33697292 9695
-2.03315176 -7.83211351 9696
-2.27416720 -8.36210878 9697
-2.51587382 -8.92996205 9698
-2.75101591 -9.53907247 9699
0.76994063 0.02728718 9700
0.76993549 0.02628720 9701
0.76992988 0.02521913 9702
0.76992374 0.02407835 9703
0.76991702 0.02285989 9704
0.76990965 0.02155849 9705
0.76990156 0.02016847 9706
0.76989268 0.01868383 9707
0.76988291 0.01709811 9708
0.76987216 0.01540444 9709
0.76986032 0.01359546 9710
0.76984725 0.01166334 9711
0.76983281 0.00959968 9712
0.76981686 0.00739554 9713
0.76979920 0.00504137 9714
0.76977963 0.00252694 9715
0.76975793 -0.00015865 9716
0.76973384 -0.00302704 9717
0.76970707 -0.00609066 9718
0.76967728 -0.00936281 9719
0.76964411 -0.01285767 9720
0.76960714 -0.01659039 9721
0.76956589 -0.02057714 9722
0.76951982 -0.02483521 9723
0.76946832 -0.02938305 9724
0.76941071 -0.03424037 9725
0.76934620 -0.03942820 9726
0.76927390 -0.04496903 9727
0.76919281 -0.05088685 9728
0.76910179 -0.05720728 9729
0.76899954 -0.06395771 9730
0.76888461 -0.07116734 9731
0.76875533 -0.07886739 9732
0.76860981 -0.08709117 9733
0.76844592 -0.09587427 9734
0.76826121 -0.10525468 9735
0.76805292 -0.11527295 9736
0.76781794 -0.12597242 9737
0.76755268 -0.13739931 9738
0.76725312 -0.14960301 9739
0.76691467 -0.16263622 9740
0.76653212 -0.17655523 9741
0.76609954 -0.19142013 9742
0.76561022 -0.20729504 9743
0.76505653 -0.22424845 9744
0.76442982 -0.24235346 9745
0.76372024 -0.26168807 9746
0.76291663 -0.28233559 9747
0.76200633 -0.30438491 9748
0.76097495 -0.32793090 9749
0.75980619 -0.35307483 9750
0.75848154 -0.37992477 9751
0.75698001 -0.40859605 9752
0.75527781 -0.43921176 9753
0.75334797 -0.47190322 9754
0.75115993 -0.50681056 9755
0.74867909 -0.54408329 9756
0.74586626 -0.58388093 9757
0.74267709 -0.62637366 9758
0.73906144 -0.67174302 9759
0.73496260 -0.72018266 9760
0.73031652 -0.77189912 9761
0.72505089 -0.82711270 9762
0.71908411 -0.88605837 9763
0.71232421 -0.94898668 9764
0.70466761 -1.01616483 9765
0.69599776 -1.08787770 9766
0.68618366 -1.16442910 9767
0.67507825 -1.24614290 9768
0.66251665 -1.33336441 9769
0.64831429 -1.42646179 9770
0.63226484 -1.52582750 9771
0.61413814 -1.63187993 9772
0.59367791 -1.74506515 9773
0.57059944 -1.86585868 9774
0.54458726 -1.99476752 9775
0.51529281 -2.13233225 9776
0.48233225 -2.27912933 9777
0.44528449 -2.43577357 9778
0.40368959 -2.60292084 9779
0.35704772 -2.78127095 9780
0.30481898 -2.97157091 9781
0.24642433 -3.17461837 9782
0.18124813 -3.39126556 9783
0.10864276 -3.62242351 9784
0.02793604 -3.86906690 9785
-0.06155768 -4.13223937 9786
-0.16052173 -4.41305961 9787
-0.26961525 -4.71272820 9788
-0.38944346 -5.03253545 9789
-0.52051809 -5.37387044 9790
-0.66320522 -5.73823144 9791
-0.81765719 -6.12723804 9792
-0.98372464 -6.54264536 9793
-1.16084346 -6.98636075 9794
-1.34789039 -7.46046355 9795
-1.54299955 -7.96722858 9796
-1.74333020 -8.50915410 9797
-1.94477396 -9.08899538 9798
-2.14158680 -9.70980497 9799
0.82236549 0.02746866 9800
0.82234649 0.02646884 9801
0.82232611 0.02540095 9802
0.82230423 0.02426034 9803
0.82228073 0.02304206 9804
0.82225550 0.02174083 9805
0.82222838 0.02035100 9806
0.82219923 0.01886654 9807
0.82216788 0.01728101 9808
0.82213416 0.01558752 9809
0.82209787 0.01377872 9810
0.82205879 0.01184676 9811
0.82201669 0.00978327 9812
0.82197133 0.00757928 9813
0.82192240 0.00522522 9814
0.82186962 0.00271090 9815
0.82181264 0.00002538 9816
0.82175109 -0.00284297 9817
0.82168456 -0.00590661 9818
0.82161260 -0.00917883 9819
0.82153473 -0.01267383 9820
0.82145039 -0.01640676 9821
0.82135897 -0.02039383 9822
0.82125982 -0.02465233 9823
0.82115219 -0.02920074 9824
0.82103527 -0.03405879 9825
0.82090814 -0.03924754 9826
0.82076979 -0.04478950 9827
0.82061911 -0.05070872 9828
0.82045485 -0.05703086 9829
0.82027561 -0.06378333 9830
0.82007986 -0.07099542 9831
0.81986586 -0.07869839 9832
0.81963168 -0.08692565 9833
0.81937518 -0.09571285 9834
0.81909393 -0.10509810 9835
0.81878525 -0.11512206 9836
0.81844610 -0.12582817 9837
0.81807312 -0.13726284 9838
0.81766250 -0.14947559 9839
0.81720998 -0.16251935 9840
0.81671077 -0.17645060 9841
0.81615950 -0.19132969 9842
0.81555014 -0.20722105 9843
0.81487588 -0.22419347 9844
0.81412909 -0.24232043 9845
0.81330115 -0.26168037 9846
0.81238239 -0.28235708 9847
0.81136191 -0.30443999 9848
0.81022740 -0.32802463 9849
0.80896503 -0.35321298 9850
0.80755919 -0.38011394 9851
0.80599231 -0.40884376 9852
0.80424455 -0.43952659 9853
0.80229358 -0.47229496 9854
0.80011421 -0.50729037 9855
0.79767806 -0.54466390 9856
0.79495313 -0.58457682 9857
0.79190339 -0.62720131 9858
0.78848823 -0.67272118 9859
0.78466193 -0.72133265 9860
0.78037300 -0.77324517 9861
0.77556354 -0.82868234 9862
0.77016840 -0.88788283 9863
0.76411438 -0.95110138 9864
0.75731924 -1.01860992 9865
0.74969070 -1.09069867 9866
0.74112528 -1.16767742 9867
0.73150709 -1.24987679 9868
0.72070644 -1.33764965 9869
0.70857844 -1.43137261 9870
0.69496142 -1.53144762 9871
0.67967532 -1.63830365 9872
0.66251995 -1.75239855 9873
0.64327320 -1.87422094 9874
0.62168928 -2.00429236 9875
0.59749691 -2.14316943 9876
0.57039765 -2.29144632 9877
0.54006433 -2.44975725 9878
0.50613987 -2.61877928 9879
0.46823640 -2.79923531 9880
0.42593507 -2.99189723 9881
0.37878676 -3.19758942 9882
0.32631387 -3.41719250 9883
0.26801377 -3.65164740 9884
0.20336435 -3.90195977 9885
0.13183227 -4.16920485 9886
0.05288481 -4.45453279 9887
-0.03399371 -4.75917446 9888
-0.12927965 -5.08444791 9889
-0.23338030 -5.43176556 9890
-0.34659461 -5.80264216 9891
-0.46906209 -6.19870376 9892
-0.60069651 -6.62169781 9893
-0.74110091 -7.07350453 9894
-0.88945884 -7.55614999 9895
-1.04439625 -8.07182094 9896
-1.20380663 -8.62288200 9897
-1.36463047 -9.21189550 9898
-1.52257810 -9.84164452 9899
0.87197321 0.02510065 9900
0.87194621 0.02410102 9901
0.87191730 0.02303331 9902
0.87188635 0.02189290 9903
0.87185320 0.02067483 9904
0.87181770 0.01937382 9905
0.87177967 0.01798421 9906
0.87173892 0.01649998 9907
0.87169525 0.01491469 9908
0.87164844 0.01322144 9909
0.87159824 0.01141289 9910
0.87154442 0.00948118 9911
0.87148668 0.00741794 9912
0.87142472 0.00521420 9913
0.87135822 0.00286040 9914
0.87128683 0.00034632 9915
0.87121015 -0.00233896 9916
0.87112777 -0.00520709 9917
0.87103924 -0.00827053 9918
0.87094406 -0.01154257 9919
0.87084168 -0.01503741 9920
0.87073152 -0.01877024 9921
0.87061294 -0.02275725 9922
0.87048523 -0.02701575 9923
0.87034762 -0.03156423 9924
0.87019928 -0.03642244 9925
0.87003927 -0.04161146 9926
0.86986659 -0.04715382 9927
0.86968012 -0.05307359 9928
0.86947865 -0.05939645 9929
0.86926082 -0.06614986 9930
0.86902516 -0.07336314 9931
0.86877003 -0.08106759 9932
0.86849363 -0.08929666 9933
0.86819397 -0.09808607 9934
0.86786884 -0.10747399 9935
0.86751581 -0.11750115 9936
0.86713218 -0.12821109 9937
0.86671495 -0.13965030 9938
0.86626079 -0.15186844 9939
0.86576602 -0.16491853 9940
0.86522651 -0.17885723 9941
0.86463770 -0.19374504 9942
0.86399450 -0.20964659 9943
0.86329122 -0.22663089 9944
0.86252153 -0.24477167 9945
0.86167837 -0.26414768 9946
0.86075384 -0.28484300 9947
0.85973910 -0.30694748 9948
0.85862430 -0.33055704 9949
0.85739838 -0.35577417 9950
0.85604899 -0.38270831 9951
0.85456228 -0.41147637 9952
0.85292275 -0.44220319 9953
0.85111300 -0.47502214 9954
0.84911357 -0.51007565 9955
0.84690260 -0.54751585 9956
0.84445561 -0.58750521 9957
0.84174513 -0.63021729 9958
0.83874036 -0.67583744 9959
0.83540677 -0.72456362 9960
0.83170563 -0.77660729 9961
0.82759355 -0.83219427 9962
0.82302189 -0.89156576 9963
0.81793617 -0.95497939 9964
0.81227539 -1.02271031 9965
0.80597133 -1.09505239 9966
0.79894767 -1.17231950 9967
0.79111917 -1.25484687 9968
0.78239070 -1.34299255 9969
0.77265619 -1.43713895 9970
0.76179756 -1.53769449 9971
0.74968355 -1.64509539 9972
0.73616848 -1.75980756 9973
0.72109100 -1.88232861 9974
0.70427282 -2.01319001 9975
0.68551741 -2.15295939 9976
0.66460882 -2.30224302 9977
0.64131057 -2.46168842 9978
0.61536471 -2.63198721 9979
0.58649129 -2.81387806 9980
0.55438809 -3.00814993 9981
0.51873107 -3.21564552 9982
0.47917563 -3.43726489 9983
0.43535890 -3.67396944 9984
0.38690354 -3.92678606 9985
0.33342345 -4.19681164 9986
0.27453194 -4.48521784 9987
0.20985303 -4.79325628 9988
0.13903695 -5.12226398 9989
0.06178070 -5.47366931 9990
-0.02214471 -5.84899824 9991
-0.11285880 -6.24988116 9992
-0.21032564 -6.67806008 9993
-0.31429477 -7.13539650 9994
-0.42422577 -7.62387969 9995
-0.53919220 -8.14563576 9996
-0.65776020 -8.70293729 9997
-0.77783520 -9.29821381 9998
-0.89646927 -9.93406303 9999
0.91824021 0.02017534 10000
0.91821304 0.01917571 10001
0.91818399 0.01810800 10002
0.91815291 0.01696759 10003
0.91811966 0.01574952 10004
0.91808409 0.01444850 10005
0.91804602 0.01305889 10006
0.91800529 0.01157464 10007
0.91796169 0.00998932 10008
0.91791502 0.00829604 10009
0.91786506 0.00648746 10010
0.91781156 0.00455571 10011
0.91775427 0.00249241 10012
0.91769290 0.00028860 10013
0.91762716 -0.00206528 10014
0.91755672 -0.00457947 10015
0.91748122 -0.00726487 10016
0.91740029 -0.01013314 10017
0.91731352 -0.01319675 10018
0.91722046 -0.01646900 10019
0.91712063 -0.01996408 10020
0.91701351 -0.02369719 10021
0.91689854 -0.02768453 10022
0.91677509 -0.03194342 10023
0.91664250 -0.03649236 10024
0.91650005 -0.04135109 10025
0.91634696 -0.04654072 10026
0.91618235 -0.05208380 10027
0.91600530 -0.05800439 10028
0.91581479 -0.06432820 10029
0.91560970 -0.07108271 10030
0.91538881 -0.07829726 10031
0.91515080 -0.08600318 10032
0.91489421 -0.09423394 10033
0.91461745 -0.10302531 10034
0.91431875 -0.11241546 10035
0.91399621 -0.12244521 10036
0.91364770 -0.13315811 10037
0.91327091 -0.14460073 10038
0.91286327 -0.15682276 10039
0.91242198 -0.16987734 10040
0.91194391 -0.18382118 10041
0.91142563 -0.19871487 10042
0.91086334 -0.21462316 10043
0.91025286 -0.23161519 10044
0.90958953 -0.24976481 10045
0.90886819 -0.26915092 10046
0.90808315 -0.28985780 10047
0.90722805 -0.31197549 10048
0.90629586 -0.33560016 10049
0.90527875 -0.36083453 10050
0.90416802 -0.38778837 10051
0.90295399 -0.41657891 10052
0.90162586 -0.44733140 10053
0.90017161 -0.48017962 10054
0.89857787 -0.51526651 10055
0.89682968 -0.55274476 10056
0.89491039 -0.59277749 10057
0.89280141 -0.63553898 10058
0.89048198 -0.68121538 10059
0.88792896 -0.73000562 10060
0.88511648 -0.78212217 10061
0.88201569 -0.83779205 10062
0.87859437 -0.89725782 10063
0.87481659 -0.96077860 10064
0.87064223 -1.02863124 10065
0.86602658 -1.10111154 10066
0.86091978 -1.17853553 10067
0.85526633 -1.26124087 10068
0.84900443 -1.34958831 10069
0.84206538 -1.44396332 10070
0.83437287 -1.54477772 10071
0.82584225 -1.65247155 10072
0.81637981 -1.76751493 10073
0.80588191 -1.89041019 10074
0.79423426 -2.02169402 10075
0.78131105 -2.16193981 10076
0.76697425 -2.31176019 10077
0.75107285 -2.47180965 10078
0.73344232 -2.64278742 10079
0.71390420 -2.82544044 10080
0.69226593 -3.02056662 10081
0.66832112 -3.22901824 10082
0.64185017 -3.45170557 10083
0.61262176 -3.68960071 10084
0.58039501 -3.94374170 10085
0.54492298 -4.21523675 10086
0.50595755 -4.50526885 10087
0.46325629 -4.81510049 10088
0.41659178 -5.14607868 10089
0.36576416 -5.49964019 10090
0.31061757 -5.87731697 10091
0.25106173 -6.28074181 10092
0.18709985 -6.71165408 10093
0.11886453 -7.17190567 10094
0.04666366 -7.66346695 10095
-0.02896124 -8.18843269 10096
-0.10716109 -8.74902786 10097
-0.18668604 -9.34761319 10098
-0.26576823 -9.98669030 10099
0.96112184 0.01238338 10100
0.96110370 0.01138355 10101
0.96108430 0.01031563 10102
0.96106357 0.00917498 10103
0.96104139 0.00795666 10104
0.96101768 0.00665537 10105
0.96099233 0.00526547 10106
0.96096521 0.00378092 10107
0.96093620 0.00219528 10108
0.96090517 0.00050165 10109
0.96087198 -0.00130731 10110
0.96083647 -0.00323945 10111
0.96079847 -0.00530318 10112
0.96075781 -0.00750744 10113
0.96071428 -0.00986182 10114
0.96066769 -0.01237652 10115
0.96061782 -0.01506248 10116
0.96056441 -0.01793135 10117
0.96050722 -0.02099560 10118
0.96044596 -0.02426853 10119
0.96038034 -0.02776435 10120
0.96031002 -0.03149824 10121
0.96023466 -0.03548642 10122
0.96015388 -0.03974621 10123
0.96006726 -0.04429611 10124
0.95997437 -0.04915587 10125
0.95987473 -0.05434661 10126
0.95976781 -0.05989087 10127
0.95965305 -0.06581273 10128
0.95952983 -0.07213791 10129
0.95939751 -0.07889388 10130
0.95925534 -0.08611000 10131
0.95910255 -0.09381760 10132
0.95893828 -0.10205017 10133
0.95876161 -0.11084347 10134
0.95857150 -0.12023571 10135
0.95836687 -0.13026770 10136
0.95814649 -0.14098301 10137
0.95790904 -0.15242821 10138
0.95765308 -0.16465303 10139
0.95737701 -0.17771060 10140
0.95707910 -0.19165766 10141
0.95675745 -0.20655484 10142
0.95640995 -0.22246687 10143
0.95603429 -0.23946293 10144
0.95562796 -0.25761690 10145
0.95518815 -0.27700772 10146
0.95471178 -0.29771968 10147
0.95419547 -0.31984285 10148
0.95363546 -0.34347345 10149
0.95302762 -0.36871424 10150
0.95236736 -0.39567503 10151
0.95164962 -0.42447309 10152
0.95086878 -0.45523373 10153
0.95001863 -0.48809080 10154
0.94909227 -0.52318729 10155
0.94808205 -0.56067598 10156
0.94697947 -0.60072005 10157
0.94577512 -0.64349388 10158
0.94445852 -0.68918372 10159
0.94301802 -0.73798860 10160
0.94144069 -0.79012111 10161
0.93971215 -0.84580841 10162
0.93781641 -0.90529320 10163
0.93573568 -0.96883477 10164
0.93345022 -1.03671015 10165
0.93093807 -1.10921533 10166
0.92817482 -1.18666657 10167
0.92513339 -1.26940177 10168
0.92178373 -1.35778196 10169
0.91809249 -1.45219291 10170
0.91402276 -1.55304677 10171
0.90953367 -1.66078393 10172
0.90458008 -1.77587495 10173
0.89911219 -1.89882257 10174
0.89307515 -2.03016399 10175
0.88640871 -2.17047313 10176
0.87904684 -2.32036321 10177
0.87091741 -2.48048936 10178
0.86194193 -2.65155150 10179
0.85203529 -2.83429733 10180
0.84110574 -3.02952559 10181
0.82905493 -3.23808941 10182
0.81577822 -3.46089999 10183
0.80116529 -3.69893043 10184
0.78510111 -3.95321977 10185
0.76746750 -4.22487728 10186
0.74814533 -4.51508700 10187
0.72701753 -4.82511249 10188
0.70397339 -5.15630176 10189
0.67891407 -5.51009248 10190
0.65176011 -5.88801736 10191
0.62246112 -6.29170967 10192
0.59100837 -6.72290897 10193
0.55745096 -7.18346682 10194
0.52191662 -7.67535262 10195
0.48463798 -8.20065928 10196
0.44598602 -8.76160877 10197
0.40651220 -9.36055730 10198
0.36700141 -10.00000000 10199
1.00000000 -0.00100000 10200
1.00000000 -0.00206810 10201
1.00000000 -0.00320893 10202
1.00000000 -0.00442745 10203
1.00000000 -0.00572894 10204
1.00000000 -0.00711907 10205
1.00000000 -0.00860386 10206
1.00000000 -0.01018975 10207
1.00000000 -0.01188365 10208
1.00000000 -0.01369289 10209
1.00000000 -0.01562534 10210
1.00000000 -0.01768938 10211
1.00000000 -0.01989399 10212
1.00000000 -0.02224872 10213
1.00000000 -0.02476380 10214
1.00000000 -0.02745016 10215
1.00000000 -0.03031946 10216
1.00000000 -0.03338416 10217
1.00000000 -0.03665756 10218
1.00000000 -0.04015388 10219
1.00000000 -0.04388830 10220
1.00000000 -0.04787703 10221
1.00000000 -0.05213740 10222
1.00000000 -0.05668791 10223
1.00000000 -0.06154831 10224
1.00000000 -0.06673972 10225
1.00000000 -0.07228467 10226
1.00000000 -0.07820725 10227
1.00000000 -0.08453318 10228
1.00000000 -0.09128994 10229
1.00000000 -0.09850685 10230
1.00000000 -0.10621528 10231
1.00000000 -0.11444870 10232
1.00000000 -0.12324286 10233
1.00000000 -0.13263597 10234
1.00000000 -0.14266883 10235
1.00000000 -0.15338502 10236
1.00000000 -0.16483109 10237
1.00000000 -0.17705676 10238
1.00000000 -0.19011514 10239
1.00000000 -0.20406297 10240
1.00000000 -0.21896084 10241
1.00000000 -0.23487349 10242
1.00000000 -0.25187005 10243
1.00000000 -0.27002439 10244
1.00000000 -0.28941539 10245
1.00000000 -0.31012733 10246
1.00000000 -0.33225023 10247
1.00000000 -0.35588024 10248
1.00000000 -0.38112009 10249
1.00000000 -0.40807948 10250
1.00000000 -0.43687563 10251
1.00000000 -0.46763375 10252
1.00000000 -0.50048758 10253
1.00000000 -0.53557999 10254
1.00000000 -0.57306360 10255
1.00000000 -0.61310147 10256
1.00000000 -0.65586775 10257
1.00000000 -0.70154851 10258
1.00000000 -0.75034252 10259
1.00000000 -0.80246212 10260
1.00000000 -0.85813415 10261
1.00000000 -0.91760094 10262
1.00000000 -0.98112138 10263
1.00000000 -1.04897206 10264
1.00000000 -1.12144845 10265
1.00000000 -1.19886623 10266
1.00000000 -1.28156263 10267
1.00000000 -1.36989795 10268
1.00000000 -1.46425712 10269
1.00000000 -1.56505136 10270
1.00000000 -1.67272003 10271
1.00000000 -1.78773249 10272
1.00000000 -1.91059021 10273
1.00000000 -2.04182892 10274
1.00000000 -2.18202096 10275
1.00000000 -2.33177777 10276
1.00000000 -2.49175255 10277
1.00000000 -2.66264308 10278
1.00000000 -2.84519477 10279
1.00000000 -3.04020384 10280
1.00000000 -3.24852076 10281
1.00000000 -3.47105389 10282
1.00000000 -3.70877332 10283
1.00000000 -3.96271498 10284
1.00000000 -4.23398502 10285
1.00000000 -4.52376434 10286
1.00000000 -4.83331350 10287
1.00000000 -5.16397779 10288
1.00000000 -5.51719266 10289
1.00000000 -5.89448930 10290
1.00000000 -6.29750056 10291
1.00000000 -6.72796705 10292
1.00000000 -7.18774345 10293
1.00000000 -7.67880504 10294
1.00000000 -8.20325428 10295
1.00000000 -8.76332748 10296
1.00000000 -9.36140147 10297
1.00000000 -10.00000000 10298
1.03930269 -0.00100000 10299
1.03930269 -0.00206810 10300
1.03930269 -0.00320893 10301
1.03930269 -0.00442745 10302
1.03930269 -0.00572894 10303
1.03930269 -0.00711907 10304
1.03930269 -0.00860386 10305
1.03930269 -0.01018975 10306
1.03930269 -0.01188365 10307
1.03930269 -0.01369289 10308
1.03930269 -0.01562534 10309
1.03930269 -0.01768938 10310
1.03930269 -0.01989399 10311
1.03930269 -0.02224872 10312
1.03930269 -0.02476380 10313
1.03930269 -0.02745016 10314
1.03930269 -0.03031946 10315
1.03930269 -0.03338416 10316
1.03930269 -0.03665756 10317
1.03930269 -0.04015388 10318
1.03930269 -0.04388830 10319
1.03930269 -0.04787703 10320
1.03930269 -0.05213740 10321
1.03930269 -0.05668791 10322
1.03930269 -0.06154831 10323
1.03930269 -0.06673972 10324
1.03930269 -0.07228467 10325
1.03930269 -0.07820725 10326
1.03930269 -0.08453318 10327
1.03930269 -0.09128994 10328
1.03930269 -0.09850685 10329
1.03930269 -0.10621528 10330
1.03930269 -0.11444870 10331
1.03930269 -0.12324286 10332
1.03930269 -0.13263597 10333
1.03930269 -0.14266883 10334
1.03930269 -0.15338502 10335
1.03930269 -0.16483109 10336
1.03930269 -0.17705676 10337
1.03930269 -0.19011514 10338
1.03930269 -0.20406297 10339
1.03930269 -0.21896084 10340
1.03930269 -0.23487349 10341
1.03930269 -0.25187005 10342
1.03930269 -0.27002439 10343
1.03930269 -0.28941539 10344
1.03930269 -0.31012733 10345
1.03930269 -0.33225023 10346
1.03930269 -0.35588024 10347
1.03930269 -0.38112009 10348
1.03930269 -0.40807948 10349
1.03930269 -0.43687563 10350
1.03930269 -0.46763375 10351
1.03930269 -0.50048758 10352
1.03930269 -0.53557999 10353
1.03930269 -0.57306360 10354
1.03930269 -0.61310147 10355
1.03930269 -0.65586775 10356
1.03930269 -0.70154851 10357
1.03930269 -0.75034252 10358
1.03930269 -0.80246212 10359
1.03930269 -0.85813415 10360
1.03930269 -0.91760094 10361
1.03930269 -0.98112138 10362
1.03930269 -1.04897206 10363
1.03930269 -1.12144845 10364
1.03930269 -1.19886623 10365
1.03930269 -1.28156263 10366
1.03930269 -1.36989795 10367
1.03930269 -1.46425712 10368
1.03930269 -1.56505136 10369
1.03930269 -1.67272003 10370
1.03930269 -1.78773249 10371
1.03930269 -1.91059021 10372
1.03930269 -2.04182892 10373
1.03930269 -2.18202096 10374
1.03930269 -2.33177777 10375
1.03930269 -2.49175255 10376
1.03930269 -2.66264308 10377
1.03930269 -2.84519477 10378
1.03930269 -3.04020384 10379
1.03930269 -3.24852076 10380
1.03930269 -3.47105389 10381
1.03930269 -3.70877332 10382
1.03930269 -3.96271498 10383
1.03930269 -4.23398502 10384
1.03930269 -4.52376434 10385
1.03930269 -4.83331350 10386
1.03930269 -5.16397779 10387
1.03930269 -5.51719266 10388
1.03930269 -5.89448930 10389
1.03930269 -6.29750056 10390
1.03930269 -6.72796705 10391
1.03930269 -7.18774345 10392
1.03930269 -7.67880504 10393
1.03930269 -8.20325428 10394
1.03930269 -8.76332748 10395
1.03930269 -9.36140147 10396
1.03930269 -10.00000000 10397
1.08057051 -0.00100000 10398
1.08057051 -0.00206810 10399
1.08057051 -0.00320893 10400
1.08057051 -0.00442745 10401
1.08057051 -0.00572894 10402
1.08057051 -0.00711907 10403
1.08057051 -0.00860386 10404
1.08057051 -0.01018975 10405
1.08057051 -0.01188365 10406
1.08057051 -0.01369289 10407
1.08057051 -0.01562534 10408
1.08057051 -0.01768938 10409
1.08057051 -0.01989399 10410
1.08057051 -0.02224872 10411
1.08057051 -0.02476380 10412
1.08057051 -0.02745016 10413
1.08057051 -0.03031946 10414
1.08057051 -0.03338416 10415
1.08057051 -0.03665756 10416
1.08057051 -0.04015388 10417
1.08057051 -0.04388830 10418
1.08057051 -0.04787703 10419
1.08057051 -0.05213740 10420
1.08057051 -0.05668791 10421
1.08057051 -0.06154831 10422
1.08057051 -0.06673972 10423
1.08057051 -0.07228467 10424
1.08057051 -0.07820725 10425
1.08057051 -0.08453318 10426
1.08057051 -0.09128994 10427
1.08057051 -0.09850685 10428
1.08057051 -0.10621528 10429
1.08057051 -0.11444870 10430
1.08057051 -0.12324286 10431
1.08057051 -0.13263597 10432
1.08057051 -0.14266883 10433
1.08057051 -0.15338502 10434
1.08057051 -0.16483109 10435
1.08057051 -0.17705676 10436
1.08057051 -0.19011514 10437
1.08057051 -0.20406297 10438
1.08057051 -0.21896084 10439
1.08057051 -0.23487349 10440
1.08057051 -0.25187005 10441
1.08057051 -0.27002439 10442
1.08057051 -0.28941539 10443
1.08057051 -0.31012733 10444
1.08057051 -0.33225023 10445
1.08057051 -0.35588024 10446
1.08057051 -0.38112009 10447
1.08057051 -0.40807948 10448
1.08057051 -0.43687563 10449
1.08057051 -0.46763375 10450
1.08057051 -0.50048758 10451
1.08057051 -0.53557999 10452
1.08057051 -0.57306360 10453
1.08057051 -0.61310147 10454
1.08057051 -0.65586775 10455
1.08057051 -0.70154851 10456
1.08057051 -0.75034252 10457
1.08057051 -0.80246212 10458
1.08057051 -0.85813415 10459
1.08057051 -0.91760094 10460
1.08057051 -0.98112138 10461
1.08057051 -1.04897206 10462
1.08057051 -1.12144845 10463
1.08057051 -1.19886623 10464
1.08057051 -1.28156263 10465
1.08057051 -1.36989795 10466
1.08057051 -1.46425712 10467
1.08057051 -1.56505136 10468
1.08057051 -1.67272003 10469
1.08057051 -1.78773249 10470
1.08057051 -1.91059021 10471
1.08057051 -2.04182892 10472
1.08057051 -2.18202096 10473
1.08057051 -2.33177777 10474
1.08057051 -2.49175255 10475
1.08057051 -2.66264308 10476
1.08057051 -2.84519477 10477
1.08057051 -3.04020384 10478
1.08057051 -3.24852076 10479
1.08057051 -3.47105389 10480
1.08057051 -3.70877332 10481
1.08057051 -3.96271498 10482
1.08057051 -4.23398502 10483
1.08057051 -4.52376434 10484
1.08057051 -4.83331350 10485
1.08057051 -5.16397779 10486
1.08057051 -5.51719266 10487
1.08057051 -5.89448930 10488
1.08057051 -6.29750056 10489
1.08057051 -6.72796705 10490
1.08057051 -7.18774345 10491
1.08057051 -7.67880504 10492
1.08057051 -8.20325428 10493
1.08057051 -8.76332748 10494
1.08057051 -9.36140147 10495
1.08057051 -10.00000000 10496
1.12390172 -0.00100000 10497
1.12390172 -0.00206810 10498
1.12390172 -0.00320893 10499
1.12390172 -0.00442745 10500
1.12390172 -0.00572894 10501
1.12390172 -0.00711907 10502
1.12390172 -0.00860386 10503
1.12390172 -0.01018975 10504
1.12390172 -0.01188365 10505
1.12390172 -0.01369289 10506
1.12390172 -0.01562534 10507
1.12390172 -0.01768938 10508
1.12390172 -0.01989399 10509
1.12390172 -0.02224872 10510
1.12390172 -0.02476380 10511
1.12390172 -0.02745016 10512
1.12390172 -0.03031946 10513
1.12390172 -0.03338416 10514
1.12390172 -0.03665756 10515
1.12390172 -0.04015388 10516
1.12390172 -0.04388830 10517
1.12390172 -0.04787703 10518
1.12390172 -0.05213740 10519
1.12390172 -0.05668791 10520
1.12390172 -0.06154831 10521
1.12390172 -0.06673972 10522
1.12390172 -0.07228467 10523
1.12390172 -0.07820725 10524
1.12390172 -0.08453318 10525
1.12390172 -0.09128994 10526
1.12390172 -0.09850685 10527
1.12390172 -0.10621528 10528
1.12390172 -0.11444870 10529
1.12390172 -0.12324286 10530
1.12390172 -0.13263597 10531
1.12390172 -0.14266883 10532
1.12390172 -0.15338502 10533
1.12390172 -0.16483109 10534
1.12390172 -0.17705676 10535
1.12390172 -0.19011514 10536
1.12390172 -0.20406297 10537
1.12390172 -0.21896084 10538
1.12390172 -0.23487349 10539
1.12390172 -0.25187005 10540
1.12390172 -0.27002439 10541
1.12390172 -0.28941539 10542
1.12390172 -0.31012733 10543
1.12390172 -0.33225023 10544
1.12390172 -0.35588024 10545
1.12390172 -0.38112009 10546
1.12390172 -0.40807948 10547
1.12390172 -0.43687563 10548
1.12390172 -0.46763375 10549
1.12390172 -0.50048758 10550
1.12390172 -0.53557999 10551
1.12390172 -0.57306360 10552
1.12390172 -0.61310147 10553
1.12390172 -0.65586775 10554
1.12390172 -0.70154851 10555
1.12390172 -0.75034252 10556
1.12390172 -0.80246212 10557
1.12390172 -0.85813415 10558
1.12390172 -0.91760094 10559
1.12390172 -0.98112138 10560
1.12390172 -1.04897206 10561
1.12390172 -1.12144845 10562
1.12390172 -1.19886623 10563
1.12390172 -1.28156263 10564
1.12390172 -1.36989795 10565
1.12390172 -1.46425712 10566
1.12390172 -1.56505136 10567
1.12390172 -1.67272003 10568
1.12390172 -1.78773249 10569
1.12390172 -1.91059021 10570
1.12390172 -2.04182892 10571
1.12390172 -2.18202096 10572
1.12390172 -2.33177777 10573
1.12390172 -2.49175255 10574
1.12390172 -2.66264308 10575
1.12390172 -2.84519477 10576
1.12390172 -3.04020384 10577
1.12390172 -3.24852076 10578
1.12390172 -3.47105389 10579
1.12390172 -3.70877332 10580
1.12390172 -3.96271498 10581
1.12390172 -4.23398502 10582
1.12390172 -4.52376434 10583
1.12390172 -4.83331350 10584
1.12390172 -5.16397779 10585
1.12390172 -5.51719266 10586
1.12390172 -5.89448930 10587
1.12390172 -6.29750056 10588
1.12390172 -6.72796705 10589
1.12390172 -7.18774345 10590
1.12390172 -7.67880504 10591
1.12390172 -8.20325428 10592
1.12390172 -8.76332748 10593
1.12390172 -9.36140147 10594
1.12390172 -10.00000000 10595
1.16939950 -0.00100000 10596
1.16939950 -0.00206810 10597
1.16939950 -0.00320893 10598
1.16939950 -0.00442745 10599
1.16939950 -0.00572894 10600
1.16939950 -0.00711907 10601
1.16939950 -0.00860386 10602
1.16939950 -0.01018975 10603
1.16939950 -0.01188365 10604
1.16939950 -0.01369289 10605
1.16939950 -0.01562534 10606
1.16939950 -0.01768938 10607
1.16939950 -0.01989399 10608
1.16939950 -0.02224872 10609
1.16939950 -0.02476380 10610
1.16939950 -0.02745016 10611
1.16939950 -0.03031946 10612
1.16939950 -0.03338416 10613
1.16939950 -0.03665756 10614
1.16939950 -0.04015388 10615
1.16939950 -0.04388830 10616
1.16939950 -0.04787703 10617
1.16939950 -0.05213740 10618
1.16939950 -0.05668791 10619
1.16939950 -0.06154831 10620
1.16939950 -0.06673972 10621
1.16939950 -0.07228467 10622
1.16939950 -0.07820725 10623
1.16939950 -0.08453318 10624
1.16939950 -0.09128994 10625
1.16939950 -0.09850685 10626
1.16939950 -0.10621528 10627
1.16939950 -0.11444870 10628
1.16939950 -0.12324286 10629
1.16939950 -0.13263597 10630
1.16939950 -0.14266883 10631
1.16939950 -0.15338502 10632
1.16939950 -0.16483109 10633
1.16939950 -0.17705676 10634
1.16939950 -0.19011514 10635
1.16939950 -0.20406297 10636
1.16939950 -0.21896084 10637
1.16939950 -0.23487349 10638
1.16939950 -0.25187005 10639
1.16939950 -0.27002439 10640
1.16939950 -0.28941539 10641
1.16939950 -0.31012733 10642
1.16939950 -0.33225023 10643
1.16939950 -0.35588024 10644
1.16939950 -0.38112009 10645
1.16939950 -0.40807948 10646
1.16939950 -0.43687563 10647
1.16939950 -0.46763375 10648
1.16939950 -0.50048758 10649
1.16939950 -0.53557999 10650
1.16939950 -0.57306360 10651
1.16939950 -0.61310147 10652
1.16939950 -0.65586775 10653
1.16939950 -0.70154851 10654
1.16939950 -0.75034252 10655
1.16939950 -0.80246212 10656
1.16939950 -0.85813415 10657
1.16939950 -0.91760094 10658
1.16939950 -0.98112138 10659
1.16939950 -1.04897206 10660
1.16939950 -1.12144845 10661
1.16939950 -1.19886623 10662
1.16939950 -1.28156263 10663
1.16939950 -1.36989795 10664
1.16939950 -1.46425712 10665
1.16939950 -1.56505136 10666
1.16939950 -1.67272003 10667
1.16939950 -1.78773249 10668
1.16939950 -1.91059021 10669
1.16939950 -2.04182892 10670
1.16939950 -2.18202096 10671
1.16939950 -2.33177777 10672
1.16939950 -2.49175255 10673
1.16939950 -2.66264308 10674
1.16939950 -2.84519477 10675
1.16939950 -3.04020384 10676
1.16939950 -3.24852076 10677
1.16939950 -3.47105389 10678
1.16939950 -3.70877332 10679
1.16939950 -3.96271498 10680
1.16939950 -4.23398502 10681
1.16939950 -4.52376434 10682
1.16939950 -4.83331350 10683
1.16939950 -5.16397779 10684
1.16939950 -5.51719266 10685
1.16939950 -5.89448930 10686
1.16939950 -6.29750056 10687
1.16939950 -6.72796705 10688
1.16939950 -7.18774345 10689
1.16939950 -7.67880504 10690
1.16939950 -8.20325428 10691
1.16939950 -8.76332748 10692
1.16939950 -9.36140147 10693
1.16939950 -10.00000000 10694
1.21717216 -0.00100000 10695
1.21717216 -0.00206810 10696
1.21717216 -0.00320893 10697
1.21717216 -0.00442745 10698
1.21717216 -0.00572894 10699
1.21717216 -0.00711907 10700
1.21717216 -0.00860386 10701
1.21717216 -0.01018975 10702
1.21717216 -0.01188365 10703
1.21717216 -0.01369289 10704
1.21717216 -0.01562534 10705
1.21717216 -0.01768938 10706
1.21717216 -0.01989399 10707
1.21717216 -0.02224872 10708
1.21717216 -0.02476380 10709
1.21717216 -0.02745016 10710
1.21717216 -0.03031946 10711
1.21717216 -0.03338416 10712
1.21717216 -0.03665756 10713
1.21717216 -0.04015388 10714
1.21717216 -0.04388830 10715
1.21717216 -0.04787703 10716
1.21717216 -0.05213740 10717
1.21717216 -0.05668791 10718
1.21717216 -0.06154831 10719
1.21717216 -0.06673972 10720
1.21717216 -0.07228467 10721
1.21717216 -0.07820725 10722
1.21717216 -0.08453318 10723
1.21717216 -0.09128994 10724
1.21717216 -0.09850685 10725
1.21717216 -0.10621528 10726
1.21717216 -0.11444870 10727
1.21717216 -0.12324286 10728
1.21717216 -0.13263597 10729
1.21717216 -0.14266883 10730
1.21717216 -0.15338502 10731
1.21717216 -0.16483109 10732
1.21717216 -0.17705676 10733
1.21717216 -0.19011514 10734
1.21717216 -0.20406297 10735
1.21717216 -0.21896084 10736
1.21717216 -0.23487349 10737
1.21717216 -0.25187005 10738
1.21717216 -0.27002439 10739
1.21717216 -0.28941539 10740
1.21717216 -0.31012733 10741
1.21717216 -0.33225023 10742
1.21717216 -0.35588024 10743
1.21717216 -0.38112009 10744
1.21717216 -0.40807948 10745
1.21717216 -0.43687563 10746
1.21717216 -0.46763375 10747
1.21717216 -0.50048758 10748
1.21717216 -0.53557999 10749
1.21717216 -0.57306360 10750
1.21717216 -0.61310147 10751
1.21717216 -0.65586775 10752
1.21717216 -0.70154851 10753
1.21717216 -0.75034252 10754
1.21717216 -0.80246212 10755
1.21717216 -0.85813415 10756
1.21717216 -0.91760094 10757
1.21717216 -0.98112138 10758
1.21717216 -1.04897206 10759
1.21717216 -1.12144845 10760
1.21717216 -1.19886623 10761
1.21717216 -1.28156263 10762
1.21717216 -1.36989795 10763
1.21717216 -1.46425712 10764
1.21717216 -1.56505136 10765
1.21717216 -1.67272003 10766
1.21717216 -1.78773249 10767
1.21717216 -1.91059021 10768
1.21717216 -2.04182892 10769
1.21717216 -2.18202096 10770
1.21717216 -2.33177777 10771
1.21717216 -2.49175255 10772
1.21717216 -2.66264308 10773
1.21717216 -2.84519477 10774
1.21717216 -3.04020384 10775
1.21717216 -3.24852076 10776
1.21717216 -3.47105389 10777
1.21717216 -3.70877332 10778
1.21717216 -3.96271498 10779
1.21717216 -4.23398502 10780
1.21717216 -4.52376434 10781
1.21717216 -4.83331350 10782
1.21717216 -5.16397779 10783
1.21717216 -5.51719266 10784
1.21717216 -5.89448930 10785
1.21717216 -6.29750056 10786
1.21717216 -6.72796705 10787
1.21717216 -7.18774345 10788
1.21717216 -7.67880504 10789
1.21717216 -8.20325428 10790
1.21717216 -8.76332748 10791
1.21717216 -9.36140147 10792
1.21717216 -10.00000000 10793
1.26733346 -0.00100000 10794
1.26733346 -0.00206810 10795
1.26733346 -0.00320893 10796
1.26733346 -0.00442745 10797
1.26733346 -0.00572894 10798
1.26733346 -0.00711907 10799
1.26733346 -0.00860386 10800
1.26733346 -0.01018975 10801
1.26733346 -0.01188365 10802
1.26733346 -0.01369289 10803
1.26733346 -0.01562534 10804
1.26733346 -0.01768938 10805
1.26733346 -0.01989399 10806
1.26733346 -0.02224872 10807
1.26733346 -0.02476380 10808
1.26733346 -0.02745016 10809
1.26733346 -0.03031946 10810
1.26733346 -0.03338416 10811
1.26733346 -0.03665756 10812
1.26733346 -0.04015388 10813
1.26733346 -0.04388830 10814
1.26733346 -0.04787703 10815
1.26733346 -0.05213740 10816
1.26733346 -0.05668791 10817
1.26733346 -0.06154831 10818
1.26733346 -0.06673972 10819
1.26733346 -0.07228467 10820
1.26733346 -0.07820725 10821
1.26733346 -0.08453318 10822
1.26733346 -0.09128994 10823
1.26733346 -0.09850685 10824
1.26733346 -0.10621528 10825
1.26733346 -0.11444870 10826
1.26733346 -0.12324286 10827
1.26733346 -0.13263597 10828
1.26733346 -0.14266883 10829
1.26733346 -0.15338502 10830
1.26733346 -0.16483109 10831
1.26733346 -0.17705676 10832
1.26733346 -0.19011514 10833
1.26733346 -0.20406297 10834
1.26733346 -0.21896084 10835
1.26733346 -0.23487349 10836
1.26733346 -0.25187005 10837
1.26733346 -0.27002439 10838
1.26733346 -0.28941539 10839
1.26733346 -0.31012733 10840
1.26733346 -0.33225023 10841
1.26733346 -0.35588024 10842
1.26733346 -0.38112009 10843
1.26733346 -0.40807948 10844
1.26733346 -0.43687563 10845
1.26733346 -0.46763375 10846
1.26733346 -0.50048758 10847
1.26733346 -0.53557999 10848
1.26733346 -0.57306360 10849
1.26733346 -0.61310147 10850
1.26733346 -0.65586775 10851
1.26733346 -0.70154851 10852
1.26733346 -0.75034252 10853
1.26733346 -0.80246212 10854
1.26733346 -0.85813415 10855
1.26733346 -0.91760094 10856
1.26733346 -0.98112138 10857
1.26733346 -1.04897206 10858
1.26733346 -1.12144845 10859
1.26733346 -1.19886623 10860
1.26733346 -1.28156263 10861
1.26733346 -1.36989795 10862
1.26733346 -1.46425712 10863
1.26733346 -1.56505136 10864
1.26733346 -1.67272003 10865
1.26733346 -1.78773249 10866
1.26733346 -1.91059021 10867
1.26733346 -2.04182892 10868
1.26733346 -2.18202096 10869
1.26733346 -2.33177777 10870
1.26733346 -2.49175255 10871
1.26733346 -2.66264308 10872
1.26733346 -2.84519477 10873
1.26733346 -3.04020384 10874
1.26733346 -3.24852076 10875
1.26733346 -3.47105389 10876
1.26733346 -3.70877332 10877
1.26733346 -3.96271498 10878
1.26733346 -4.23398502 10879
1.26733346 -4.52376434 10880
1.26733346 -4.83331350 10881
1.26733346 -5.16397779 10882
1.26733346 -5.51719266 10883
1.26733346 -5.89448930 10884
1.26733346 -6.29750056 10885
1.26733346 -6.72796705 10886
1.26733346 -7.18774345 10887
1.26733346 -7.67880504 10888
1.26733346 -8.20325428 10889
1.26733346 -8.76332748 10890
1.26733346 -9.36140147 10891
1.26733346 -10.00000000 10892
1.32000282 -0.00100000 10893
1.32000282 -0.00206810 10894
1.32000282 -0.00320893 10895
1.32000282 -0.00442745 10896
1.32000282 -0.00572894 10897
1.32000282 -0.00711907 10898
1.32000282 -0.00860386 10899
1.32000282 -0.01018975 10900
1.32000282 -0.01188365 10901
1.32000282 -0.01369289 10902
1.32000282 -0.01562534 10903
1.32000282 -0.01768938 10904
1.32000282 -0.01989399 10905
1.32000282 -0.02224872 10906
1.32000282 -0.02476380 10907
1.32000282 -0.02745016 10908
1.32000282 -0.03031946 10909
1.32000282 -0.03338416 10910
1.32000282 -0.03665756 10911
1.32000282 -0.04015388 10912
1.32000282 -0.04388830 10913
1.32000282 -0.04787703 10914
1.32000282 -0.05213740 10915
1.32000282 -0.05668791 10916
1.32000282 -0.06154831 10917
1.32000282 -0.06673972 10918
1.32000282 -0.07228467 10919
1.32000282 -0.07820725 10920
1.32000282 -0.08453318 10921
1.32000282 -0.09128994 10922
1.32000282 -0.09850685 10923
1.32000282 -0.10621528 10924
1.32000282 -0.11444870 10925
1.32000282 -0.12324286 10926
1.32000282 -0.13263597 10927
1.32000282 -0.14266883 10928
1.32000282 -0.15338502 10929
1.32000282 -0.16483109 10930
1.32000282 -0.17705676 10931
1.32000282 -0.19011514 10932
1.32000282 -0.20406297 10933
1.32000282 -0.21896084 10934
1.32000282 -0.23487349 10935
1.32000282 -0.25187005 10936
1.32000282 -0.27002439 10937
1.32000282 -0.28941539 10938
1.32000282 -0.31012733 10939
1.32000282 -0.33225023 10940
1.32000282 -0.35588024 10941
1.32000282 -0.38112009 10942
1.32000282 -0.40807948 10943
1.32000282 -0.43687563 10944
1.32000282 -0.46763375 10945
1.32000282 -0.50048758 10946
1.32000282 -0.53557999 10947
1.32000282 -0.57306360 10948
1.32000282 -0.61310147 10949
1.32000282 -0.65586775 10950
1.32000282 -0.70154851 10951
1.32000282 -0.75034252 10952
1.32000282 -0.80246212 10953
1.32000282 -0.85813415 10954
1.32000282 -0.91760094 10955
1.32000282 -0.98112138 10956
1.32000282 -1.04897206 10957
1.32000282 -1.12144845 10958
1.32000282 -1.19886623 10959
1.32000282 -1.28156263 10960
1.32000282 -1.36989795 10961
1.32000282 -1.46425712 10962
1.32000282 -1.56505136 10963
1.32000282 -1.67272003 10964
1.32000282 -1.78773249 10965
1.32000282 -1.91059021 10966
1.32000282 -2.04182892 10967
1.32000282 -2.18202096 10968
1.32000282 -2.33177777 10969
1.32000282 -2.49175255 10970
1.32000282 -2.66264308 10971
1.32000282 -2.84519477 10972
1.32000282 -3.04020384 10973
1.32000282 -3.24852076 10974
1.32000282 -3.47105389 10975
1.32000282 -3.70877332 10976
1.32000282 -3.96271498 10977
1.32000282 -4.23398502 10978
1.32000282 -4.52376434 10979
1.32000282 -4.83331350 10980
1.32000282 -5.16397779 10981
1.32000282 -5.51719266 10982
1.32000282 -5.89448930 10983
1.32000282 -6.29750056 10984
1.32000282 -6.72796705 10985
1.32000282 -7.18774345 10986
1.32000282 -7.67880504 10987
1.32000282 -8.20325428 10988
1.32000282 -8.76332748 10989
1.32000282 -9.36140147 10990
1.32000282 -10.00000000 10991
1.37530565 -0.00100000 10992
1.37530565 -0.00206810 10993
1.37530565 -0.00320893 10994
1.37530565 -0.00442745 10995
1.37530565 -0.00572894 10996
1.37530565 -0.00711907 10997
1.37530565 -0.00860386 10998
1.37530565 -0.01018975 10999
1.37530565 -0.01188365 11000
1.37530565 -0.01369289 11001
1.37530565 -0.01562534 11002
1.37530565 -0.01768938 11003
1.37530565 -0.01989399 11004
1.37530565 -0.02224872 11005
1.37530565 -0.02476380 11006
1.37530565 -0.02745016 11007
1.37530565 -0.03031946 11008
1.37530565 -0.03338416 11009
1.37530565 -0.03665756 11010
1.37530565 -0.04015388 11011
1.37530565 -0.04388830 11012
1.37530565 -0.04787703 11013
1.37530565 -0.05213740 11014
1.37530565 -0.05668791 11015
1.37530565 -0.06154831 11016
1.37530565 -0.06673972 11017
1.37530565 -0.07228467 11018
1.37530565 -0.07820725 11019
1.37530565 -0.08453318 11020
1.37530565 -0.09128994 11021
1.37530565 -0.09850685 11022
1.37530565 -0.10621528 11023
1.37530565 -0.11444870 11024
1.37530565 -0.12324286 11025
1.37530565 -0.13263597 11026
1.37530565 -0.14266883 11027
1.37530565 -0.15338502 11028
1.37530565 -0.16483109 11029
1.37530565 -0.17705676 11030
1.37530565 -0.19011514 11031
1.37530565 -0.20406297 11032
1.37530565 -0.21896084 11033
1.37530565 -0.23487349 11034
1.37530565 -0.25187005 11035
1.37530565 -0.27002439 11036
1.37530565 -0.28941539 11037
1.37530565 -0.31012733 11038
1.37530565 -0.33225023 11039
1.37530565 -0.35588024 11040
1.37530565 -0.38112009 11041
1.37530565 -0.40807948 11042
1.37530565 -0.43687563 11043
1.37530565 -0.46763375 11044
1.37530565 -0.50048758 11045
1.37530565 -0.53557999 11046
1.37530565 -0.57306360 11047
1.37530565 -0.61310147 11048
1.37530565 -0.65586775 11049
1.37530565 -0.70154851 11050
1.37530565 -0.75034252 11051
1.37530565 -0.80246212 11052
1.37530565 -0.85813415 11053
1.37530565 -0.91760094 11054
1.37530565 -0.98112138 11055
1.37530565 -1.04897206 11056
1.37530565 -1.12144845 11057
1.37530565 -1.19886623 11058
1.37530565 -1.28156263 11059
1.37530565 -1.36989795 11060
1.37530565 -1.46425712 11061
1.37530565 -1.56505136 11062
1.37530565 -1.67272003 11063
1.37530565 -1.78773249 11064
1.37530565 -1.91059021 11065
1.37530565 -2.04182892 11066
1.37530565 -2.18202096 11067
1.37530565 -2.33177777 11068
1.37530565 -2.49175255 11069
1.37530565 -2.66264308 11070
1.37530565 -2.84519477 11071
1.37530565 -3.04020384 11072
1.37530565 -3.24852076 11073
1.37530565 -3.47105389 11074
1.37530565 -3.70877332 11075
1.37530565 -3.96271498 11076
1.37530565 -4.23398502 11077
1.37530565 -4.52376434 11078
1.37530565 -4.83331350 11079
1.37530565 -5.16397779 11080
1.37530565 -5.51719266 11081
1.37530565 -5.89448930 11082
1.37530565 -6.29750056 11083
1.37530565 -6.72796705 11084
1.37530565 -7.18774345 11085
1.37530565 -7.67880504 11086
1.37530565 -8.20325428 11087
1.37530565 -8.76332748 11088
1.37530565 -9.36140147 11089
1.37530565 -10.00000000 11090
1.43337362 -0.00100000 11091
1.43337362 -0.00206810 11092
1.43337362 -0.00320893 11093
1.43337362 -0.00442745 11094
1.43337362 -0.00572894 11095
1.43337362 -0.00711907 11096
1.43337362 -0.00860386 11097
1.43337362 -0.01018975 11098
1.43337362 -0.01188365 11099
1.43337362 -0.01369289 11100
1.43337362 -0.01562534 11101
1.43337362 -0.01768938 11102
1.43337362 -0.01989399 11103
1.43337362 -0.02224872 11104
1.43337362 -0.02476380 11105
1.43337362 -0.02745016 11106
1.43337362 -0.03031946 11107
1.43337362 -0.03338416 11108
1.43337362 -0.03665756 11109
1.43337362 -0.04015388 11110
1.43337362 -0.04388830 11111
1.43337362 -0.04787703 11112
1.43337362 -0.05213740 11113
1.43337362 -0.05668791 11114
1.43337362 -0.06154831 11115
1.43337362 -0.06673972 11116
1.43337362 -0.07228467 11117
1.43337362 -0.07820725 11118
1.43337362 -0.08453318 11119
1.43337362 -0.09128994 11120
1.43337362 -0.09850685 11121
1.43337362 -0.10621528 11122
1.43337362 -0.11444870 11123
1.43337362 -0.12324286 11124
1.43337362 -0.13263597 11125
1.43337362 -0.14266883 11126
1.43337362 -0.15338502 11127
1.43337362 -0.16483109 11128
1.43337362 -0.17705676 11129
1.43337362 -0.19011514 11130
1.43337362 -0.20406297 11131
1.43337362 -0.21896084 11132
1.43337362 -0.23487349 11133
1.43337362 -0.25187005 11134
1.43337362 -0.27002439 11135
1.43337362 -0.28941539 11136
1.43337362 -0.31012733 11137
1.43337362 -0.33225023 11138
1.43337362 -0.35588024 11139
1.43337362 -0.38112009 11140
1.43337362 -0.40807948 11141
1.43337362 -0.43687563 11142
1.43337362 -0.46763375 11143
1.43337362 -0.50048758 11144
1.43337362 -0.53557999 11145
1.43337362 -0.57306360 11146
1.43337362 -0.61310147 11147
1.43337362 -0.65586775 11148
1.43337362 -0.70154851 11149
1.43337362 -0.75034252 11150
1.43337362 -0.80246212 11151
1.43337362 -0.85813415 11152
1.43337362 -0.91760094 11153
1.43337362 -0.98112138 11154
1.43337362 -1.04897206 11155
1.43337362 -1.12144845 11156
1.43337362 -1.19886623 11157
1.43337362 -1.28156263 11158
1.43337362 -1.36989795 11159
1.43337362 -1.46425712 11160
1.43337362 -1.56505136 11161
1.43337362 -1.67272003 11162
1.43337362 -1.78773249 11163
1.43337362 -1.91059021 11164
1.43337362 -2.04182892 11165
1.43337362 -2.18202096 11166
1.43337362 -2.33177777 11167
1.43337362 -2.49175255 11168
1.43337362 -2.66264308 11169
1.43337362 -2.84519477 11170
1.43337362 -3.04020384 11171
1.43337362 -3.24852076 11172
1.43337362 -3.47105389 11173
1.43337362 -3.70877332 11174
1.43337362 -3.96271498 11175
1.43337362 -4.23398502 11176
1.43337362 -4.52376434 11177
1.43337362 -4.83331350 11178
1.43337362 -5.16397779 11179
1.43337362 -5.51719266 11180
1.43337362 -5.89448930 11181
1.43337362 -6.29750056 11182
1.43337362 -6.72796705 11183
1.43337362 -7.18774345 11184
1.43337362 -7.67880504 11185
1.43337362 -8.20325428 11186
1.43337362 -8.76332748 11187
1.43337362 -9.36140147 11188
1.43337362 -10.00000000 11189
1.49434499 -0.00100000 11190
1.49434499 -0.00206810 11191
1.49434499 -0.00320893 11192
1.49434499 -0.00442745 11193
1.49434499 -0.00572894 11194
1.49434499 -0.00711907 11195
1.49434499 -0.00860386 11196
1.49434499 -0.01018975 11197
1.49434499 -0.01188365 11198
1.49434499 -0.01369289 11199
1.49434499 -0.01562534 11200
1.49434499 -0.01768938 11201
1.49434499 -0.01989399 11202
1.49434499 -0.02224872 11203
1.49434499 -0.02476380 11204
1.49434499 -0.02745016 11205
1.49434499 -0.03031946 11206
1.49434499 -0.03338416 11207
1.49434499 -0.03665756 11208
1.49434499 -0.04015388 11209
1.49434499 -0.04388830 11210
1.49434499 -0.04787703 11211
1.49434499 -0.05213740 11212
1.49434499 -0.05668791 11213
1.49434499 -0.06154831 11214
1.49434499 -0.06673972 11215
1.49434499 -0.07228467 11216
1.49434499 -0.07820725 11217
1.49434499 -0.08453318 11218
1.49434499 -0.09128994 11219
1.49434499 -0.09850685 11220
1.49434499 -0.10621528 11221
1.49434499 -0.11444870 11222
1.49434499 -0.12324286 11223
1.49434499 -0.13263597 11224
1.49434499 -0.14266883 11225
1.49434499 -0.15338502 11226
1.49434499 -0.16483109 11227
1.49434499 -0.17705676 11228
1.49434499 -0.19011514 11229
1.49434499 -0.20406297 11230
1.49434499 -0.21896084 11231
1.49434499 -0.23487349 11232
1.49434499 -0.25187005 11233
1.49434499 -0.27002439 11234
1.49434499 -0.28941539 11235
1.49434499 -0.31012733 11236
1.49434499 -0.33225023 11237
1.49434499 -0.35588024 11238
1.49434499 -0.38112009 11239
1.49434499 -0.40807948 11240
1.49434499 -0.43687563 11241
1.49434499 -0.46763375 11242
1.49434499 -0.50048758 11243
1.49434499 -0.53557999 11244
1.49434499 -0.57306360 11245
1.49434499 -0.61310147 11246
1.49434499 -0.65586775 11247
1.49434499 -0.70154851 11248
1.49434499 -0.75034252 11249
1.49434499 -0.80246212 11250
1.49434499 -0.85813415 11251
1.49434499 -0.91760094 11252
1.49434499 -0.98112138 11253
1.49434499 -1.04897206 11254
1.49434499 -1.12144845 11255
1.49434499 -1.19886623 11256
1.49434499 -1.28156263 11257
1.49434499 -1.36989795 11258
1.49434499 -1.46425712 11259
1.49434499 -1.56505136 11260
1.49434499 -1.67272003 11261
1.49434499 -1.78773249 11262
1.49434499 -1.91059021 11263
1.49434499 -2.04182892 11264
1.49434499 -2.18202096 11265
1.49434499 -2.33177777 11266
1.49434499 -2.49175255 11267
1.49434499 -2.66264308 11268
1.49434499 -2.84519477 11269
1.49434499 -3.04020384 11270
1.49434499 -3.24852076 11271
1.49434499 -3.47105389 11272
1.49434499 -3.70877332 11273
1.49434499 -3.96271498 11274
1.49434499 -4.23398502 11275
1.49434499 -4.52376434 11276
1.49434499 -4.83331350 11277
1.49434499 -5.16397779 11278
1.49434499 -5.51719266 11279
1.49434499 -5.89448930 11280
1.49434499 -6.29750056 11281
1.49434499 -6.72796705 11282
1.49434499 -7.18774345 11283
1.49434499 -7.67880504 11284
1.49434499 -8.20325428 11285
1.49434499 -8.76332748 11286
1.49434499 -9.36140147 11287
1.49434499 -10.00000000 11288
1.55836492 -0.00100000 11289
1.55836492 -0.00206810 11290
1.55836492 -0.00320893 11291
1.55836492 -0.00442745 11292
1.55836492 -0.00572894 11293
1.55836492 -0.00711907 11294
1.55836492 -0.00860386 11295
1.55836492 -0.01018975 11296
1.55836492 -0.01188365 11297
1.55836492 -0.01369289 11298
1.55836492 -0.01562534 11299
1.55836492 -0.01768938 11300
1.55836492 -0.01989399 11301
1.55836492 -0.02224872 11302
1.55836492 -0.02476380 11303
1.55836492 -0.02745016 11304
1.55836492 -0.03031946 11305
1.55836492 -0.03338416 11306
1.55836492 -0.03665756 11307
1.55836492 -0.04015388 11308
1.55836492 -0.04388830 11309
1.55836492 -0.04787703 11310
1.55836492 -0.05213740 11311
1.55836492 -0.05668791 11312
1.55836492 -0.06154831 11313
1.55836492 -0.06673972 11314
1.55836492 -0.07228467 11315
1.55836492 -0.07820725 11316
1.55836492 -0.08453318 11317
1.55836492 -0.09128994 11318
1.55836492 -0.09850685 11319
1.55836492 -0.10621528 11320
1.55836492 -0.11444870 11321
1.55836492 -0.12324286 11322
1.55836492 -0.13263597 11323
1.55836492 -0.14266883 11324
1.55836492 -0.15338502 11325
1.55836492 -0.16483109 11326
1.55836492 -0.17705676 11327
1.55836492 -0.19011514 11328
1.55836492 -0.20406297 11329
1.55836492 -0.21896084 11330
1.55836492 -0.23487349 11331
1.55836492 -0.25187005 11332
1.55836492 -0.27002439 11333
1.55836492 -0.28941539 11334
1.55836492 -0.31012733 11335
1.55836492 -0.33225023 11336
1.55836492 -0.35588024 11337
1.55836492 -0.38112009 11338
1.55836492 -0.40807948 11339
1.55836492 -0.43687563 11340
1.55836492 -0.46763375 11341
1.55836492 -0.50048758 11342
1.55836492 -0.53557999 11343
1.55836492 -0.57306360 11344
1.55836492 -0.61310147 11345
1.55836492 -0.65586775 11346
1.55836492 -0.70154851 11347
1.55836492 -0.75034252 11348
1.55836492 -0.80246212 11349
1.55836492 -0.85813415 11350
1.55836492 -0.91760094 11351
1.55836492 -0.98112138 11352
1.55836492 -1.04897206 11353
1.55836492 -1.12144845 11354
1.55836492 -1.19886623 11355
1.55836492 -1.28156263 11356
1.55836492 -1.36989795 11357
1.55836492 -1.46425712 11358
1.55836492 -1.56505136 11359
1.55836492 -1.67272003 11360
1.55836492 -1.78773249 11361
1.55836492 -1.91059021 11362
1.55836492 -2.04182892 11363
1.55836492 -2.18202096 11364
1.55836492 -2.33177777 11365
1.55836492 -2.49175255 11366
1.55836492 -2.66264308 11367
1.55836492 -2.84519477 11368
1.55836492 -3.04020384 11369
1.55836492 -3.24852076 11370
1.55836492 -3.47105389 11371
1.55836492 -3.70877332 11372
1.55836492 -3.96271498 11373
1.55836492 -4.23398502 11374
1.55836492 -4.52376434 11375
1.55836492 -4.83331350 11376
1.55836492 -5.16397779 11377
1.55836492 -5.51719266 11378
1.55836492 -5.89448930 11379
1.55836492 -6.29750056 11380
1.55836492 -6.72796705 11381
1.55836492 -7.18774345 11382
1.55836492 -7.67880504 11383
1.55836492 -8.20325428 11384
1.55836492 -8.76332748 11385
1.55836492 -9.36140147 11386
1.55836492 -10.00000000 11387
1.62558586 -0.00100000 11388
1.62558586 -0.00206810 11389
1.62558586 -0.00320893 11390
1.62558586 -0.00442745 11391
1.62558586 -0.00572894 11392
1.62558586 -0.00711907 11393
1.62558586 -0.00860386 11394
1.62558586 -0.01018975 11395
1.62558586 -0.01188365 11396
1.62558586 -0.01369289 11397
1.62558586 -0.01562534 11398
1.62558586 -0.01768938 11399
1.62558586 -0.01989399 11400
1.62558586 -0.02224872 11401
1.62558586 -0.02476380 11402
1.62558586 -0.02745016 11403
1.62558586 -0.03031946 11404
1.62558586 -0.03338416 11405
1.62558586 -0.03665756 11406
1.62558586 -0.04015388 11407
1.62558586 -0.04388830 11408
1.62558586 -0.04787703 11409
1.62558586 -0.05213740 11410
1.62558586 -0.05668791 11411
1.62558586 -0.06154831 11412
1.62558586 -0.06673972 11413
1.62558586 -0.07228467 11414
1.62558586 -0.07820725 11415
1.62558586 -0.08453318 11416
1.62558586 -0.09128994 11417
1.62558586 -0.09850685 11418
1.62558586 -0.10621528 11419
1.62558586 -0.11444870 11420
1.62558586 -0.12324286 11421
1.62558586 -0.13263597 11422
1.62558586 -0.14266883 11423
1.62558586 -0.15338502 11424
1.62558586 -0.16483109 11425
1.62558586 -0.17705676 11426
1.62558586 -0.19011514 11427
1.62558586 -0.20406297 11428
1.62558586 -0.21896084 11429
1.62558586 -0.23487349 11430
1.62558586 -0.25187005 11431
1.62558586 -0.27002439 11432
1.62558586 -0.28941539 11433
1.62558586 -0.31012733 11434
1.62558586 -0.33225023 11435
1.62558586 -0.35588024 11436
1.62558586 -0.38112009 11437
1.62558586 -0.40807948 11438
1.62558586 -0.43687563 11439
1.62558586 -0.46763375 11440
1.62558586 -0.50048758 11441
1.62558586 -0.53557999 11442
1.62558586 -0.57306360 11443
1.62558586 -0.61310147 11444
1.62558586 -0.65586775 11445
1.62558586 -0.70154851 11446
1.62558586 -0.75034252 11447
1.62558586 -0.80246212 11448
1.62558586 -0.85813415 11449
1.62558586 -0.91760094 11450
1.62558586 -0.98112138 11451
1.62558586 -1.04897206 11452
1.62558586 -1.12144845 11453
1.62558586 -1.19886623 11454
1.62558586 -1.28156263 11455
1.62558586 -1.36989795 11456
1.62558586 -1.46425712 11457
1.62558586 -1.56505136 11458
1.62558586 -1.67272003 11459
1.62558586 -1.78773249 11460
1.62558586 -1.91059021 11461
1.62558586 -2.04182892 11462
1.62558586 -2.18202096 11463
1.62558586 -2.33177777 11464
1.62558586 -2.49175255 11465
1.62558586 -2.66264308 11466
1.62558586 -2.84519477 11467
1.62558586 -3.04020384 11468
1.62558586 -3.24852076 11469
1.62558586 -3.47105389 11470
1.62558586 -3.70877332 11471
1.62558586 -3.96271498 11472
1.62558586 -4.23398502 11473
1.62558586 -4.52376434 11474
1.62558586 -4.83331350 11475
1.62558586 -5.16397779 11476
1.62558586 -5.51719266 11477
1.62558586 -5.89448930 11478
1.62558586 -6.29750056 11479
1.62558586 -6.72796705 11480
1.62558586 -7.18774345 11481
1.62558586 -7.67880504 11482
1.62558586 -8.20325428 11483
1.62558586 -8.76332748 11484
1.62558586 -9.36140147 11485
1.62558586 -10.00000000 11486
1.69616784 -0.00100000 11487
1.69616784 -0.00206810 11488
1.69616784 -0.00320893 11489
1.69616784 -0.00442745 11490
1.69616784 -0.00572894 11491
1.69616784 -0.00711907 11492
1.69616784 -0.00860386 11493
1.69616784 -0.01018975 11494
1.69616784 -0.01188365 11495
1.69616784 -0.01369289 11496
1.69616784 -0.01562534 11497
1.69616784 -0.01768938 11498
1.69616784 -0.01989399 11499
1.69616784 -0.02224872 11500
1.69616784 -0.02476380 11501
1.69616784 -0.02745016 11502
1.69616784 -0.03031946 11503
1.69616784 -0.03338416 11504
1.69616784 -0.03665756 11505
1.69616784 -0.04015388 11506
1.69616784 -0.04388830 11507
1.69616784 -0.04787703 11508
1.69616784 -0.05213740 11509
1.69616784 -0.05668791 11510
1.69616784 -0.06154831 11511
1.69616784 -0.06673972 11512
1.69616784 -0.07228467 11513
1.69616784 -0.07820725 11514
1.69616784 -0.08453318 11515
1.69616784 -0.09128994 11516
1.69616784 -0.09850685 11517
1.69616784 -0.10621528 11518
1.69616784 -0.11444870 11519
1.69616784 -0.12324286 11520
1.69616784 -0.13263597 11521
1.69616784 -0.14266883 11522
1.69616784 -0.15338502 11523
1.69616784 -0.16483109 11524
1.69616784 -0.17705676 11525
1.69616784 -0.19011514 11526
1.69616784 -0.20406297 11527
1.69616784 -0.21896084 11528
1.69616784 -0.23487349 11529
1.69616784 -0.25187005 11530
1.69616784 -0.27002439 11531
1.69616784 -0.28941539 11532
1.69616784 -0.31012733 11533
1.69616784 -0.33225023 11534
1.69616784 -0.35588024 11535
1.69616784 -0.38112009 11536
1.69616784 -0.40807948 11537
1.69616784 -0.43687563 11538
1.69616784 -0.46763375 11539
1.69616784 -0.50048758 11540
1.69616784 -0.53557999 11541
1.69616784 -0.57306360 11542
1.69616784 -0.61310147 11543
1.69616784 -0.65586775 11544
1.69616784 -0.70154851 11545
1.69616784 -0.75034252 11546
1.69616784 -0.80246212 11547
1.69616784 -0.85813415 11548
1.69616784 -0.91760094 11549
1.69616784 -0.98112138 11550
1.69616784 -1.04897206 11551
1.69616784 -1.12144845 11552
1.69616784 -1.19886623 11553
1.69616784 -1.28156263 11554
1.69616784 -1.36989795 11555
1.69616784 -1.46425712 11556
1.69616784 -1.56505136 11557
1.69616784 -1.67272003 11558
1.69616784 -1.78773249 11559
1.69616784 -1.91059021 11560
1.69616784 -2.04182892 11561
1.69616784 -2.18202096 11562
1.69616784 -2.33177777 11563
1.69616784 -2.49175255 11564
1.69616784 -2.66264308 11565
1.69616784 -2.84519477 11566
1.69616784 -3.04020384 11567
1.69616784 -3.24852076 11568
1.69616784 -3.47105389 11569
1.69616784 -3.70877332 11570
1.69616784 -3.96271498 11571
1.69616784 -4.23398502 11572
1.69616784 -4.52376434 11573
1.69616784 -4.83331350 11574
1.69616784 -5.16397779 11575
1.69616784 -5.51719266 11576
1.69616784 -5.89448930 11577
1.69616784 -6.29750056 11578
1.69616784 -6.72796705 11579
1.69616784 -7.18774345 11580
1.69616784 -7.67880504 11581
1.69616784 -8.20325428 11582
1.69616784 -8.76332748 11583
1.69616784 -9.36140147 11584
1.69616784 -10.00000000 11585
1.77027892 -0.00100000 11586
1.77027892 -0.00206810 11587
1.77027892 -0.00320893 11588
1.77027892 -0.00442745 11589
1.77027892 -0.00572894 11590
1.77027892 -0.00711907 11591
1.77027892 -0.00860386 11592
1.77027892 -0.01018975 11593
1.77027892 -0.01188365 11594
1.77027892 -0.01369289 11595
1.77027892 -0.01562534 11596
1.77027892 -0.01768938 11597
1.77027892 -0.01989399 11598
1.77027892 -0.02224872 11599
1.77027892 -0.02476380 11600
1.77027892 -0.02745016 11601
1.77027892 -0.03031946 11602
1.77027892 -0.03338416 11603
1.77027892 -0.03665756 11604
1.77027892 -0.04015388 11605
1.77027892 -0.04388830 11606
1.77027892 -0.04787703 11607
1.77027892 -0.05213740 11608
1.77027892 -0.05668791 11609
1.77027892 -0.06154831 11610
1.77027892 -0.06673972 11611
1.77027892 -0.07228467 11612
1.77027892 -0.07820725 11613
1.77027892 -0.08453318 11614
1.77027892 -0.09128994 11615
1.77027892 -0.09850685 11616
1.77027892 -0.10621528 11617
1.77027892 -0.11444870 11618
1.77027892 -0.12324286 11619
1.77027892 -0.13263597 11620
1.77027892 -0.14266883 11621
1.77027892 -0.15338502 11622
1.77027892 -0.16483109 11623
1.77027892 -0.17705676 11624
1.77027892 -0.19011514 11625
1.77027892 -0.20406297 11626
1.77027892 -0.21896084 11627
1.77027892 -0.23487349 11628
1.77027892 -0.25187005 11629
1.77027892 -0.27002439 11630
1.77027892 -0.28941539 11631
1.77027892 -0.31012733 11632
1.77027892 -0.33225023 11633
1.77027892 -0.35588024 11634
1.77027892 -0.38112009 11635
1.77027892 -0.40807948 11636
1.77027892 -0.43687563 11637
1.77027892 -0.46763375 11638
1.77027892 -0.50048758 11639
1.77027892 -0.53557999 11640
1.77027892 -0.57306360 11641
1.77027892 -0.61310147 11642
1.77027892 -0.65586775 11643
1.77027892 -0.70154851 11644
1.77027892 -0.75034252 11645
1.77027892 -0.80246212 11646
1.77027892 -0.85813415 11647
1.77027892 -0.91760094 11648
1.77027892 -0.98112138 11649
1.77027892 -1.04897206 11650
1.77027892 -1.12144845 11651
1.77027892 -1.19886623 11652
1.77027892 -1.28156263 11653
1.77027892 -1.36989795 11654
1.77027892 -1.46425712 11655
1.77027892 -1.56505136 11656
1.77027892 -1.67272003 11657
1.77027892 -1.78773249 11658
1.77027892 -1.91059021 11659
1.77027892 -2.04182892 11660
1.77027892 -2.18202096 11661
1.77027892 -2.33177777 11662
1.77027892 -2.49175255 11663
1.77027892 -2.66264308 11664
1.77027892 -2.84519477 11665
1.77027892 -3.04020384 11666
1.77027892 -3.24852076 11667
1.77027892 -3.47105389 11668
1.77027892 -3.70877332 11669
1.77027892 -3.96271498 11670
1.77027892 -4.23398502 11671
1.77027892 -4.52376434 11672
1.77027892 -4.83331350 11673
1.77027892 -5.16397779 11674
1.77027892 -5.51719266 11675
1.77027892 -5.89448930 11676
1.77027892 -6.29750056 11677
1.77027892 -6.72796705 11678
1.77027892 -7.18774345 11679
1.77027892 -7.67880504 11680
1.77027892 -8.20325428 11681
1.77027892 -8.76332748 11682
1.77027892 -9.36140147 11683
1.77027892 -10.00000000 11684
1.84809555 -0.00100000 11685
1.84809555 -0.00206810 11686
1.84809555 -0.00320893 11687
1.84809555 -0.00442745 11688
1.84809555 -0.00572894 11689
1.84809555 -0.00711907 11690
1.84809555 -0.00860386 11691
1.84809555 -0.01018975 11692
1.84809555 -0.01188365 11693
1.84809555 -0.01369289 11694
1.84809555 -0.01562534 11695
1.84809555 -0.01768938 11696
1.84809555 -0.01989399 11697
1.84809555 -0.02224872 11698
1.84809555 -0.02476380 11699
1.84809555 -0.02745016 11700
1.84809555 -0.03031946 11701
1.84809555 -0.03338416 11702
1.84809555 -0.03665756 11703
1.84809555 -0.04015388 11704
1.84809555 -0.04388830 11705
1.84809555 -0.04787703 11706
1.84809555 -0.05213740 11707
1.84809555 -0.05668791 11708
1.84809555 -0.06154831 11709
1.84809555 -0.06673972 11710
1.84809555 -0.07228467 11711
1.84809555 -0.07820725 11712
1.84809555 -0.08453318 11713
1.84809555 -0.09128994 11714
1.84809555 -0.09850685 11715
1.84809555 -0.10621528 11716
1.84809555 -0.11444870 11717
1.84809555 -0.12324286 11718
1.84809555 -0.13263597 11719
1.84809555 -0.14266883 11720
1.84809555 -0.15338502 11721
1.84809555 -0.16483109 11722
1.84809555 -0.17705676 11723
1.84809555 -0.19011514 11724
1.84809555 -0.20406297 11725
1.84809555 -0.21896084 11726
1.84809555 -0.23487349 11727
1.84809555 -0.25187005 11728
1.84809555 -0.27002439 11729
1.84809555 -0.28941539 11730
1.84809555 -0.31012733 11731
1.84809555 -0.33225023 11732
1.84809555 -0.35588024 11733
1.84809555 -0.38112009 11734
1.84809555 -0.40807948 11735
1.84809555 -0.43687563 11736
1.84809555 -0.46763375 11737
1.84809555 -0.50048758 11738
1.84809555 -0.53557999 11739
1.84809555 -0.57306360 11740
1.84809555 -0.61310147 11741
1.84809555 -0.65586775 11742
1.84809555 -0.70154851 11743
1.84809555 -0.75034252 11744
1.84809555 -0.80246212 11745
1.84809555 -0.85813415 11746
1.84809555 -0.91760094 11747
1.84809555 -0.98112138 11748
1.84809555 -1.04897206 11749
1.84809555 -1.12144845 11750
1.84809555 -1.19886623 11751
1.84809555 -1.28156263 11752
1.84809555 -1.36989795 11753
1.84809555 -1.46425712 11754
1.84809555 -1.56505136 11755
1.84809555 -1.67272003 11756
1.84809555 -1.78773249 11757
1.84809555 -1.91059021 11758
1.84809555 -2.04182892 11759
1.84809555 -2.18202096 11760
1.84809555 -2.33177777 11761
1.84809555 -2.49175255 11762
1.84809555 -2.66264308 11763
1.84809555 -2.84519477 11764
1.84809555 -3.04020384 11765
1.84809555 -3.24852076 11766
1.84809555 -3.47105389 11767
1.84809555 -3.70877332 11768
1.84809555 -3.96271498 11769
1.84809555 -4.23398502 11770
1.84809555 -4.52376434 11771
1.84809555 -4.83331350 11772
1.84809555 -5.16397779 11773
1.84809555 -5.51719266 11774
1.84809555 -5.89448930 11775
1.84809555 -6.29750056 11776
1.84809555 -6.72796705 11777
1.84809555 -7.18774345 11778
1.84809555 -7.67880504 11779
1.84809555 -8.20325428 11780
1.84809555 -8.76332748 11781
1.84809555 -9.36140147 11782
1.84809555 -10.00000000 11783
1.92980302 -0.00100000 11784
1.92980302 -0.00206810 11785
1.92980302 -0.00320893 11786
1.92980302 -0.00442745 11787
1.92980302 -0.00572894 11788
1.92980302 -0.00711907 11789
1.92980302 -0.00860386 11790
1.92980302 -0.01018975 11791
1.92980302 -0.01188365 11792
1.92980302 -0.01369289 11793
1.92980302 -0.01562534 11794
1.92980302 -0.01768938 11795
1.92980302 -0.01989399 11796
1.92980302 -0.02224872 11797
1.92980302 -0.02476380 11798
1.92980302 -0.02745016 11799
1.92980302 -0.03031946 11800
1.92980302 -0.03338416 11801
1.92980302 -0.03665756 11802
1.92980302 -0.04015388 11803
1.92980302 -0.04388830 11804
1.92980302 -0.04787703 11805
1.92980302 -0.05213740 11806
1.92980302 -0.05668791 11807
1.92980302 -0.06154831 11808
1.92980302 -0.06673972 11809
1.92980302 -0.07228467 11810
1.92980302 -0.07820725 11811
1.92980302 -0.08453318 11812
1.92980302 -0.09128994 11813
1.92980302 -0.09850685 11814
1.92980302 -0.10621528 11815
1.92980302 -0.11444870 11816
1.92980302 -0.12324286 11817
1.92980302 -0.13263597 11818
1.92980302 -0.14266883 11819
1.92980302 -0.15338502 11820
1.92980302 -0.16483109 11821
1.92980302 -0.17705676 11822
1.92980302 -0.19011514 11823
1.92980302 -0.20406297 11824
1.92980302 -0.21896084 11825
1.92980302 -0.23487349 11826
1.92980302 -0.25187005 11827
1.92980302 -0.27002439 11828
1.92980302 -0.28941539 11829
1.92980302 -0.31012733 11830
1.92980302 -0.33225023 11831
1.92980302 -0.35588024 11832
1.92980302 -0.38112009 11833
1.92980302 -0.40807948 11834
1.92980302 -0.43687563 11835
1.92980302 -0.46763375 11836
1.92980302 -0.50048758 11837
1.92980302 -0.53557999 11838
1.92980302 -0.57306360 11839
1.92980302 -0.61310147 11840
1.92980302 -0.65586775 11841
1.92980302 -0.70154851 11842
1.92980302 -0.75034252 11843
1.92980302 -0.80246212 11844
1.92980302 -0.85813415 11845
1.92980302 -0.91760094 11846
1.92980302 -0.98112138 11847
1.92980302 -1.04897206 11848
1.92980302 -1.12144845 11849
1.92980302 -1.19886623 11850
1.92980302 -1.28156263 11851
1.92980302 -1.36989795 11852
1.92980302 -1.46425712 11853
1.92980302 -1.56505136 11854
1.92980302 -1.67272003 11855
1.92980302 -1.78773249 11856
1.92980302 -1.91059021 11857
1.92980302 -2.04182892 11858
1.92980302 -2.18202096 11859
1.92980302 -2.33177777 11860
1.92980302 -2.49175255 11861
1.92980302 -2.66264308 11862
1.92980302 -2.84519477 11863
1.92980302 -3.04020384 11864
1.92980302 -3.24852076 11865
1.92980302 -3.47105389 11866
1.92980302 -3.70877332 11867
1.92980302 -3.96271498 11868
1.92980302 -4.23398502 11869
1.92980302 -4.52376434 11870
1.92980302 -4.83331350 11871
1.92980302 -5.16397779 11872
1.92980302 -5.51719266 11873
1.92980302 -5.89448930 11874
1.92980302 -6.29750056 11875
1.92980302 -6.72796705 11876
1.92980302 -7.18774345 11877
1.92980302 -7.67880504 11878
1.92980302 -8.20325428 11879
1.92980302 -8.76332748 11880
1.92980302 -9.36140147 11881
1.92980302 -10.00000000 11882
2.01559586 -0.00100000 11883
2.01559586 -0.00206810 11884
2.01559586 -0.00320893 11885
2.01559586 -0.00442745 11886
2.01559586 -0.00572894 11887
2.01559586 -0.00711907 11888
2.01559586 -0.00860386 11889
2.01559586 -0.01018975 11890
2.01559586 -0.01188365 11891
2.01559586 -0.01369289 11892
2.01559586 -0.01562534 11893
2.01559586 -0.01768938 11894
2.01559586 -0.01989399 11895
2.01559586 -0.02224872 11896
2.01559586 -0.02476380 11897
2.01559586 -0.02745016 11898
2.01559586 -0.03031946 11899
2.01559586 -0.03338416 11900
2.01559586 -0.03665756 11901
2.01559586 -0.04015388 11902
2.01559586 -0.04388830 11903
2.01559586 -0.04787703 11904
2.01559586 -0.05213740 11905
2.01559586 -0.05668791 11906
2.01559586 -0.06154831 11907
2.01559586 -0.06673972 11908
2.01559586 -0.07228467 11909
2.01559586 -0.07820725 11910
2.01559586 -0.08453318 11911
2.01559586 -0.09128994 11912
2.01559586 -0.09850685 11913
2.01559586 -0.10621528 11914
2.01559586 -0.11444870 11915
2.01559586 -0.12324286 11916
2.01559586 -0.13263597 11917
2.01559586 -0.14266883 11918
2.01559586 -0.15338502 11919
2.01559586 -0.16483109 11920
2.01559586 -0.17705676 11921
2.01559586 -0.19011514 11922
2.01559586 -0.20406297 11923
2.01559586 -0.21896084 11924
2.01559586 -0.23487349 11925
2.01559586 -0.25187005 11926
2.01559586 -0.27002439 11927
2.01559586 -0.28941539 11928
2.01559586 -0.31012733 11929
2.01559586 -0.33225023 11930
2.01559586 -0.35588024 11931
2.01559586 -0.38112009 11932
2.01559586 -0.40807948 11933
2.01559586 -0.43687563 11934
2.01559586 -0.46763375 11935
2.01559586 -0.50048758 11936
2.01559586 -0.53557999 11937
2.01559586 -0.57306360 11938
2.01559586 -0.61310147 11939
2.01559586 -0.65586775 11940
2.01559586 -0.70154851 11941
2.01559586 -0.75034252 11942
2.01559586 -0.80246212 11943
2.01559586 -0.85813415 11944
2.01559586 -0.91760094 11945
2.01559586 -0.98112138 11946
2.01559586 -1.04897206 11947
2.01559586 -1.12144845 11948
2.01559586 -1.19886623 11949
2.01559586 -1.28156263 11950
2.01559586 -1.36989795 11951
2.01559586 -1.46425712 11952
2.01559586 -1.56505136 11953
2.01559586 -1.67272003 11954
2.01559586 -1.78773249 11955
2.01559586 -1.91059021 11956
2.01559586 -2.04182892 11957
2.01559586 -2.18202096 11958
2.01559586 -2.33177777 11959
2.01559586 -2.49175255 11960
2.01559586 -2.66264308 11961
2.01559586 -2.84519477 11962
2.01559586 -3.04020384 11963
2.01559586 -3.24852076 11964
2.01559586 -3.47105389 11965
2.01559586 -3.70877332 11966
2.01559586 -3.96271498 11967
2.01559586 -4.23398502 11968
2.01559586 -4.52376434 11969
2.01559586 -4.83331350 11970
2.01559586 -5.16397779 11971
2.01559586 -5.51719266 11972
2.01559586 -5.89448930 11973
2.01559586 -6.29750056 11974
2.01559586 -6.72796705 11975
2.01559586 -7.18774345 11976
2.01559586 -7.67880504 11977
2.01559586 -8.20325428 11978
2.01559586 -8.76332748 11979
2.01559586 -9.36140147 11980
2.01559586 -10.00000000 11981
2.10567834 -0.00100000 11982
2.10567834 -0.00206810 11983
2.10567834 -0.00320893 11984
2.10567834 -0.00442745 11985
2.10567834 -0.00572894 11986
2.10567834 -0.00711907 11987
2.10567834 -0.00860386 11988
2.10567834 -0.01018975 11989
2.10567834 -0.01188365 11990
2.10567834 -0.01369289 11991
2.10567834 -0.01562534 11992
2.10567834 -0.01768938 11993
2.10567834 -0.01989399 11994
2.10567834 -0.02224872 11995
2.10567834 -0.02476380 11996
2.10567834 -0.02745016 11997
2.10567834 -0.03031946 11998
2.10567834 -0.03338416 11999
2.10567834 -0.03665756 12000
2.10567834 -0.04015388 12001
2.10567834 -0.04388830 12002
2.10567834 -0.04787703 12003
2.10567834 -0.05213740 12004
2.10567834 -0.05668791 12005
2.10567834 -0.06154831 12006
2.10567834 -0.06673972 12007
2.10567834 -0.07228467 12008
2.10567834 -0.07820725 12009
2.10567834 -0.08453318 12010
2.10567834 -0.09128994 12011
2.10567834 -0.09850685 12012
2.10567834 -0.10621528 12013
2.10567834 -0.11444870 12014
2.10567834 -0.12324286 12015
2.10567834 -0.13263597 12016
2.10567834 -0.14266883 12017
2.10567834 -0.15338502 12018
2.10567834 -0.16483109 12019
2.10567834 -0.17705676 12020
2.10567834 -0.19011514 12021
2.10567834 -0.20406297 12022
2.10567834 -0.21896084 12023
2.10567834 -0.23487349 12024
2.10567834 -0.25187005 12025
2.10567834 -0.27002439 12026
2.10567834 -0.28941539 12027
2.10567834 -0.31012733 12028
2.10567834 -0.33225023 12029
2.10567834 -0.35588024 12030
2.10567834 -0.38112009 12031
2.10567834 -0.40807948 12032
2.10567834 -0.43687563 12033
2.10567834 -0.46763375 12034
2.10567834 -0.50048758 12035
2.10567834 -0.53557999 12036
2.10567834 -0.57306360 12037
2.10567834 -0.61310147 12038
2.10567834 -0.65586775 12039
2.10567834 -0.70154851 12040
2.10567834 -0.75034252 12041
2.10567834 -0.80246212 12042
2.10567834 -0.85813415 12043
2.10567834 -0.91760094 12044
2.10567834 -0.98112138 12045
2.10567834 -1.04897206 12046
2.10567834 -1.12144845 12047
2.10567834 -1.19886623 12048
2.10567834 -1.28156263 12049
2.10567834 -1.36989795 12050
2.10567834 -1.46425712 12051
2.10567834 -1.56505136 12052
2.10567834 -1.67272003 12053
2.10567834 -1.78773249 12054
2.10567834 -1.91059021 12055
2.10567834 -2.04182892 12056
2.10567834 -2.18202096 12057
2.10567834 -2.33177777 12058
2.10567834 -2.49175255 12059
2.10567834 -2.66264308 12060
2.10567834 -2.84519477 12061
2.10567834 -3.04020384 12062
2.10567834 -3.24852076 12063
2.10567834 -3.47105389 12064
2.10567834 -3.70877332 12065
2.10567834 -3.96271498 12066
2.10567834 -4.23398502 12067
2.10567834 -4.52376434 12068
2.10567834 -4.83331350 12069
2.10567834 -5.16397779 12070
2.10567834 -5.51719266 12071
2.10567834 -5.89448930 12072
2.10567834 -6.29750056 12073
2.10567834 -6.72796705 12074
2.10567834 -7.18774345 12075
2.10567834 -7.67880504 12076
2.10567834 -8.20325428 12077
2.10567834 -8.76332748 12078
2.10567834 -9.36140147 12079
2.10567834 -10.00000000 12080
2.20026494 -0.00100000 12081
2.20026494 -0.00206810 12082
2.20026494 -0.00320893 12083
2.20026494 -0.00442745 12084
2.20026494 -0.00572894 12085
2.20026494 -0.00711907 12086
2.20026494 -0.00860386 12087
2.20026494 -0.01018975 12088
2.20026494 -0.01188365 12089
2.20026494 -0.01369289 12090
2.20026494 -0.01562534 12091
2.20026494 -0.01768938 12092
2.20026494 -0.01989399 12093
2.20026494 -0.02224872 12094
2.20026494 -0.02476380 12095
2.20026494 -0.02745016 12096
2.20026494 -0.03031946 12097
2.20026494 -0.03338416 12098
2.20026494 -0.03665756 12099
2.20026494 -0.04015388 12100
2.20026494 -0.04388830 12101
2.20026494 -0.04787703 12102
2.20026494 -0.05213740 12103
2.20026494 -0.05668791 12104
2.20026494 -0.06154831 12105
2.20026494 -0.06673972 12106
2.20026494 -0.07228467 12107
2.20026494 -0.07820725 12108
2.20026494 -0.08453318 12109
2.20026494 -0.09128994 12110
2.20026494 -0.09850685 12111
2.20026494 -0.10621528 12112
2.20026494 -0.11444870 12113
2.20026494 -0.12324286 12114
2.20026494 -0.13263597 12115
2.20026494 -0.14266883 12116
2.20026494 -0.15338502 12117
2.20026494 -0.16483109 12118
2.20026494 -0.17705676 12119
2.20026494 -0.19011514 12120
2.20026494 -0.20406297 12121
2.20026494 -0.21896084 12122
2.20026494 -0.23487349 12123
2.20026494 -0.25187005 12124
2.20026494 -0.27002439 12125
2.20026494 -0.28941539 12126
2.20026494 -0.31012733 12127
2.20026494 -0.33225023 12128
2.20026494 -0.35588024 12129
2.20026494 -0.38112009 12130
2.20026494 -0.40807948 12131
2.20026494 -0.43687563 12132
2.20026494 -0.46763375 12133
2.20026494 -0.50048758 12134
2.20026494 -0.53557999 12135
2.20026494 -0.57306360 12136
2.20026494 -0.61310147 12137
2.20026494 -0.65586775 12138
2.20026494 -0.70154851 12139
2.20026494 -0.75034252 12140
2.20026494 -0.80246212 12141
2.20026494 -0.85813415 12142
2.20026494 -0.91760094 12143
2.20026494 -0.98112138 12144
2.20026494 -1.04897206 12145
2.20026494 -1.12144845 12146
2.20026494 -1.19886623 12147
2.20026494 -1.28156263 12148
2.20026494 -1.36989795 12149
2.20026494 -1.46425712 12150
2.20026494 -1.56505136 12151
2.20026494 -1.67272003 12152
2.20026494 -1.78773249 12153
2.20026494 -1.91059021 12154
2.20026494 -2.04182892 12155
2.20026494 -2.18202096 12156
2.20026494 -2.33177777 12157
2.20026494 -2.49175255 12158
2.20026494 -2.66264308 12159
2.20026494 -2.84519477 12160
2.20026494 -3.04020384 12161
2.20026494 -3.24852076 12162
2.20026494 -3.47105389 12163
2.20026494 -3.70877332 12164
2.20026494 -3.96271498 12165
2.20026494 -4.23398502 12166
2.20026494 -4.52376434 12167
2.20026494 -4.83331350 12168
2.20026494 -5.16397779 12169
2.20026494 -5.51719266 12170
2.20026494 -5.89448930 12171
2.20026494 -6.29750056 12172
2.20026494 -6.72796705 12173
2.20026494 -7.18774345 12174
2.20026494 -7.67880504 12175
2.20026494 -8.20325428 12176
2.20026494 -8.76332748 12177
2.20026494 -9.36140147 12178
2.20026494 -10.00000000 12179
2.29958088 -0.00100000 12180
2.29958088 -0.00206810 12181
2.29958088 -0.00320893 12182
2.29958088 -0.00442745 12183
2.29958088 -0.00572894 12184
2.29958088 -0.00711907 12185
2.29958088 -0.00860386 12186
2.29958088 -0.01018975 12187
2.29958088 -0.01188365 12188
2.29958088 -0.01369289 12189
2.29958088 -0.01562534 12190
2.29958088 -0.01768938 12191
2.29958088 -0.01989399 12192
2.29958088 -0.02224872 12193
2.29958088 -0.02476380 12194
2.29958088 -0.02745016 12195
2.29958088 -0.03031946 12196
2.29958088 -0.03338416 12197
2.29958088 -0.03665756 12198
2.29958088 -0.04015388 12199
2.29958088 -0.04388830 12200
2.29958088 -0.04787703 12201
2.29958088 -0.05213740 12202
2.29958088 -0.05668791 12203
2.29958088 -0.06154831 12204
2.29958088 -0.06673972 12205
2.29958088 -0.07228467 12206
2.29958088 -0.07820725 12207
2.29958088 -0.08453318 12208
2.29958088 -0.09128994 12209
2.29958088 -0.09850685 12210
2.29958088 -0.10621528 12211
2.29958088 -0.11444870 12212
2.29958088 -0.12324286 12213
2.29958088 -0.13263597 12214
2.29958088 -0.14266883 12215
2.29958088 -0.15338502 12216
2.29958088 -0.16483109 12217
2.29958088 -0.17705676 12218
2.29958088 -0.19011514 12219
2.29958088 -0.20406297 12220
2.29958088 -0.21896084 12221
2.29958088 -0.23487349 12222
2.29958088 -0.25187005 12223
2.29958088 -0.27002439 12224
2.29958088 -0.28941539 12225
2.29958088 -0.31012733 12226
2.29958088 -0.33225023 12227
2.29958088 -0.35588024 12228
2.29958088 -0.38112009 12229
2.29958088 -0.40807948 12230
2.29958088 -0.43687563 12231
2.29958088 -0.46763375 12232
2.29958088 -0.50048758 12233
2.29958088 -0.53557999 12234
2.29958088 -0.57306360 12235
2.29958088 -0.61310147 12236
2.29958088 -0.65586775 12237
2.29958088 -0.70154851 12238
2.29958088 -0.75034252 12239
2.29958088 -0.80246212 12240
2.29958088 -0.85813415 12241
2.29958088 -0.91760094 12242
2.29958088 -0.98112138 12243
2.29958088 -1.04897206 12244
2.29958088 -1.12144845 12245
2.29958088 -1.19886623 12246
2.29958088 -1.28156263 12247
2.29958088 -1.36989795 12248
2.29958088 -1.46425712 12249
2.29958088 -1.56505136 12250
2.29958088 -1.67272003 12251
2.29958088 -1.78773249 12252
2.29958088 -1.91059021 12253
2.29958088 -2.04182892 12254
2.29958088 -2.18202096 12255
2.29958088 -2.33177777 12256
2.29958088 -2.49175255 12257
2.29958088 -2.66264308 12258
2.29958088 -2.84519477 12259
2.29958088 -3.04020384 12260
2.29958088 -3.24852076 12261
2.29958088 -3.47105389 12262
2.29958088 -3.70877332 12263
2.29958088 -3.96271498 12264
2.29958088 -4.23398502 12265
2.29958088 -4.52376434 12266
2.29958088 -4.83331350 12267
2.29958088 -5.16397779 12268
2.29958088 -5.51719266 12269
2.29958088 -5.89448930 12270
2.29958088 -6.29750056 12271
2.29958088 -6.72796705 12272
2.29958088 -7.18774345 12273
2.29958088 -7.67880504 12274
2.29958088 -8.20325428 12275
2.29958088 -8.76332748 12276
2.29958088 -9.36140147 12277
2.29958088 -10.00000000 12278
2.40386261 -0.00100000 12279
2.40386261 -0.00206810 12280
2.40386261 -0.00320893 12281
2.40386261 -0.00442745 12282
2.40386261 -0.00572894 12283
2.40386261 -0.00711907 12284
2.40386261 -0.00860386 12285
2.40386261 -0.01018975 12286
2.40386261 -0.01188365 12287
2.40386261 -0.01369289 12288
2.40386261 -0.01562534 12289
2.40386261 -0.01768938 12290
2.40386261 -0.01989399 12291
2.40386261 -0.02224872 12292
2.40386261 -0.02476380 12293
2.40386261 -0.02745016 12294
2.40386261 -0.03031946 12295
2.40386261 -0.03338416 12296
2.40386261 -0.03665756 12297
2.40386261 -0.04015388 12298
2.40386261 -0.04388830 12299
2.40386261 -0.04787703 12300
2.40386261 -0.05213740 12301
2.40386261 -0.05668791 12302
2.40386261 -0.06154831 12303
2.40386261 -0.06673972 12304
2.40386261 -0.07228467 12305
2.40386261 -0.07820725 12306
2.40386261 -0.08453318 12307
2.40386261 -0.09128994 12308
2.40386261 -0.09850685 12309
2.40386261 -0.10621528 12310
2.40386261 -0.11444870 12311
2.40386261 -0.12324286 12312
2.40386261 -0.13263597 12313
2.40386261 -0.14266883 12314
2.40386261 -0.15338502 12315
2.40386261 -0.16483109 12316
2.40386261 -0.17705676 12317
2.40386261 -0.19011514 12318
2.40386261 -0.20406297 12319
2.40386261 -0.21896084 12320
2.40386261 -0.23487349 12321
2.40386261 -0.25187005 12322
2.40386261 -0.27002439 12323
2.40386261 -0.28941539 12324
2.40386261 -0.31012733 12325
2.40386261 -0.33225023 12326
2.40386261 -0.35588024 12327
2.40386261 -0.38112009 12328
2.40386261 -0.40807948 12329
2.40386261 -0.43687563 12330
2.40386261 -0.46763375 12331
2.40386261 -0.50048758 12332
2.40386261 -0.53557999 12333
2.40386261 -0.57306360 12334
2.40386261 -0.61310147 12335
2.40386261 -0.65586775 12336
2.40386261 -0.70154851 12337
2.40386261 -0.75034252 12338
2.40386261 -0.80246212 12339
2.40386261 -0.85813415 12340
2.40386261 -0.91760094 12341
2.40386261 -0.98112138 12342
2.40386261 -1.04897206 12343
2.40386261 -1.12144845 12344
2.40386261 -1.19886623 12345
2.40386261 -1.28156263 12346
2.40386261 -1.36989795 12347
2.40386261 -1.46425712 12348
2.40386261 -1.56505136 12349
2.40386261 -1.67272003 12350
2.40386261 -1.78773249 12351
2.40386261 -1.91059021 12352
2.40386261 -2.04182892 12353
2.40386261 -2.18202096 12354
2.40386261 -2.33177777 12355
2.40386261 -2.49175255 12356
2.40386261 -2.66264308 12357
2.40386261 -2.84519477 12358
2.40386261 -3.04020384 12359
2.40386261 -3.24852076 12360
2.40386261 -3.47105389 12361
2.40386261 -3.70877332 12362
2.40386261 -3.96271498 12363
2.40386261 -4.23398502 12364
2.40386261 -4.52376434 12365
2.40386261 -4.83331350 12366
2.40386261 -5.16397779 12367
2.40386261 -5.51719266 12368
2.40386261 -5.89448930 12369
2.40386261 -6.29750056 12370
2.40386261 -6.72796705 12371
2.40386261 -7.18774345 12372
2.40386261 -7.67880504 12373
2.40386261 -8.20325428 12374
2.40386261 -8.76332748 12375
2.40386261 -9.36140147 12376
2.40386261 -10.00000000 12377
2.51335843 -0.00100000 12378
2.51335843 -0.00206810 12379
2.51335843 -0.00320893 12380
2.51335843 -0.00442745 12381
2.51335843 -0.00572894 12382
2.51335843 -0.00711907 12383
2.51335843 -0.00860386 12384
2.51335843 -0.01018975 12385
2.51335843 -0.01188365 12386
2.51335843 -0.01369289 12387
2.51335843 -0.01562534 12388
2.51335843 -0.01768938 12389
2.51335843 -0.01989399 12390
2.51335843 -0.02224872 12391
2.51335843 -0.02476380 12392
2.51335843 -0.02745016 12393
2.51335843 -0.03031946 12394
2.51335843 -0.03338416 12395
2.51335843 -0.03665756 12396
2.51335843 -0.04015388 12397
2.51335843 -0.04388830 12398
2.51335843 -0.04787703 12399
2.51335843 -0.05213740 12400
2.51335843 -0.05668791 12401
2.51335843 -0.06154831 12402
2.51335843 -0.06673972 12403
2.51335843 -0.07228467 12404
2.51335843 -0.07820725 12405
2.51335843 -0.08453318 12406
2.51335843 -0.09128994 12407
2.51335843 -0.09850685 12408
2.51335843 -0.10621528 12409
2.51335843 -0.11444870 12410
2.51335843 -0.12324286 12411
2.51335843 -0.13263597 12412
2.51335843 -0.14266883 12413
2.51335843 -0.15338502 12414
2.51335843 -0.16483109 12415
2.51335843 -0.17705676 12416
2.51335843 -0.19011514 12417
2.51335843 -0.20406297 12418
2.51335843 -0.21896084 12419
2.51335843 -0.23487349 12420
2.51335843 -0.25187005 12421
2.51335843 -0.27002439 12422
2.51335843 -0.28941539 12423
2.51335843 -0.31012733 12424
2.51335843 -0.33225023 12425
2.51335843 -0.35588024 12426
2.51335843 -0.38112009 12427
2.51335843 -0.40807948 12428
2.51335843 -0.43687563 12429
2.51335843 -0.46763375 12430
2.51335843 -0.50048758 12431
2.51335843 -0.53557999 12432
2.51335843 -0.57306360 12433
2.51335843 -0.61310147 12434
2.51335843 -0.65586775 12435
2.51335843 -0.70154851 12436
2.51335843 -0.75034252 12437
2.51335843 -0.80246212 12438
2.51335843 -0.85813415 12439
2.51335843 -0.91760094 12440
2.51335843 -0.98112138 12441
2.51335843 -1.04897206 12442
2.51335843 -1.12144845 12443
2.51335843 -1.19886623 12444
2.51335843 -1.28156263 12445
2.51335843 -1.36989795 12446
2.51335843 -1.46425712 12447
2.51335843 -1.56505136 12448
2.51335843 -1.67272003 12449
2.51335843 -1.78773249 12450
2.51335843 -1.91059021 12451
2.51335843 -2.04182892 12452
2.51335843 -2.18202096 12453
2.51335843 -2.33177777 12454
2.51335843 -2.49175255 12455
2.51335843 -2.66264308 12456
2.51335843 -2.84519477 12457
2.51335843 -3.04020384 12458
2.51335843 -3.24852076 12459
2.51335843 -3.47105389 12460
2.51335843 -3.70877332 12461
2.51335843 -3.96271498 12462
2.51335843 -4.23398502 12463
2.51335843 -4.52376434 12464
2.51335843 -4.83331350 12465
2.51335843 -5.16397779 12466
2.51335843 -5.51719266 12467
2.51335843 -5.89448930 12468
2.51335843 -6.29750056 12469
2.51335843 -6.72796705 12470
2.51335843 -7.18774345 12471
2.51335843 -7.67880504 12472
2.51335843 -8.20325428 12473
2.51335843 -8.76332748 12474
2.51335843 -9.36140147 12475
2.51335843 -10.00000000 12476
2.62832904 -0.00100000 12477
2.62832904 -0.00206810 12478
2.62832904 -0.00320893 12479
2.62832904 -0.00442745 12480
2.62832904 -0.00572894 12481
2.62832904 -0.00711907 12482
2.62832904 -0.00860386 12483
2.62832904 -0.01018975 12484
2.62832904 -0.01188365 12485
2.62832904 -0.01369289 12486
2.62832904 -0.01562534 12487
2.62832904 -0.01768938 12488
2.62832904 -0.01989399 12489
2.62832904 -0.02224872 12490
2.62832904 -0.02476380 12491
2.62832904 -0.02745016 12492
2.62832904 -0.03031946 12493
2.62832904 -0.03338416 12494
2.62832904 -0.03665756 12495
2.62832904 -0.04015388 12496
2.62832904 -0.04388830 12497
2.62832904 -0.04787703 12498
2.62832904 -0.05213740 12499
2.62832904 -0.05668791 12500
2.62832904 -0.06154831 12501
2.62832904 -0.06673972 12502
2.62832904 -0.07228467 12503
2.62832904 -0.07820725 12504
2.62832904 -0.08453318 12505
2.62832904 -0.09128994 12506
2.62832904 -0.09850685 12507
2.62832904 -0.10621528 12508
2.62832904 -0.11444870 12509
2.62832904 -0.12324286 12510
2.62832904 -0.13263597 12511
2.62832904 -0.14266883 12512
2.62832904 -0.15338502 12513
2.62832904 -0.16483109 12514
2.62832904 -0.17705676 12515
2.62832904 -0.19011514 12516
2.62832904 -0.20406297 12517
2.62832904 -0.21896084 12518
2.62832904 -0.23487349 12519
2.62832904 -0.25187005 12520
2.62832904 -0.27002439 12521
2.62832904 -0.28941539 12522
2.62832904 -0.31012733 12523
2.62832904 -0.33225023 12524
2.62832904 -0.35588024 12525
2.62832904 -0.38112009 12526
2.62832904 -0.40807948 12527
2.62832904 -0.43687563 12528
2.62832904 -0.46763375 12529
2.62832904 -0.50048758 12530
2.62832904 -0.53557999 12531
2.62832904 -0.57306360 12532
2.62832904 -0.61310147 12533
2.62832904 -0.65586775 12534
2.62832904 -0.70154851 12535
2.62832904 -0.75034252 12536
2.62832904 -0.80246212 12537
2.62832904 -0.85813415 12538
2.62832904 -0.91760094 12539
2.62832904 -0.98112138 12540
2.62832904 -1.04897206 12541
2.62832904 -1.12144845 12542
2.62832904 -1.19886623 12543
2.62832904 -1.28156263 12544
2.62832904 -1.36989795 12545
2.62832904 -1.46425712 12546
2.62832904 -1.56505136 12547
2.62832904 -1.67272003 12548
2.62832904 -1.78773249 12549
2.62832904 -1.91059021 12550
2.62832904 -2.04182892 12551
2.62832904 -2.18202096 12552
2.62832904 -2.33177777 12553
2.62832904 -2.49175255 12554
2.62832904 -2.66264308 12555
2.62832904 -2.84519477 12556
2.62832904 -3.04020384 12557
2.62832904 -3.24852076 12558
2.62832904 -3.47105389 12559
2.62832904 -3.70877332 12560
2.62832904 -3.96271498 12561
2.62832904 -4.23398502 12562
2.62832904 -4.52376434 12563
2.62832904 -4.83331350 12564
2.62832904 -5.16397779 12565
2.62832904 -5.51719266 12566
2.62832904 -5.89448930 12567
2.62832904 -6.29750056 12568
2.62832904 -6.72796705 12569
2.62832904 -7.18774345 12570
2.62832904 -7.67880504 12571
2.62832904 -8.20325428 12572
2.62832904 -8.76332748 12573
2.62832904 -9.36140147 12574
2.62832904 -10.00000000 12575
2.74904818 -0.00100000 12576
2.74904818 -0.00206810 12577
2.74904818 -0.00320893 12578
2.74904818 -0.00442745 12579
2.74904818 -0.00572894 12580
2.74904818 -0.00711907 12581
2.74904818 -0.00860386 12582
2.74904818 -0.01018975 12583
2.74904818 -0.01188365 12584
2.74904818 -0.01369289 12585
2.74904818 -0.01562534 12586
2.74904818 -0.01768938 12587
2.74904818 -0.01989399 12588
2.74904818 -0.02224872 12589
2.74904818 -0.02476380 12590
2.74904818 -0.02745016 12591
2.74904818 -0.03031946 12592
2.74904818 -0.03338416 12593
2.74904818 -0.03665756 12594
2.74904818 -0.04015388 12595
2.74904818 -0.04388830 12596
2.74904818 -0.04787703 12597
2.74904818 -0.05213740 12598
2.74904818 -0.05668791 12599
2.74904818 -0.06154831 12600
2.74904818 -0.06673972 12601
2.74904818 -0.07228467 12602
2.74904818 -0.07820725 12603
2.74904818 -0.08453318 12604
2.74904818 -0.09128994 12605
2.74904818 -0.09850685 12606
2.74904818 -0.10621528 12607
2.74904818 -0.11444870 12608
2.74904818 -0.12324286 12609
2.74904818 -0.13263597 12610
2.74904818 -0.14266883 12611
2.74904818 -0.15338502 12612
2.74904818 -0.16483109 12613
2.74904818 -0.17705676 12614
2.74904818 -0.19011514 12615
2.74904818 -0.20406297 12616
2.74904818 -0.21896084 12617
2.74904818 -0.23487349 12618
2.74904818 -0.25187005 12619
2.74904818 -0.27002439 12620
2.74904818 -0.28941539 12621
2.74904818 -0.31012733 12622
2.74904818 -0.33225023 12623
2.74904818 -0.35588024 12624
2.74904818 -0.38112009 12625
2.74904818 -0.40807948 12626
2.74904818 -0.43687563 12627
2.74904818 -0.46763375 12628
2.74904818 -0.50048758 12629
2.74904818 -0.53557999 12630
2.74904818 -0.57306360 12631
2.74904818 -0.61310147 12632
2.74904818 -0.65586775 12633
2.74904818 -0.70154851 12634
2.74904818 -0.75034252 12635
2.74904818 -0.80246212 12636
2.74904818 -0.85813415 12637
2.74904818 -0.91760094 12638
2.74904818 -0.98112138 12639
2.74904818 -1.04897206 12640
2.74904818 -1.12144845 12641
2.74904818 -1.19886623 12642
2.74904818 -1.28156263 12643
2.74904818 -1.36989795 12644
2.74904818 -1.46425712 12645
2.74904818 -1.56505136 12646
2.74904818 -1.67272003 12647
2.74904818 -1.78773249 12648
2.74904818 -1.91059021 12649
2.74904818 -2.04182892 12650
2.74904818 -2.18202096 12651
2.74904818 -2.33177777 12652
2.74904818 -2.49175255 12653
2.74904818 -2.66264308 12654
2.74904818 -2.84519477 12655
2.74904818 -3.04020384 12656
2.74904818 -3.24852076 12657
2.74904818 -3.47105389 12658
2.74904818 -3.70877332 12659
2.74904818 -3.96271498 12660
2.74904818 -4.23398502 12661
2.74904818 -4.52376434 12662
2.74904818 -4.83331350 12663
2.74904818 -5.16397779 12664
2.74904818 -5.51719266 12665
2.74904818 -5.89448930 12666
2.74904818 -6.29750056 12667
2.74904818 -6.72796705 12668
2.74904818 -7.18774345 12669
2.74904818 -7.67880504 12670
2.74904818 -8.20325428 12671
2.74904818 -8.76332748 12672
2.74904818 -9.36140147 12673
2.74904818 -10.00000000 12674
2.87580327 -0.00100000 12675
2.87580327 -0.00206810 12676
2.87580327 -0.00320893 12677
2.87580327 -0.00442745 12678
2.87580327 -0.00572894 12679
2.87580327 -0.00711907 12680
2.87580327 -0.00860386 12681
2.87580327 -0.01018975 12682
2.87580327 -0.01188365 12683
2.87580327 -0.01369289 12684
2.87580327 -0.01562534 12685
2.87580327 -0.01768938 12686
2.87580327 -0.01989399 12687
2.87580327 -0.02224872 12688
2.87580327 -0.02476380 12689
2.87580327 -0.02745016 12690
2.87580327 -0.03031946 12691
2.87580327 -0.03338416 12692
2.87580327 -0.03665756 12693
2.87580327 -0.04015388 12694
2.87580327 -0.04388830 12695
2.87580327 -0.04787703 12696
2.87580327 -0.05213740 12697
2.87580327 -0.05668791 12698
2.87580327 -0.06154831 12699
2.87580327 -0.06673972 12700
2.87580327 -0.07228467 12701
2.87580327 -0.07820725 12702
2.87580327 -0.08453318 12703
2.87580327 -0.09128994 12704
2.87580327 -0.09850685 12705
2.87580327 -0.10621528 12706
2.87580327 -0.11444870 12707
2.87580327 -0.12324286 12708
2.87580327 -0.13263597 12709
2.87580327 -0.14266883 12710
2.87580327 -0.15338502 12711
2.87580327 -0.16483109 12712
2.87580327 -0.17705676 12713
2.87580327 -0.19011514 12714
2.87580327 -0.20406297 12715
2.87580327 -0.21896084 12716
2.87580327 -0.23487349 12717
2.87580327 -0.25187005 12718
2.87580327 -0.27002439 12719
2.87580327 -0.28941539 12720
2.87580327 -0.31012733 12721
2.87580327 -0.33225023 12722
2.87580327 -0.35588024 12723
2.87580327 -0.38112009 12724
2.87580327 -0.40807948 12725
2.87580327 -0.43687563 12726
2.87580327 -0.46763375 12727
2.87580327 -0.50048758 12728
2.87580327 -0.53557999 12729
2.87580327 -0.57306360 12730
2.87580327 -0.61310147 12731
2.87580327 -0.65586775 12732
2.87580327 -0.70154851 12733
2.87580327 -0.75034252 12734
2.87580327 -0.80246212 12735
2.87580327 -0.85813415 12736
2.87580327 -0.91760094 12737
2.87580327 -0.98112138 12738
2.87580327 -1.04897206 12739
2.87580327 -1.12144845 12740
2.87580327 -1.19886623 12741
2.87580327 -1.28156263 12742
2.87580327 -1.36989795 12743
2.87580327 -1.46425712 12744
2.87580327 -1.56505136 12745
2.87580327 -1.67272003 12746
2.87580327 -1.78773249 12747
2.87580327 -1.91059021 12748
2.87580327 -2.04182892 12749
2.87580327 -2.18202096 12750
2.87580327 -2.33177777 12751
2.87580327 -2.49175255 12752
2.87580327 -2.66264308 12753
2.87580327 -2.84519477 12754
2.87580327 -3.04020384 12755
2.87580327 -3.24852076 12756
2.87580327 -3.47105389 12757
2.87580327 -3.70877332 12758
2.87580327 -3.96271498 12759
2.87580327 -4.23398502 12760
2.87580327 -4.52376434 12761
2.87580327 -4.83331350 12762
2.87580327 -5.16397779 12763
2.87580327 -5.51719266 12764
2.87580327 -5.89448930 12765
2.87580327 -6.29750056 12766
2.87580327 -6.72796705 12767
2.87580327 -7.18774345 12768
2.87580327 -7.67880504 12769
2.87580327 -8.20325428 12770
2.87580327 -8.76332748 12771
2.87580327 -9.36140147 12772
2.87580327 -10.00000000 12773
3.00889612 -0.00100000 12774
3.00889612 -0.00206810 12775
3.00889612 -0.00320893 12776
3.00889612 -0.00442745 12777
3.00889612 -0.00572894 12778
3.00889612 -0.00711907 12779
3.00889612 -0.00860386 12780
3.00889612 -0.01018975 12781
3.00889612 -0.01188365 12782
3.00889612 -0.01369289 12783
3.00889612 -0.01562534 12784
3.00889612 -0.01768938 12785
3.00889612 -0.01989399 12786
3.00889612 -0.02224872 12787
3.00889612 -0.02476380 12788
3.00889612 -0.02745016 12789
3.00889612 -0.03031946 12790
3.00889612 -0.03338416 12791
3.00889612 -0.03665756 12792
3.00889612 -0.04015388 12793
3.00889612 -0.04388830 12794
3.00889612 -0.04787703 12795
3.00889612 -0.05213740 12796
3.00889612 -0.05668791 12797
3.00889612 -0.06154831 12798
3.00889612 -0.06673972 12799
3.00889612 -0.07228467 12800
3.00889612 -0.07820725 12801
3.00889612 -0.08453318 12802
3.00889612 -0.09128994 12803
3.00889612 -0.09850685 12804
3.00889612 -0.10621528 12805
3.00889612 -0.11444870 12806
3.00889612 -0.12324286 12807
3.00889612 -0.13263597 12808
3.00889612 -0.14266883 12809
3.00889612 -0.15338502 12810
3.00889612 -0.16483109 12811
3.00889612 -0.17705676 12812
3.00889612 -0.19011514 12813
3.00889612 -0.20406297 12814
3.00889612 -0.21896084 12815
3.00889612 -0.23487349 12816
3.00889612 -0.25187005 12817
3.00889612 -0.27002439 12818
3.00889612 -0.28941539 12819
3.00889612 -0.31012733 12820
3.00889612 -0.33225023 12821
3.00889612 -0.35588024 12822
3.00889612 -0.38112009 12823
3.00889612 -0.40807948 12824
3.00889612 -0.43687563 12825
3.00889612 -0.46763375 12826
3.00889612 -0.50048758 12827
3.00889612 -0.53557999 12828
3.00889612 -0.57306360 12829
3.00889612 -0.61310147 12830
3.00889612 -0.65586775 12831
3.00889612 -0.70154851 12832
3.00889612 -0.75034252 12833
3.00889612 -0.80246212 12834
3.00889612 -0.85813415 12835
3.00889612 -0.91760094 12836
3.00889612 -0.98112138 12837
3.00889612 -1.04897206 12838
3.00889612 -1.12144845 12839
3.00889612 -1.19886623 12840
3.00889612 -1.28156263 12841
3.00889612 -1.36989795 12842
3.00889612 -1.46425712 12843
3.00889612 -1.56505136 12844
3.00889612 -1.67272003 12845
3.00889612 -1.78773249 12846
3.00889612 -1.91059021 12847
3.00889612 -2.04182892 12848
3.00889612 -2.18202096 12849
3.00889612 -2.33177777 12850
3.00889612 -2.49175255 12851
3.00889612 -2.66264308 12852
3.00889612 -2.84519477 12853
3.00889612 -3.04020384 12854
3.00889612 -3.24852076 12855
3.00889612 -3.47105389 12856
3.00889612 -3.70877332 12857
3.00889612 -3.96271498 12858
3.00889612 -4.23398502 12859
3.00889612 -4.52376434 12860
3.00889612 -4.83331350 12861
3.00889612 -5.16397779 12862
3.00889612 -5.51719266 12863
3.00889612 -5.89448930 12864
3.00889612 -6.29750056 12865
3.00889612 -6.72796705 12866
3.00889612 -7.18774345 12867
3.00889612 -7.67880504 12868
3.00889612 -8.20325428 12869
3.00889612 -8.76332748 12870
3.00889612 -9.36140147 12871
3.00889612 -10.00000000 12872
3.14864362 -0.00100000 12873
3.14864362 -0.00206810 12874
3.14864362 -0.00320893 12875
3.14864362 -0.00442745 12876
3.14864362 -0.00572894 12877
3.14864362 -0.00711907 12878
3.14864362 -0.00860386 12879
3.14864362 -0.01018975 12880
3.14864362 -0.01188365 12881
3.14864362 -0.01369289 12882
3.14864362 -0.01562534 12883
3.14864362 -0.01768938 12884
3.14864362 -0.01989399 12885
3.14864362 -0.02224872 12886
3.14864362 -0.02476380 12887
3.14864362 -0.02745016 12888
3.14864362 -0.03031946 12889
3.14864362 -0.03338416 12890
3.14864362 -0.03665756 12891
3.14864362 -0.04015388 12892
3.14864362 -0.04388830 12893
3.14864362 -0.04787703 12894
3.14864362 -0.05213740 12895
3.14864362 -0.05668791 12896
3.14864362 -0.06154831 12897
3.14864362 -0.06673972 12898
3.14864362 -0.07228467 12899
3.14864362 -0.07820725 12900
3.14864362 -0.08453318 12901
3.14864362 -0.09128994 12902
3.14864362 -0.09850685 12903
3.14864362 -0.10621528 12904
3.14864362 -0.11444870 12905
3.14864362 -0.12324286 12906
3.14864362 -0.13263597 12907
3.14864362 -0.14266883 12908
3.14864362 -0.15338502 12909
3.14864362 -0.16483109 12910
3.14864362 -0.17705676 12911
3.14864362 -0.19011514 12912
3.14864362 -0.20406297 12913
3.14864362 -0.21896084 12914
3.14864362 -0.23487349 12915
3.14864362 -0.25187005 12916
3.14864362 -0.27002439 12917
3.14864362 -0.28941539 12918
3.14864362 -0.31012733 12919
3.14864362 -0.33225023 12920
3.14864362 -0.35588024 12921
3.14864362 -0.38112009 12922
3.14864362 -0.40807948 12923
3.14864362 -0.43687563 12924
3.14864362 -0.46763375 12925
3.14864362 -0.50048758 12926
3.14864362 -0.53557999 12927
3.14864362 -0.57306360 12928
3.14864362 -0.61310147 12929
3.14864362 -0.65586775 12930
3.14864362 -0.70154851 12931
3.14864362 -0.75034252 12932
3.14864362 -0.80246212 12933
3.14864362 -0.85813415 12934
3.14864362 -0.91760094 12935
3.14864362 -0.98112138 12936
3.14864362 -1.04897206 12937
3.14864362 -1.12144845 12938
3.14864362 -1.19886623 12939
3.14864362 -1.28156263 12940
3.14864362 -1.36989795 12941
3.14864362 -1.46425712 12942
3.14864362 -1.56505136 12943
3.14864362 -1.67272003 12944
3.14864362 -1.78773249 12945
3.14864362 -1.91059021 12946
3.14864362 -2.04182892 12947
3.14864362 -2.18202096 12948
3.14864362 -2.33177777 12949
3.14864362 -2.49175255 12950
3.14864362 -2.66264308 12951
3.14864362 -2.84519477 12952
3.14864362 -3.04020384 12953
3.14864362 -3.24852076 12954
3.14864362 -3.47105389 12955
3.14864362 -3.70877332 12956
3.14864362 -3.96271498 12957
3.14864362 -4.23398502 12958
3.14864362 -4.52376434 12959
3.14864362 -4.83331350 12960
3.14864362 -5.16397779 12961
3.14864362 -5.51719266 12962
3.14864362 -5.89448930 12963
3.14864362 -6.29750056 12964
3.14864362 -6.72796705 12965
3.14864362 -7.18774345 12966
3.14864362 -7.67880504 12967
3.14864362 -8.20325428 12968
3.14864362 -8.76332748 12969
3.14864362 -9.36140147 12970
3.14864362 -10.00000000 12971
3.29537849 -0.00100000 12972
3.29537849 -0.00206810 12973
3.29537849 -0.00320893 12974
3.29537849 -0.00442745 12975
3.29537849 -0.00572894 12976
3.29537849 -0.00711907 12977
3.29537849 -0.00860386 12978
3.29537849 -0.01018975 12979
3.29537849 -0.01188365 12980
3.29537849 -0.01369289 12981
3.29537849 -0.01562534 12982
3.29537849 -0.01768938 12983
3.29537849 -0.01989399 12984
3.29537849 -0.02224872 12985
3.29537849 -0.02476380 12986
3.29537849 -0.02745016 12987
3.29537849 -0.03031946 12988
3.29537849 -0.03338416 12989
3.29537849 -0.03665756 12990
3.29537849 -0.04015388 12991
3.29537849 -0.04388830 12992
3.29537849 -0.04787703 12993
3.29537849 -0.05213740 12994
3.29537849 -0.05668791 12995
3.29537849 -0.06154831 12996
3.29537849 -0.06673972 12997
3.29537849 -0.07228467 12998
3.29537849 -0.07820725 12999
3.29537849 -0.08453318 13000
3.29537849 -0.09128994 13001
3.29537849 -0.09850685 13002
3.29537849 -0.10621528 13003
3.29537849 -0.11444870 13004
3.29537849 -0.12324286 13005
3.29537849 -0.13263597 13006
3.29537849 -0.14266883 13007
3.29537849 -0.15338502 13008
3.29537849 -0.16483109 13009
3.29537849 -0.17705676 13010
3.29537849 -0.19011514 13011
3.29537849 -0.20406297 13012
3.29537849 -0.21896084 13013
3.29537849 -0.23487349 13014
3.29537849 -0.25187005 13015
3.29537849 -0.27002439 13016
3.29537849 -0.28941539 13017
3.29537849 -0.31012733 13018
3.29537849 -0.33225023 13019
3.29537849 -0.35588024 13020
3.29537849 -0.38112009 13021
3.29537849 -0.40807948 13022
3.29537849 -0.43687563 13023
3.29537849 -0.46763375 13024
3.29537849 -0.50048758 13025
3.29537849 -0.53557999 13026
3.29537849 -0.57306360 13027
3.29537849 -0.61310147 13028
3.29537849 -0.65586775 13029
3.29537849 -0.70154851 13030
3.29537849 -0.75034252 13031
3.29537849 -0.80246212 13032
3.29537849 -0.85813415 13033
3.29537849 -0.91760094 13034
3.29537849 -0.98112138 13035
3.29537849 -1.04897206 13036
3.29537849 -1.12144845 13037
3.29537849 -1.19886623 13038
3.29537849 -1.28156263 13039
3.29537849 -1.36989795 13040
3.29537849 -1.46425712 13041
3.29537849 -1.56505136 13042
3.29537849 -1.67272003 13043
3.29537849 -1.78773249 13044
3.29537849 -1.91059021 13045
3.29537849 -2.04182892 13046
3.29537849 -2.18202096 13047
3.29537849 -2.33177777 13048
3.29537849 -2.49175255 13049
3.29537849 -2.66264308 13050
3.29537849 -2.84519477 13051
3.29537849 -3.04020384 13052
3.29537849 -3.24852076 13053
3.29537849 -3.47105389 13054
3.29537849 -3.70877332 13055
3.29537849 -3.96271498 13056
3.29537849 -4.23398502 13057
3.29537849 -4.52376434 13058
3.29537849 -4.83331350 13059
3.29537849 -5.16397779 13060
3.29537849 -5.51719266 13061
3.29537849 -5.89448930 13062
3.29537849 -6.29750056 13063
3.29537849 -6.72796705 13064
3.29537849 -7.18774345 13065
3.29537849 -7.67880504 13066
3.29537849 -8.20325428 13067
3.29537849 -8.76332748 13068
3.29537849 -9.36140147 13069
3.29537849 -10.00000000 13070
3.44945010 -0.00100000 13071
3.44945010 -0.00206810 13072
3.44945010 -0.00320893 13073
3.44945010 -0.00442745 13074
3.44945010 -0.00572894 13075
3.44945010 -0.00711907 13076
3.44945010 -0.00860386 13077
3.44945010 -0.01018975 13078
3.44945010 -0.01188365 13079
3.44945010 -0.01369289 13080
3.44945010 -0.01562534 13081
3.44945010 -0.01768938 13082
3.44945010 -0.01989399 13083
3.44945010 -0.02224872 13084
3.44945010 -0.02476380 13085
3.44945010 -0.02745016 13086
3.44945010 -0.03031946 13087
3.44945010 -0.03338416 13088
3.44945010 -0.03665756 13089
3.44945010 -0.04015388 13090
3.44945010 -0.04388830 13091
3.44945010 -0.04787703 13092
3.44945010 -0.05213740 13093
3.44945010 -0.05668791 13094
3.44945010 -0.06154831 13095
3.44945010 -0.06673972 13096
3.44945010 -0.07228467 13097
3.44945010 -0.07820725 13098
3.44945010 -0.08453318 13099
3.44945010 -0.09128994 13100
3.44945010 -0.09850685 13101
3.44945010 -0.10621528 13102
3.44945010 -0.11444870 13103
3.44945010 -0.12324286 13104
3.44945010 -0.13263597 13105
3.44945010 -0.14266883 13106
3.44945010 -0.15338502 13107
3.44945010 -0.16483109 13108
3.44945010 -0.17705676 13109
3.44945010 -0.19011514 13110
3.44945010 -0.20406297 13111
3.44945010 -0.21896084 13112
3.44945010 -0.23487349 13113
3.44945010 -0.25187005 13114
3.44945010 -0.27002439 13115
3.44945010 -0.28941539 13116
3.44945010 -0.31012733 13117
3.44945010 -0.33225023 13118
3.44945010 -0.35588024 13119
3.44945010 -0.38112009 13120
3.44945010 -0.40807948 13121
3.44945010 -0.43687563 13122
3.44945010 -0.46763375 13123
3.44945010 -0.50048758 13124
3.44945010 -0.53557999 13125
3.44945010 -0.57306360 13126
3.44945010 -0.61310147 13127
3.44945010 -0.65586775 13128
3.44945010 -0.70154851 13129
3.44945010 -0.75034252 13130
3.44945010 -0.80246212 13131
3.44945010 -0.85813415 13132
3.44945010 -0.91760094 13133
3.44945010 -0.98112138 13134
3.44945010 -1.04897206 13135
3.44945010 -1.12144845 13136
3.44945010 -1.19886623 13137
3.44945010 -1.28156263 13138
3.44945010 -1.36989795 13139
3.44945010 -1.46425712 13140
3.44945010 -1.56505136 13141
3.44945010 -1.67272003 13142
3.44945010 -1.78773249 13143
3.44945010 -1.91059021 13144
3.44945010 -2.04182892 13145
3.44945010 -2.18202096 13146
3.44945010 -2.33177777 13147
3.44945010 -2.49175255 13148
3.44945010 -2.66264308 13149
3.44945010 -2.84519477 13150
3.44945010 -3.04020384 13151
3.44945010 -3.24852076 13152
3.44945010 -3.47105389 13153
3.44945010 -3.70877332 13154
3.44945010 -3.96271498 13155
3.44945010 -4.23398502 13156
3.44945010 -4.52376434 13157
3.44945010 -4.83331350 13158
3.44945010 -5.16397779 13159
3.44945010 -5.51719266 13160
3.44945010 -5.89448930 13161
3.44945010 -6.29750056 13162
3.44945010 -6.72796705 13163
3.44945010 -7.18774345 13164
3.44945010 -7.67880504 13165
3.44945010 -8.20325428 13166
3.44945010 -8.76332748 13167
3.44945010 -9.36140147 13168
3.44945010 -10.00000000 13169
3.61122529 -0.00100000 13170
3.61122529 -0.00206810 13171
3.61122529 -0.00320893 13172
3.61122529 -0.00442745 13173
3.61122529 -0.00572894 13174
3.61122529 -0.00711907 13175
3.61122529 -0.00860386 13176
3.61122529 -0.01018975 13177
3.61122529 -0.01188365 13178
3.61122529 -0.01369289 13179
3.61122529 -0.01562534 13180
3.61122529 -0.01768938 13181
3.61122529 -0.01989399 13182
3.61122529 -0.02224872 13183
3.61122529 -0.02476380 13184
3.61122529 -0.02745016 13185
3.61122529 -0.03031946 13186
3.61122529 -0.03338416 13187
3.61122529 -0.03665756 13188
3.61122529 -0.04015388 13189
3.61122529 -0.04388830 13190
3.61122529 -0.04787703 13191
3.61122529 -0.05213740 13192
3.61122529 -0.05668791 13193
3.61122529 -0.06154831 13194
3.61122529 -0.06673972 13195
3.61122529 -0.07228467 13196
3.61122529 -0.07820725 13197
3.61122529 -0.08453318 13198
3.61122529 -0.09128994 13199
3.61122529 -0.09850685 13200
3.61122529 -0.10621528 13201
3.61122529 -0.11444870 13202
3.61122529 -0.12324286 13203
3.61122529 -0.13263597 13204
3.61122529 -0.14266883 13205
3.61122529 -0.15338502 13206
3.61122529 -0.16483109 13207
3.61122529 -0.17705676 13208
3.61122529 -0.19011514 13209
3.61122529 -0.20406297 13210
3.61122529 -0.21896084 13211
3.61122529 -0.23487349 13212
3.61122529 -0.25187005 13213
3.61122529 -0.27002439 13214
3.61122529 -0.28941539 13215
3.61122529 -0.31012733 13216
3.61122529 -0.33225023 13217
3.61122529 -0.35588024 13218
3.61122529 -0.38112009 13219
3.61122529 -0.40807948 13220
3.61122529 -0.43687563 13221
3.61122529 -0.46763375 13222
3.61122529 -0.50048758 13223
3.61122529 -0.53557999 13224
3.61122529 -0.57306360 13225
3.61122529 -0.61310147 13226
3.61122529 -0.65586775 13227
3.61122529 -0.70154851 13228
3.61122529 -0.75034252 13229
3.61122529 -0.80246212 13230
3.61122529 -0.85813415 13231
3.61122529 -0.91760094 13232
3.61122529 -0.98112138 13233
3.61122529 -1.04897206 13234
3.61122529 -1.12144845 13235
3.61122529 -1.19886623 13236
3.61122529 -1.28156263 13237
3.61122529 -1.36989795 13238
3.61122529 -1.46425712 13239
3.61122529 -1.56505136 13240
3.61122529 -1.67272003 13241
3.61122529 -1.78773249 13242
3.61122529 -1.91059021 13243
3.61122529 -2.04182892 13244
3.61122529 -2.18202096 13245
3.61122529 -2.33177777 13246
3.61122529 -2.49175255 13247
3.61122529 -2.66264308 13248
3.61122529 -2.84519477 13249
3.61122529 -3.04020384 13250
3.61122529 -3.24852076 13251
3.61122529 -3.47105389 13252
3.61122529 -3.70877332 13253
3.61122529 -3.96271498 13254
3.61122529 -4.23398502 13255
3.61122529 -4.52376434 13256
3.61122529 -4.83331350 13257
3.61122529 -5.16397779 13258
3.61122529 -5.51719266 13259
3.61122529 -5.89448930 13260
3.61122529 -6.29750056 13261
3.61122529 -6.72796705 13262
3.61122529 -7.18774345 13263
3.61122529 -7.67880504 13264
3.61122529 -8.20325428 13265
3.61122529 -8.76332748 13266
3.61122529 -9.36140147 13267
3.61122529 -10.00000000 13268
3.78108925 -0.00100000 13269
3.78108925 -0.00206810 13270
3.78108925 -0.00320893 13271
3.78108925 -0.00442745 13272
3.78108925 -0.00572894 13273
3.78108925 -0.00711907 13274
3.78108925 -0.00860386 13275
3.78108925 -0.01018975 13276
3.78108925 -0.01188365 13277
3.78108925 -0.01369289 13278
3.78108925 -0.01562534 13279
3.78108925 -0.01768938 13280
3.78108925 -0.01989399 13281
3.78108925 -0.02224872 13282
3.78108925 -0.02476380 13283
3.78108925 -0.02745016 13284
3.78108925 -0.03031946 13285
3.78108925 -0.03338416 13286
3.78108925 -0.03665756 13287
3.78108925 -0.04015388 13288
3.78108925 -0.04388830 13289
3.78108925 -0.04787703 13290
3.78108925 -0.05213740 13291
3.78108925 -0.05668791 13292
3.78108925 -0.06154831 13293
3.78108925 -0.06673972 13294
3.78108925 -0.07228467 13295
3.78108925 -0.07820725 13296
3.78108925 -0.08453318 13297
3.78108925 -0.09128994 13298
3.78108925 -0.09850685 13299
3.78108925 -0.10621528 13300
3.78108925 -0.11444870 13301
3.78108925 -0.12324286 13302
3.78108925 -0.13263597 13303
3.78108925 -0.14266883 13304
3.78108925 -0.15338502 13305
3.78108925 -0.16483109 13306
3.78108925 -0.17705676 13307
3.78108925 -0.19011514 13308
3.78108925 -0.20406297 13309
3.78108925 -0.21896084 13310
3.78108925 -0.23487349 13311
3.78108925 -0.25187005 13312
3.78108925 -0.27002439 13313
3.78108925 -0.28941539 13314
3.78108925 -0.31012733 13315
3.78108925 -0.33225023 13316
3.78108925 -0.35588024 13317
3.78108925 -0.38112009 13318
3.78108925 -0.40807948 13319
3.78108925 -0.43687563 13320
3.78108925 -0.46763375 13321
3.78108925 -0.50048758 13322
3.78108925 -0.53557999 13323
3.78108925 -0.57306360 13324
3.78108925 -0.61310147 13325
3.78108925 -0.65586775 13326
3.78108925 -0.70154851 13327
3.78108925 -0.75034252 13328
3.78108925 -0.80246212 13329
3.78108925 -0.85813415 13330
3.78108925 -0.91760094 13331
3.78108925 -0.98112138 13332
3.78108925 -1.04897206 13333
3.78108925 -1.12144845 13334
3.78108925 -1.19886623 13335
3.78108925 -1.28156263 13336
3.78108925 -1.36989795 13337
3.78108925 -1.46425712 13338
3.78108925 -1.56505136 13339
3.78108925 -1.67272003 13340
3.78108925 -1.78773249 13341
3.78108925 -1.91059021 13342
3.78108925 -2.04182892 13343
3.78108925 -2.18202096 13344
3.78108925 -2.33177777 13345
3.78108925 -2.49175255 13346
3.78108925 -2.66264308 13347
3.78108925 -2.84519477 13348
3.78108925 -3.04020384 13349
3.78108925 -3.24852076 13350
3.78108925 -3.47105389 13351
3.78108925 -3.70877332 13352
3.78108925 -3.96271498 13353
3.78108925 -4.23398502 13354
3.78108925 -4.52376434 13355
3.78108925 -4.83331350 13356
3.78108925 -5.16397779 13357
3.78108925 -5.51719266 13358
3.78108925 -5.89448930 13359
3.78108925 -6.29750056 13360
3.78108925 -6.72796705 13361
3.78108925 -7.18774345 13362
3.78108925 -7.67880504 13363
3.78108925 -8.20325428 13364
3.78108925 -8.76332748 13365
3.78108925 -9.36140147 13366
3.78108925 -10.00000000 13367
3.95944640 -0.00100000 13368
3.95944640 -0.00206810 13369
3.95944640 -0.00320893 13370
3.95944640 -0.00442745 13371
3.95944640 -0.00572894 13372
3.95944640 -0.00711907 13373
3.95944640 -0.00860386 13374
3.95944640 -0.01018975 13375
3.95944640 -0.01188365 13376
3.95944640 -0.01369289 13377
3.95944640 -0.01562534 13378
3.95944640 -0.01768938 13379
3.95944640 -0.01989399 13380
3.95944640 -0.02224872 13381
3.95944640 -0.02476380 13382
3.95944640 -0.02745016 13383
3.95944640 -0.03031946 13384
3.95944640 -0.03338416 13385
3.95944640 -0.03665756 13386
3.95944640 -0.04015388 13387
3.95944640 -0.04388830 13388
3.95944640 -0.04787703 13389
3.95944640 -0.05213740 13390
3.95944640 -0.05668791 13391
3.95944640 -0.06154831 13392
3.95944640 -0.06673972 13393
3.95944640 -0.07228467 13394
3.95944640 -0.07820725 13395
3.95944640 -0.08453318 13396
3.95944640 -0.09128994 13397
3.95944640 -0.09850685 13398
3.95944640 -0.10621528 13399
3.95944640 -0.11444870 13400
3.95944640 -0.12324286 13401
3.95944640 -0.13263597 13402
3.95944640 -0.14266883 13403
3.95944640 -0.15338502 13404
3.95944640 -0.16483109 13405
3.95944640 -0.17705676 13406
3.95944640 -0.19011514 13407
3.95944640 -0.20406297 13408
3.95944640 -0.21896084 13409
3.95944640 -0.23487349 13410
3.95944640 -0.25187005 13411
3.95944640 -0.27002439 13412
3.95944640 -0.28941539 13413
3.95944640 -0.31012733 13414
3.95944640 -0.33225023 13415
3.95944640 -0.35588024 13416
3.95944640 -0.38112009 13417
3.95944640 -0.40807948 13418
3.95944640 -0.43687563 13419
3.95944640 -0.46763375 13420
3.95944640 -0.50048758 13421
3.95944640 -0.53557999 13422
3.95944640 -0.57306360 13423
3.95944640 -0.61310147 13424
3.95944640 -0.65586775 13425
3.95944640 -0.70154851 13426
3.95944640 -0.75034252 13427
3.95944640 -0.80246212 13428
3.95944640 -0.85813415 13429
3.95944640 -0.91760094 13430
3.95944640 -0.98112138 13431
3.95944640 -1.04897206 13432
3.95944640 -1.12144845 13433
3.95944640 -1.19886623 13434
3.95944640 -1.28156263 13435
3.95944640 -1.36989795 13436
3.95944640 -1.46425712 13437
3.95944640 -1.56505136 13438
3.95944640 -1.67272003 13439
3.95944640 -1.78773249 13440
3.95944640 -1.91059021 13441
3.95944640 -2.04182892 13442
3.95944640 -2.18202096 13443
3.95944640 -2.33177777 13444
3.95944640 -2.49175255 13445
3.95944640 -2.66264308 13446
3.95944640 -2.84519477 13447
3.95944640 -3.04020384 13448
3.95944640 -3.24852076 13449
3.95944640 -3.47105389 13450
3.95944640 -3.70877332 13451
3.95944640 -3.96271498 13452
3.95944640 -4.23398502 13453
3.95944640 -4.52376434 13454
3.95944640 -4.83331350 13455
3.95944640 -5.16397779 13456
3.95944640 -5.51719266 13457
3.95944640 -5.89448930 13458
3.95944640 -6.29750056 13459
3.95944640 -6.72796705 13460
3.95944640 -7.18774345 13461
3.95944640 -7.67880504 13462
3.95944640 -8.20325428 13463
3.95944640 -8.76332748 13464
3.95944640 -9.36140147 13465
3.95944640 -10.00000000 13466
4.14672140 -0.00100000 13467
4.14672140 -0.00206810 13468
4.14672140 -0.00320893 13469
4.14672140 -0.00442745 13470
4.14672140 -0.00572894 13471
4.14672140 -0.00711907 13472
4.14672140 -0.00860386 13473
4.14672140 -0.01018975 13474
4.14672140 -0.01188365 13475
4.14672140 -0.01369289 13476
4.14672140 -0.01562534 13477
4.14672140 -0.01768938 13478
4.14672140 -0.01989399 13479
4.14672140 -0.02224872 13480
4.14672140 -0.02476380 13481
4.14672140 -0.02745016 13482
4.14672140 -0.03031946 13483
4.14672140 -0.03338416 13484
4.14672140 -0.03665756 13485
4.14672140 -0.04015388 13486
4.14672140 -0.04388830 13487
4.14672140 -0.04787703 13488
4.14672140 -0.05213740 13489
4.14672140 -0.05668791 13490
4.14672140 -0.06154831 13491
4.14672140 -0.06673972 13492
4.14672140 -0.07228467 13493
4.14672140 -0.07820725 13494
4.14672140 -0.08453318 13495
4.14672140 -0.09128994 13496
4.14672140 -0.09850685 13497
4.14672140 -0.10621528 13498
4.14672140 -0.11444870 13499
4.14672140 -0.12324286 13500
4.14672140 -0.13263597 13501
4.14672140 -0.14266883 13502
4.14672140 -0.15338502 13503
4.14672140 -0.16483109 13504
4.14672140 -0.17705676 13505
4.14672140 -0.19011514 13506
4.14672140 -0.20406297 13507
4.14672140 -0.21896084 13508
4.14672140 -0.23487349 13509
4.14672140 -0.25187005 13510
4.14672140 -0.27002439 13511
4.14672140 -0.28941539 13512
4.14672140 -0.31012733 13513
4.14672140 -0.33225023 13514
4.14672140 -0.35588024 13515
4.14672140 -0.38112009 13516
4.14672140 -0.40807948 13517
4.14672140 -0.43687563 13518
4.14672140 -0.46763375 13519
4.14672140 -0.50048758 13520
4.14672140 -0.53557999 13521
4.14672140 -0.57306360 13522
4.14672140 -0.61310147 13523
4.14672140 -0.65586775 13524
4.14672140 -0.70154851 13525
4.14672140 -0.75034252 13526
4.14672140 -0.80246212 13527
4.14672140 -0.85813415 13528
4.14672140 -0.91760094 13529
4.14672140 -0.98112138 13530
4.14672140 -1.04897206 13531
4.14672140 -1.12144845 13532
4.14672140 -1.19886623 13533
4.14672140 -1.28156263 13534
4.14672140 -1.36989795 13535
4.14672140 -1.46425712 13536
4.14672140 -1.56505136 13537
4.14672140 -1.67272003 13538
4.14672140 -1.78773249 13539
4.14672140 -1.91059021 13540
4.14672140 -2.04182892 13541
4.14672140 -2.18202096 13542
4.14672140 -2.33177777 13543
4.14672140 -2.49175255 13544
4.14672140 -2.66264308 13545
4.14672140 -2.84519477 13546
4.14672140 -3.04020384 13547
4.14672140 -3.24852076 13548
4.14672140 -3.47105389 13549
4.14672140 -3.70877332 13550
4.14672140 -3.96271498 13551
4.14672140 -4.23398502 13552
4.14672140 -4.52376434 13553
4.14672140 -4.83331350 13554
4.14672140 -5.16397779 13555
4.14672140 -5.51719266 13556
4.14672140 -5.89448930 13557
4.14672140 -6.29750056 13558
4.14672140 -6.72796705 13559
4.14672140 -7.18774345 13560
4.14672140 -7.67880504 13561
4.14672140 -8.20325428 13562
4.14672140 -8.76332748 13563
4.14672140 -9.36140147 13564
4.14672140 -10.00000000 13565
4.34336016 -0.00100000 13566
4.34336016 -0.00206810 13567
4.34336016 -0.00320893 13568
4.34336016 -0.00442745 13569
4.34336016 -0.00572894 13570
4.34336016 -0.00711907 13571
4.34336016 -0.00860386 13572
4.34336016 -0.01018975 13573
4.34336016 -0.01188365 13574
4.34336016 -0.01369289 13575
4.34336016 -0.01562534 13576
4.34336016 -0.01768938 13577
4.34336016 -0.01989399 13578
4.34336016 -0.02224872 13579
4.34336016 -0.02476380 13580
4.34336016 -0.02745016 13581
4.34336016 -0.03031946 13582
4.34336016 -0.03338416 13583
4.34336016 -0.03665756 13584
4.34336016 -0.04015388 13585
4.34336016 -0.04388830 13586
4.34336016 -0.04787703 13587
4.34336016 -0.05213740 13588
4.34336016 -0.05668791 13589
4.34336016 -0.06154831 13590
4.34336016 -0.06673972 13591
4.34336016 -0.07228467 13592
4.34336016 -0.07820725 13593
4.34336016 -0.08453318 13594
4.34336016 -0.09128994 13595
4.34336016 -0.09850685 13596
4.34336016 -0.10621528 13597
4.34336016 -0.11444870 13598
4.34336016 -0.12324286 13599
4.34336016 -0.13263597 13600
4.34336016 -0.14266883 13601
4.34336016 -0.15338502 13602
4.34336016 -0.16483109 13603
4.34336016 -0.17705676 13604
4.34336016 -0.19011514 13605
4.34336016 -0.20406297 13606
4.34336016 -0.21896084 13607
4.34336016 -0.23487349 13608
4.34336016 -0.25187005 13609
4.34336016 -0.27002439 13610
4.34336016 -0.28941539 13611
4.34336016 -0.31012733 13612
4.34336016 -0.33225023 13613
4.34336016 -0.35588024 13614
4.34336016 -0.38112009 13615
4.34336016 -0.40807948 13616
4.34336016 -0.43687563 13617
4.34336016 -0.46763375 13618
4.34336016 -0.50048758 13619
4.34336016 -0.53557999 13620
4.34336016 -0.57306360 13621
4.34336016 -0.61310147 13622
4.34336016 -0.65586775 13623
4.34336016 -0.70154851 13624
4.34336016 -0.75034252 13625
4.34336016 -0.80246212 13626
4.34336016 -0.85813415 13627
4.34336016 -0.91760094 13628
4.34336016 -0.98112138 13629
4.34336016 -1.04897206 13630
4.34336016 -1.12144845 13631
4.34336016 -1.19886623 13632
4.34336016 -1.28156263 13633
4.34336016 -1.36989795 13634
4.34336016 -1.46425712 13635
4.34336016 -1.56505136 13636
4.34336016 -1.67272003 13637
4.34336016 -1.78773249 13638
4.34336016 -1.91059021 13639
4.34336016 -2.04182892 13640
4.34336016 -2.18202096 13641
4.34336016 -2.33177777 13642
4.34336016 -2.49175255 13643
4.34336016 -2.66264308 13644
4.34336016 -2.84519477 13645
4.34336016 -3.04020384 13646
4.34336016 -3.24852076 13647
4.34336016 -3.47105389 13648
4.34336016 -3.70877332 13649
4.34336016 -3.96271498 13650
4.34336016 -4.23398502 13651
4.34336016 -4.52376434 13652
4.34336016 -4.83331350 13653
4.34336016 -5.16397779 13654
4.34336016 -5.51719266 13655
4.34336016 -5.89448930 13656
4.34336016 -6.29750056 13657
4.34336016 -6.72796705 13658
4.34336016 -7.18774345 13659
4.34336016 -7.67880504 13660
4.34336016 -8.20325428 13661
4.34336016 -8.76332748 13662
4.34336016 -9.36140147 13663
4.34336016 -10.00000000 13664
4.54983086 -0.00100000 13665
4.54983086 -0.00206810 13666
4.54983086 -0.00320893 13667
4.54983086 -0.00442745 13668
4.54983086 -0.00572894 13669
4.54983086 -0.00711907 13670
4.54983086 -0.00860386 13671
4.54983086 -0.01018975 13672
4.54983086 -0.01188365 13673
4.54983086 -0.01369289 13674
4.54983086 -0.01562534 13675
4.54983086 -0.01768938 13676
4.54983086 -0.01989399 13677
4.54983086 -0.02224872 13678
4.54983086 -0.02476380 13679
4.54983086 -0.02745016 13680
4.54983086 -0.03031946 13681
4.54983086 -0.03338416 13682
4.54983086 -0.03665756 13683
4.54983086 -0.04015388 13684
4.54983086 -0.04388830 13685
4.54983086 -0.04787703 13686
4.54983086 -0.05213740 13687
4.54983086 -0.05668791 13688
4.54983086 -0.06154831 13689
4.54983086 -0.06673972 13690
4.54983086 -0.07228467 13691
4.54983086 -0.07820725 13692
4.54983086 -0.08453318 13693
4.54983086 -0.09128994 13694
4.54983086 -0.09850685 13695
4.54983086 -0.10621528 13696
4.54983086 -0.11444870 13697
4.54983086 -0.12324286 13698
4.54983086 -0.13263597 13699
4.54983086 -0.14266883 13700
4.54983086 -0.15338502 13701
4.54983086 -0.16483109 13702
4.54983086 -0.17705676 13703
4.54983086 -0.19011514 13704
4.54983086 -0.20406297 13705
4.54983086 -0.21896084 13706
4.54983086 -0.23487349 13707
4.54983086 -0.25187005 13708
4.54983086 -0.27002439 13709
4.54983086 -0.28941539 13710
4.54983086 -0.31012733 13711
4.54983086 -0.33225023 13712
4.54983086 -0.35588024 13713
4.54983086 -0.38112009 13714
4.54983086 -0.40807948 13715
4.54983086 -0.43687563 13716
4.54983086 -0.46763375 13717
4.54983086 -0.50048758 13718
4.54983086 -0.53557999 13719
4.54983086 -0.57306360 13720
4.54983086 -0.61310147 13721
4.54983086 -0.65586775 13722
4.54983086 -0.70154851 13723
4.54983086 -0.75034252 13724
4.54983086 -0.80246212 13725
4.54983086 -0.85813415 13726
4.54983086 -0.91760094 13727
4.54983086 -0.98112138 13728
4.54983086 -1.04897206 13729
4.54983086 -1.12144845 13730
4.54983086 -1.19886623 13731
4.54983086 -1.28156263 13732
4.54983086 -1.36989795 13733
4.54983086 -1.46425712 13734
4.54983086 -1.56505136 13735
4.54983086 -1.67272003 13736
4.54983086 -1.78773249 13737
4.54983086 -1.91059021 13738
4.54983086 -2.04182892 13739
4.54983086 -2.18202096 13740
4.54983086 -2.33177777 13741
4.54983086 -2.49175255 13742
4.54983086 -2.66264308 13743
4.54983086 -2.84519477 13744
4.54983086 -3.04020384 13745
4.54983086 -3.24852076 13746
4.54983086 -3.47105389 13747
4.54983086 -3.70877332 13748
4.54983086 -3.96271498 13749
4.54983086 -4.23398502 13750
4.54983086 -4.52376434 13751
4.54983086 -4.83331350 13752
4.54983086 -5.16397779 13753
4.54983086 -5.51719266 13754
4.54983086 -5.89448930 13755
4.54983086 -6.29750056 13756
4.54983086 -6.72796705 13757
4.54983086 -7.18774345 13758
4.54983086 -7.67880504 13759
4.54983086 -8.20325428 13760
4.54983086 -8.76332748 13761
4.54983086 -9.36140147 13762
4.54983086 -10.00000000 13763
4.76662509 -0.00100000 13764
4.76662509 -0.00206810 13765
4.76662509 -0.00320893 13766
4.76662509 -0.00442745 13767
4.76662509 -0.00572894 13768
4.76662509 -0.00711907 13769
4.76662509 -0.00860386 13770
4.76662509 -0.01018975 13771
4.76662509 -0.01188365 13772
4.76662509 -0.01369289 13773
4.76662509 -0.01562534 13774
4.76662509 -0.01768938 13775
4.76662509 -0.01989399 13776
4.76662509 -0.02224872 13777
4.76662509 -0.02476380 13778
4.76662509 -0.02745016 13779
4.76662509 -0.03031946 13780
4.76662509 -0.03338416 13781
4.76662509 -0.03665756 13782
4.76662509 -0.04015388 13783
4.76662509 -0.04388830 13784
4.76662509 -0.04787703 13785
4.76662509 -0.05213740 13786
4.76662509 -0.05668791 13787
4.76662509 -0.06154831 13788
4.76662509 -0.06673972 13789
4.76662509 -0.07228467 13790
4.76662509 -0.07820725 13791
4.76662509 -0.08453318 13792
4.76662509 -0.09128994 13793
4.76662509 -0.09850685 13794
4.76662509 -0.10621528 13795
4.76662509 -0.11444870 13796
4.76662509 -0.12324286 13797
4.76662509 -0.13263597 13798
4.76662509 -0.14266883 13799
4.76662509 -0.15338502 13800
4.76662509 -0.16483109 13801
4.76662509 -0.17705676 13802
4.76662509 -0.19011514 13803
4.76662509 -0.20406297 13804
4.76662509 -0.21896084 13805
4.76662509 -0.23487349 13806
4.76662509 -0.25187005 13807
4.76662509 -0.27002439 13808
4.76662509 -0.28941539 13809
4.76662509 -0.31012733 13810
4.76662509 -0.33225023 13811
4.76662509 -0.35588024 13812
4.76662509 -0.38112009 13813
4.76662509 -0.40807948 13814
4.76662509 -0.43687563 13815
4.76662509 -0.46763375 13816
4.76662509 -0.50048758 13817
4.76662509 -0.53557999 13818
4.76662509 -0.57306360 13819
4.76662509 -0.61310147 13820
4.76662509 -0.65586775 13821
4.76662509 -0.70154851 13822
4.76662509 -0.75034252 13823
4.76662509 -0.80246212 13824
4.76662509 -0.85813415 13825
4.76662509 -0.91760094 13826
4.76662509 -0.98112138 13827
4.76662509 -1.04897206 13828
4.76662509 -1.12144845 13829
4.76662509 -1.19886623 13830
4.76662509 -1.28156263 13831
4.76662509 -1.36989795 13832
4.76662509 -1.46425712 13833
4.76662509 -1.56505136 13834
4.76662509 -1.67272003 13835
4.76662509 -1.78773249 13836
4.76662509 -1.91059021 13837
4.76662509 -2.04182892 13838
4.76662509 -2.18202096 13839
4.76662509 -2.33177777 13840
4.76662509 -2.49175255 13841
4.76662509 -2.66264308 13842
4.76662509 -2.84519477 13843
4.76662509 -3.04020384 13844
4.76662509 -3.24852076 13845
4.76662509 -3.47105389 13846
4.76662509 -3.70877332 13847
4.76662509 -3.96271498 13848
4.76662509 -4.23398502 13849
4.76662509 -4.52376434 13850
4.76662509 -4.83331350 13851
4.76662509 -5.16397779 13852
4.76662509 -5.51719266 13853
4.76662509 -5.89448930 13854
4.76662509 -6.29750056 13855
4.76662509 -6.72796705 13856
4.76662509 -7.18774345 13857
4.76662509 -7.67880504 13858
4.76662509 -8.20325428 13859
4.76662509 -8.76332748 13860
4.76662509 -9.36140147 13861
4.76662509 -10.00000000 13862
4.99425903 -0.00100000 13863
4.99425903 -0.00206810 13864
4.99425903 -0.00320893 13865
4.99425903 -0.00442745 13866
4.99425903 -0.00572894 13867
4.99425903 -0.00711907 13868
4.99425903 -0.00860386 13869
4.99425903 -0.01018975 13870
4.99425903 -0.01188365 13871
4.99425903 -0.01369289 13872
4.99425903 -0.01562534 13873
4.99425903 -0.01768938 13874
4.99425903 -0.01989399 13875
4.99425903 -0.02224872 13876
4.99425903 -0.02476380 13877
4.99425903 -0.02745016 13878
4.99425903 -0.03031946 13879
4.99425903 -0.03338416 13880
4.99425903 -0.03665756 13881
4.99425903 -0.04015388 13882
4.99425903 -0.04388830 13883
4.99425903 -0.04787703 13884
4.99425903 -0.05213740 13885
4.99425903 -0.05668791 13886
4.99425903 -0.06154831 13887
4.99425903 -0.06673972 13888
4.99425903 -0.07228467 13889
4.99425903 -0.07820725 13890
4.99425903 -0.08453318 13891
4.99425903 -0.09128994 13892
4.99425903 -0.09850685 13893
4.99425903 -0.10621528 13894
4.99425903 -0.11444870 13895
4.99425903 -0.12324286 13896
4.99425903 -0.13263597 13897
4.99425903 -0.14266883 13898
4.99425903 -0.15338502 13899
4.99425903 -0.16483109 13900
4.99425903 -0.17705676 13901
4.99425903 -0.19011514 13902
4.99425903 -0.20406297 13903
4.99425903 -0.21896084 13904
4.99425903 -0.23487349 13905
4.99425903 -0.25187005 13906
4.99425903 -0.27002439 13907
4.99425903 -0.28941539 13908
4.99425903 -0.31012733 13909
4.99425903 -0.33225023 13910
4.99425903 -0.35588024 13911
4.99425903 -0.38112009 13912
4.99425903 -0.40807948 13913
4.99425903 -0.43687563 13914
4.99425903 -0.46763375 13915
4.99425903 -0.50048758 13916
4.99425903 -0.53557999 13917
4.99425903 -0.57306360 13918
4.99425903 -0.61310147 13919
4.99425903 -0.65586775 13920
4.99425903 -0.70154851 13921
4.99425903 -0.75034252 13922
4.99425903 -0.80246212 13923
4.99425903 -0.85813415 13924
4.99425903 -0.91760094 13925
4.99425903 -0.98112138 13926
4.99425903 -1.04897206 13927
4.99425903 -1.12144845 13928
4.99425903 -1.19886623 13929
4.99425903 -1.28156263 13930
4.99425903 -1.36989795 13931
4.99425903 -1.46425712 13932
4.99425903 -1.56505136 13933
4.99425903 -1.67272003 13934
4.99425903 -1.78773249 13935
4.99425903 -1.91059021 13936
4.99425903 -2.04182892 13937
4.99425903 -2.18202096 13938
4.99425903 -2.33177777 13939
4.99425903 -2.49175255 13940
4.99425903 -2.66264308 13941
4.99425903 -2.84519477 13942
4.99425903 -3.04020384 13943
4.99425903 -3.24852076 13944
4.99425903 -3.47105389 13945
4.99425903 -3.70877332 13946
4.99425903 -3.96271498 13947
4.99425903 -4.23398502 13948
4.99425903 -4.52376434 13949
4.99425903 -4.83331350 13950
4.99425903 -5.16397779 13951
4.99425903 -5.51719266 13952
4.99425903 -5.89448930 13953
4.99425903 -6.29750056 13954
4.99425903 -6.72796705 13955
4.99425903 -7.18774345 13956
4.99425903 -7.67880504 13957
4.99425903 -8.20325428 13958
4.99425903 -8.76332748 13959
4.99425903 -9.36140147 13960
4.99425903 -10.00000000 13961
5.23327467 -0.00100000 13962
5.23327467 -0.00206810 13963
5.23327467 -0.00320893 13964
5.23327467 -0.00442745 13965
5.23327467 -0.00572894 13966
5.23327467 -0.00711907 13967
5.23327467 -0.00860386 13968
5.23327467 -0.01018975 13969
5.23327467 -0.01188365 13970
5.23327467 -0.01369289 13971
5.23327467 -0.01562534 13972
5.23327467 -0.01768938 13973
5.23327467 -0.01989399 13974
5.23327467 -0.02224872 13975
5.23327467 -0.02476380 13976
5.23327467 -0.02745016 13977
5.23327467 -0.03031946 13978
5.23327467 -0.03338416 13979
5.23327467 -0.03665756 13980
5.23327467 -0.04015388 13981
5.23327467 -0.04388830 13982
5.23327467 -0.04787703 13983
5.23327467 -0.05213740 13984
5.23327467 -0.05668791 13985
5.23327467 -0.06154831 13986
5.23327467 -0.06673972 13987
5.23327467 -0.07228467 13988
5.23327467 -0.07820725 13989
5.23327467 -0.08453318 13990
5.23327467 -0.09128994 13991
5.23327467 -0.09850685 13992
5.23327467 -0.10621528 13993
5.23327467 -0.11444870 13994
5.23327467 -0.12324286 13995
5.23327467 -0.13263597 13996
5.23327467 -0.14266883 13997
5.23327467 -0.15338502 13998
5.23327467 -0.16483109 13999
5.23327467 -0.17705676 14000
5.23327467 -0.19011514 14001
5.23327467 -0.20406297 14002
5.23327467 -0.21896084 14003
5.23327467 -0.23487349 14004
5.23327467 -0.25187005 14005
5.23327467 -0.27002439 14006
5.23327467 -0.28941539 14007
5.23327467 -0.31012733 14008
5.23327467 -0.33225023 14009
5.23327467 -0.35588024 14010
5.23327467 -0.38112009 14011
5.23327467 -0.40807948 14012
5.23327467 -0.43687563 14013
5.23327467 -0.46763375 14014
5.23327467 -0.50048758 14015
5.23327467 -0.53557999 14016
5.23327467 -0.57306360 14017
5.23327467 -0.61310147 14018
5.23327467 -0.65586775 14019
5.23327467 -0.70154851 14020
5.23327467 -0.75034252 14021
5.23327467 -0.80246212 14022
5.23327467 -0.85813415 14023
5.23327467 -0.91760094 14024
5.23327467 -0.98112138 14025
5.23327467 -1.04897206 14026
5.23327467 -1.12144845 14027
5.23327467 -1.19886623 14028
5.23327467 -1.28156263 14029
5.23327467 -1.36989795 14030
5.23327467 -1.46425712 14031
5.23327467 -1.56505136 14032
5.23327467 -1.67272003 14033
5.23327467 -1.78773249 14034
5.23327467 -1.91059021 14035
5.23327467 -2.04182892 14036
5.23327467 -2.18202096 14037
5.23327467 -2.33177777 14038
5.23327467 -2.49175255 14039
5.23327467 -2.66264308 14040
5.23327467 -2.84519477 14041
5.23327467 -3.04020384 14042
5.23327467 -3.24852076 14043
5.23327467 -3.47105389 14044
5.23327467 -3.70877332 14045
5.23327467 -3.96271498 14046
5.23327467 -4.23398502 14047
5.23327467 -4.52376434 14048
5.23327467 -4.83331350 14049
5.23327467 -5.16397779 14050
5.23327467 -5.51719266 14051
5.23327467 -5.89448930 14052
5.23327467 -6.29750056 14053
5.23327467 -6.72796705 14054
5.23327467 -7.18774345 14055
5.23327467 -7.67880504 14056
5.23327467 -8.20325428 14057
5.23327467 -8.76332748 14058
5.23327467 -9.36140147 14059
5.23327467 -10.00000000 14060
5.48424109 -0.00100000 14061
5.48424109 -0.00206810 14062
5.48424109 -0.00320893 14063
5.48424109 -0.00442745 14064
5.48424109 -0.00572894 14065
5.48424109 -0.00711907 14066
5.48424109 -0.00860386 14067
5.48424109 -0.01018975 14068
5.48424109 -0.01188365 14069
5.48424109 -0.01369289 14070
5.48424109 -0.01562534 14071
5.48424109 -0.01768938 14072
5.48424109 -0.01989399 14073
5.48424109 -0.02224872 14074
5.48424109 -0.02476380 14075
5.48424109 -0.02745016 14076
5.48424109 -0.03031946 14077
5.48424109 -0.03338416 14078
5.48424109 -0.03665756 14079
5.48424109 -0.04015388 14080
5.48424109 -0.04388830 14081
5.48424109 -0.04787703 14082
5.48424109 -0.05213740 14083
5.48424109 -0.05668791 14084
5.48424109 -0.06154831 14085
5.48424109 -0.06673972 14086
5.48424109 -0.07228467 14087
5.48424109 -0.07820725 14088
5.48424109 -0.08453318 14089
5.48424109 -0.09128994 14090
5.48424109 -0.09850685 14091
5.48424109 -0.10621528 14092
5.48424109 -0.11444870 14093
5.48424109 -0.12324286 14094
5.48424109 -0.13263597 14095
5.48424109 -0.14266883 14096
5.48424109 -0.15338502 14097
5.48424109 -0.16483109 14098
5.48424109 -0.17705676 14099
5.48424109 -0.19011514 14100
5.48424109 -0.20406297 14101
5.48424109 -0.21896084 14102
5.48424109 -0.23487349 14103
5.48424109 -0.25187005 14104
5.48424109 -0.27002439 14105
5.48424109 -0.28941539 14106
5.48424109 -0.31012733 14107
5.48424109 -0.33225023 14108
5.48424109 -0.35588024 14109
5.48424109 -0.38112009 14110
5.48424109 -0.40807948 14111
5.48424109 -0.43687563 14112
5.48424109 -0.46763375 14113
5.48424109 -0.50048758 14114
5.48424109 -0.53557999 14115
5.48424109 -0.57306360 14116
5.48424109 -0.61310147 14117
5.48424109 -0.65586775 14118
5.48424109 -0.70154851 14119
5.48424109 -0.75034252 14120
5.48424109 -0.80246212 14121
5.48424109 -0.85813415 14122
5.48424109 -0.91760094 14123
5.48424109 -0.98112138 14124
5.48424109 -1.04897206 14125
5.48424109 -1.12144845 14126
5.48424109 -1.19886623 14127
5.48424109 -1.28156263 14128
5.48424109 -1.36989795 14129
5.48424109 -1.46425712 14130
5.48424109 -1.56505136 14131
5.48424109 -1.67272003 14132
5.48424109 -1.78773249 14133
5.48424109 -1.91059021 14134
5.48424109 -2.04182892 14135
5.48424109 -2.18202096 14136
5.48424109 -2.33177777 14137
5.48424109 -2.49175255 14138
5.48424109 -2.66264308 14139
5.48424109 -2.84519477 14140
5.48424109 -3.04020384 14141
5.48424109 -3.24852076 14142
5.48424109 -3.47105389 14143
5.48424109 -3.70877332 14144
5.48424109 -3.96271498 14145
5.48424109 -4.23398502 14146
5.48424109 -4.52376434 14147
5.48424109 -4.83331350 14148
5.48424109 -5.16397779 14149
5.48424109 -5.51719266 14150
5.48424109 -5.89448930 14151
5.48424109 -6.29750056 14152
5.48424109 -6.72796705 14153
5.48424109 -7.18774345 14154
5.48424109 -7.67880504 14155
5.48424109 -8.20325428 14156
5.48424109 -8.76332748 14157
5.48424109 -9.36140147 14158
5.48424109 -10.00000000 14159
5.74775583 -0.00100000 14160
5.74775583 -0.00206810 14161
5.74775583 -0.00320893 14162
5.74775583 -0.00442745 14163
5.74775583 -0.00572894 14164
5.74775583 -0.00711907 14165
5.74775583 -0.00860386 14166
5.74775583 -0.01018975 14167
5.74775583 -0.01188365 14168
5.74775583 -0.01369289 14169
5.74775583 -0.01562534 14170
5.74775583 -0.01768938 14171
5.74775583 -0.01989399 14172
5.74775583 -0.02224872 14173
5.74775583 -0.02476380 14174
5.74775583 -0.02745016 14175
5.74775583 -0.03031946 14176
5.74775583 -0.03338416 14177
5.74775583 -0.03665756 14178
5.74775583 -0.04015388 14179
5.74775583 -0.04388830 14180
5.74775583 -0.04787703 14181
5.74775583 -0.05213740 14182
5.74775583 -0.05668791 14183
5.74775583 -0.06154831 14184
5.74775583 -0.06673972 14185
5.74775583 -0.07228467 14186
5.74775583 -0.07820725 14187
5.74775583 -0.08453318 14188
5.74775583 -0.09128994 14189
5.74775583 -0.09850685 14190
5.74775583 -0.10621528 14191
5.74775583 -0.11444870 14192
5.74775583 -0.12324286 14193
5.74775583 -0.13263597 14194
5.74775583 -0.14266883 14195
5.74775583 -0.15338502 14196
5.74775583 -0.16483109 14197
5.74775583 -0.17705676 14198
5.74775583 -0.19011514 14199
5.74775583 -0.20406297 14200
5.74775583 -0.21896084 14201
5.74775583 -0.23487349 14202
5.74775583 -0.25187005 14203
5.74775583 -0.27002439 14204
5.74775583 -0.28941539 14205
5.74775583 -0.31012733 14206
5.74775583 -0.33225023 14207
5.74775583 -0.35588024 14208
5.74775583 -0.38112009 14209
5.74775583 -0.40807948 14210
5.74775583 -0.43687563 14211
5.74775583 -0.46763375 14212
5.74775583 -0.50048758 14213
5.74775583 -0.53557999 14214
5.74775583 -0.57306360 14215
5.74775583 -0.61310147 14216
5.74775583 -0.65586775 14217
5.74775583 -0.70154851 14218
5.74775583 -0.75034252 14219
5.74775583 -0.80246212 14220
5.74775583 -0.85813415 14221
5.74775583 -0.91760094 14222
5.74775583 -0.98112138 14223
5.74775583 -1.04897206 14224
5.74775583 -1.12144845 14225
5.74775583 -1.19886623 14226
5.74775583 -1.28156263 14227
5.74775583 -1.36989795 14228
5.74775583 -1.46425712 14229
5.74775583 -1.56505136 14230
5.74775583 -1.67272003 14231
5.74775583 -1.78773249 14232
5.74775583 -1.91059021 14233
5.74775583 -2.04182892 14234
5.74775583 -2.18202096 14235
5.74775583 -2.33177777 14236
5.74775583 -2.49175255 14237
5.74775583 -2.66264308 14238
5.74775583 -2.84519477 14239
5.74775583 -3.04020384 14240
5.74775583 -3.24852076 14241
5.74775583 -3.47105389 14242
5.74775583 -3.70877332 14243
5.74775583 -3.96271498 14244
5.74775583 -4.23398502 14245
5.74775583 -4.52376434 14246
5.74775583 -4.83331350 14247
5.74775583 -5.16397779 14248
5.74775583 -5.51719266 14249
5.74775583 -5.89448930 14250
5.74775583 -6.29750056 14251
5.74775583 -6.72796705 14252
5.74775583 -7.18774345 14253
5.74775583 -7.67880504 14254
5.74775583 -8.20325428 14255
5.74775583 -8.76332748 14256
5.74775583 -9.36140147 14257
5.74775583 -10.00000000 14258
6.02444631 -0.00100000 14259
6.02444631 -0.00206810 14260
6.02444631 -0.00320893 14261
6.02444631 -0.00442745 14262
6.02444631 -0.00572894 14263
6.02444631 -0.00711907 14264
6.02444631 -0.00860386 14265
6.02444631 -0.01018975 14266
6.02444631 -0.01188365 14267
6.02444631 -0.01369289 14268
6.02444631 -0.01562534 14269
6.02444631 -0.01768938 14270
6.02444631 -0.01989399 14271
6.02444631 -0.02224872 14272
6.02444631 -0.02476380 14273
6.02444631 -0.02745016 14274
6.02444631 -0.03031946 14275
6.02444631 -0.03338416 14276
6.02444631 -0.03665756 14277
6.02444631 -0.04015388 14278
6.02444631 -0.04388830 14279
6.02444631 -0.04787703 14280
6.02444631 -0.05213740 14281
6.02444631 -0.05668791 14282
6.02444631 -0.06154831 14283
6.02444631 -0.06673972 14284
6.02444631 -0.07228467 14285
6.02444631 -0.07820725 14286
6.02444631 -0.08453318 14287
6.02444631 -0.09128994 14288
6.02444631 -0.09850685 14289
6.02444631 -0.10621528 14290
6.02444631 -0.11444870 14291
6.02444631 -0.12324286 14292
6.02444631 -0.13263597 14293
6.02444631 -0.14266883 14294
6.02444631 -0.15338502 14295
6.02444631 -0.16483109 14296
6.02444631 -0.17705676 14297
6.02444631 -0.19011514 14298
6.02444631 -0.20406297 14299
6.02444631 -0.21896084 14300
6.02444631 -0.23487349 14301
6.02444631 -0.25187005 14302
6.02444631 -0.27002439 14303
6.02444631 -0.28941539 14304
6.02444631 -0.31012733 14305
6.02444631 -0.33225023 14306
6.02444631 -0.35588024 14307
6.02444631 -0.38112009 14308
6.02444631 -0.40807948 14309
6.02444631 -0.43687563 14310
6.02444631 -0.46763375 14311
6.02444631 -0.50048758 14312
6.02444631 -0.53557999 14313
6.02444631 -0.57306360 14314
6.02444631 -0.61310147 14315
6.02444631 -0.65586775 14316
6.02444631 -0.70154851 14317
6.02444631 -0.75034252 14318
6.02444631 -0.80246212 14319
6.02444631 -0.85813415 14320
6.02444631 -0.91760094 14321
6.02444631 -0.98112138 14322
6.02444631 -1.04897206 14323
6.02444631 -1.12144845 14324
6.02444631 -1.19886623 14325
6.02444631 -1.28156263 14326
6.02444631 -1.36989795 14327
6.02444631 -1.46425712 14328
6.02444631 -1.56505136 14329
6.02444631 -1.67272003 14330
6.02444631 -1.78773249 14331
6.02444631 -1.91059021 14332
6.02444631 -2.04182892 14333
6.02444631 -2.18202096 14334
6.02444631 -2.33177777 14335
6.02444631 -2.49175255 14336
6.02444631 -2.66264308 14337
6.02444631 -2.84519477 14338
6.02444631 -3.04020384 14339
6.02444631 -3.24852076 14340
6.02444631 -3.47105389 14341
6.02444631 -3.70877332 14342
6.02444631 -3.96271498 14343
6.02444631 -4.23398502 14344
6.02444631 -4.52376434 14345
6.02444631 -4.83331350 14346
6.02444631 -5.16397779 14347
6.02444631 -5.51719266 14348
6.02444631 -5.89448930 14349
6.02444631 -6.29750056 14350
6.02444631 -6.72796705 14351
6.02444631 -7.18774345 14352
6.02444631 -7.67880504 14353
6.02444631 -8.20325428 14354
6.02444631 -8.76332748 14355
6.02444631 -9.36140147 14356
6.02444631 -10.00000000 14357
6.31497132 -0.00100000 14358
6.31497132 -0.00206810 14359
6.31497132 -0.00320893 14360
6.31497132 -0.00442745 14361
6.31497132 -0.00572894 14362
6.31497132 -0.00711907 14363
6.31497132 -0.00860386 14364
6.31497132 -0.01018975 14365
6.31497132 -0.01188365 14366
6.31497132 -0.01369289 14367
6.31497132 -0.01562534 14368
6.31497132 -0.01768938 14369
6.31497132 -0.01989399 14370
6.31497132 -0.02224872 14371
6.31497132 -0.02476380 14372
6.31497132 -0.02745016 14373
6.31497132 -0.03031946 14374
6.31497132 -0.03338416 14375
6.31497132 -0.03665756 14376
6.31497132 -0.04015388 14377
6.31497132 -0.04388830 14378
6.31497132 -0.04787703 14379
6.31497132 -0.05213740 14380
6.31497132 -0.05668791 14381
6.31497132 -0.06154831 14382
6.31497132 -0.06673972 14383
6.31497132 -0.07228467 14384
6.31497132 -0.07820725 14385
6.31497132 -0.08453318 14386
6.31497132 -0.09128994 14387
6.31497132 -0.09850685 14388
6.31497132 -0.10621528 14389
6.31497132 -0.11444870 14390
6.31497132 -0.12324286 14391
6.31497132 -0.13263597 14392
6.31497132 -0.14266883 14393
6.31497132 -0.15338502 14394
6.31497132 -0.16483109 14395
6.31497132 -0.17705676 14396
6.31497132 -0.19011514 14397
6.31497132 -0.20406297 14398
6.31497132 -0.21896084 14399
6.31497132 -0.23487349 14400
6.31497132 -0.25187005 14401
6.31497132 -0.27002439 14402
6.31497132 -0.28941539 14403
6.31497132 -0.31012733 14404
6.31497132 -0.33225023 14405
6.31497132 -0.35588024 14406
6.31497132 -0.38112009 14407
6.31497132 -0.40807948 14408
6.31497132 -0.43687563 14409
6.31497132 -0.46763375 14410
6.31497132 -0.50048758 14411
6.31497132 -0.53557999 14412
6.31497132 -0.57306360 14413
6.31497132 -0.61310147 14414
6.31497132 -0.65586775 14415
6.31497132 -0.70154851 14416
6.31497132 -0.75034252 14417
6.31497132 -0.80246212 14418
6.31497132 -0.85813415 14419
6.31497132 -0.91760094 14420
6.31497132 -0.98112138 14421
6.31497132 -1.04897206 14422
6.31497132 -1.12144845 14423
6.31497132 -1.19886623 14424
6.31497132 -1.28156263 14425
6.31497132 -1.36989795 14426
6.31497132 -1.46425712 14427
6.31497132 -1.56505136 14428
6.31497132 -1.67272003 14429
6.31497132 -1.78773249 14430
6.31497132 -1.91059021 14431
6.31497132 -2.04182892 14432
6.31497132 -2.18202096 14433
6.31497132 -2.33177777 14434
6.31497132 -2.49175255 14435
6.31497132 -2.66264308 14436
6.31497132 -2.84519477 14437
6.31497132 -3.04020384 14438
6.31497132 -3.24852076 14439
6.31497132 -3.47105389 14440
6.31497132 -3.70877332 14441
6.31497132 -3.96271498 14442
6.31497132 -4.23398502 14443
6.31497132 -4.52376434 14444
6.31497132 -4.83331350 14445
6.31497132 -5.16397779 14446
6.31497132 -5.51719266 14447
6.31497132 -5.89448930 14448
6.31497132 -6.29750056 14449
6.31497132 -6.72796705 14450
6.31497132 -7.18774345 14451
6.31497132 -7.67880504 14452
6.31497132 -8.20325428 14453
6.31497132 -8.76332748 14454
6.31497132 -9.36140147 14455
6.31497132 -10.00000000 14456
6.62002257 -0.00100000 14457
6.62002257 -0.00206810 14458
6.62002257 -0.00320893 14459
6.62002257 -0.00442745 14460
6.62002257 -0.00572894 14461
6.62002257 -0.00711907 14462
6.62002257 -0.00860386 14463
6.62002257 -0.01018975 14464
6.62002257 -0.01188365 14465
6.62002257 -0.01369289 14466
6.62002257 -0.01562534 14467
6.62002257 -0.01768938 14468
6.62002257 -0.01989399 14469
6.62002257 -0.02224872 14470
6.62002257 -0.02476380 14471
6.62002257 -0.02745016 14472
6.62002257 -0.03031946 14473
6.62002257 -0.03338416 14474
6.62002257 -0.03665756 14475
6.62002257 -0.04015388 14476
6.62002257 -0.04388830 14477
6.62002257 -0.04787703 14478
6.62002257 -0.05213740 14479
6.62002257 -0.05668791 14480
6.62002257 -0.06154831 14481
6.62002257 -0.06673972 14482
6.62002257 -0.07228467 14483
6.62002257 -0.07820725 14484
6.62002257 -0.08453318 14485
6.62002257 -0.09128994 14486
6.62002257 -0.09850685 14487
6.62002257 -0.10621528 14488
6.62002257 -0.11444870 14489
6.62002257 -0.12324286 14490
6.62002257 -0.13263597 14491
6.62002257 -0.14266883 14492
6.62002257 -0.15338502 14493
6.62002257 -0.16483109 14494
6.62002257 -0.17705676 14495
6.62002257 -0.19011514 14496
6.62002257 -0.20406297 14497
6.62002257 -0.21896084 14498
6.62002257 -0.23487349 14499
6.62002257 -0.25187005 14500
6.62002257 -0.27002439 14501
6.62002257 -0.28941539 14502
6.62002257 -0.31012733 14503
6.62002257 -0.33225023 14504
6.62002257 -0.35588024 14505
6.62002257 -0.38112009 14506
6.62002257 -0.40807948 14507
6.62002257 -0.43687563 14508
6.62002257 -0.46763375 14509
6.62002257 -0.50048758 14510
6.62002257 -0.53557999 14511
6.62002257 -0.57306360 14512
6.62002257 -0.61310147 14513
6.62002257 -0.65586775 14514
6.62002257 -0.70154851 14515
6.62002257 -0.75034252 14516
6.62002257 -0.80246212 14517
6.62002257 -0.85813415 14518
6.62002257 -0.91760094 14519
6.62002257 -0.98112138 14520
6.62002257 -1.04897206 14521
6.62002257 -1.12144845 14522
6.62002257 -1.19886623 14523
6.62002257 -1.28156263 14524
6.62002257 -1.36989795 14525
6.62002257 -1.46425712 14526
6.62002257 -1.56505136 14527
6.62002257 -1.67272003 14528
6.62002257 -1.78773249 14529
6.62002257 -1.91059021 14530
6.62002257 -2.04182892 14531
6.62002257 -2.18202096 14532
6.62002257 -2.33177777 14533
6.62002257 -2.49175255 14534
6.62002257 -2.66264308 14535
6.62002257 -2.84519477 14536
6.62002257 -3.04020384 14537
6.62002257 -3.24852076 14538
6.62002257 -3.47105389 14539
6.62002257 -3.70877332 14540
6.62002257 -3.96271498 14541
6.62002257 -4.23398502 14542
6.62002257 -4.52376434 14543
6.62002257 -4.83331350 14544
6.62002257 -5.16397779 14545
6.62002257 -5.51719266 14546
6.62002257 -5.89448930 14547
6.62002257 -6.29750056 14548
6.62002257 -6.72796705 14549
6.62002257 -7.18774345 14550
6.62002257 -7.67880504 14551
6.62002257 -8.20325428 14552
6.62002257 -8.76332748 14553
6.62002257 -9.36140147 14554
6.62002257 -10.00000000 14555
6.94032639 -0.00100000 14556
6.94032639 -0.00206810 14557
6.94032639 -0.00320893 14558
6.94032639 -0.00442745 14559
6.94032639 -0.00572894 14560
6.94032639 -0.00711907 14561
6.94032639 -0.00860386 14562
6.94032639 -0.01018975 14563
6.94032639 -0.01188365 14564
6.94032639 -0.01369289 14565
6.94032639 -0.01562534 14566
6.94032639 -0.01768938 14567
6.94032639 -0.01989399 14568
6.94032639 -0.02224872 14569
6.94032639 -0.02476380 14570
6.94032639 -0.02745016 14571
6.94032639 -0.03031946 14572
6.94032639 -0.03338416 14573
6.94032639 -0.03665756 14574
6.94032639 -0.04015388 14575
6.94032639 -0.04388830 14576
6.94032639 -0.04787703 14577
6.94032639 -0.05213740 14578
6.94032639 -0.05668791 14579
6.94032639 -0.06154831 14580
6.94032639 -0.06673972 14581
6.94032639 -0.07228467 14582
6.94032639 -0.07820725 14583
6.94032639 -0.08453318 14584
6.94032639 -0.09128994 14585
6.94032639 -0.09850685 14586
6.94032639 -0.10621528 14587
6.94032639 -0.11444870 14588
6.94032639 -0.12324286 14589
6.94032639 -0.13263597 14590
6.94032639 -0.14266883 14591
6.94032639 -0.15338502 14592
6.94032639 -0.16483109 14593
6.94032639 -0.17705676 14594
6.94032639 -0.19011514 14595
6.94032639 -0.20406297 14596
6.94032639 -0.21896084 14597
6.94032639 -0.23487349 14598
6.94032639 -0.25187005 14599
6.94032639 -0.27002439 14600
6.94032639 -0.28941539 14601
6.94032639 -0.31012733 14602
6.94032639 -0.33225023 14603
6.94032639 -0.35588024 14604
6.94032639 -0.38112009 14605
6.94032639 -0.40807948 14606
6.94032639 -0.43687563 14607
6.94032639 -0.46763375 14608
6.94032639 -0.50048758 14609
6.94032639 -0.53557999 14610
6.94032639 -0.57306360 14611
6.94032639 -0.61310147 14612
6.94032639 -0.65586775 14613
6.94032639 -0.70154851 14614
6.94032639 -0.75034252 14615
6.94032639 -0.80246212 14616
6.94032639 -0.85813415 14617
6.94032639 -0.91760094 14618
6.94032639 -0.98112138 14619
6.94032639 -1.04897206 14620
6.94032639 -1.12144845 14621
6.94032639 -1.19886623 14622
6.94032639 -1.28156263 14623
6.94032639 -1.36989795 14624
6.94032639 -1.46425712 14625
6.94032639 -1.56505136 14626
6.94032639 -1.67272003 14627
6.94032639 -1.78773249 14628
6.94032639 -1.91059021 14629
6.94032639 -2.04182892 14630
6.94032639 -2.18202096 14631
6.94032639 -2.33177777 14632
6.94032639 -2.49175255 14633
6.94032639 -2.66264308 14634
6.94032639 -2.84519477 14635
6.94032639 -3.04020384 14636
6.94032639 -3.24852076 14637
6.94032639 -3.47105389 14638
6.94032639 -3.70877332 14639
6.94032639 -3.96271498 14640
6.94032639 -4.23398502 14641
6.94032639 -4.52376434 14642
6.94032639 -4.83331350 14643
6.94032639 -5.16397779 14644
6.94032639 -5.51719266 14645
6.94032639 -5.89448930 14646
6.94032639 -6.29750056 14647
6.94032639 -6.72796705 14648
6.94032639 -7.18774345 14649
6.94032639 -7.67880504 14650
6.94032639 -8.20325428 14651
6.94032639 -8.76332748 14652
6.94032639 -9.36140147 14653
6.94032639 -10.00000000 14654
7.27664540 -0.00100000 14655
7.27664540 -0.00206810 14656
7.27664540 -0.00320893 14657
7.27664540 -0.00442745 14658
7.27664540 -0.00572894 14659
7.27664540 -0.00711907 14660
7.27664540 -0.00860386 14661
7.27664540 -0.01018975 14662
7.27664540 -0.01188365 14663
7.27664540 -0.01369289 14664
7.27664540 -0.01562534 14665
7.27664540 -0.01768938 14666
7.27664540 -0.01989399 14667
7.27664540 -0.02224872 14668
7.27664540 -0.02476380 14669
7.27664540 -0.02745016 14670
7.27664540 -0.03031946 14671
7.27664540 -0.03338416 14672
7.27664540 -0.03665756 14673
7.27664540 -0.04015388 14674
7.27664540 -0.04388830 14675
7.27664540 -0.04787703 14676
7.27664540 -0.05213740 14677
7.27664540 -0.05668791 14678
7.27664540 -0.06154831 14679
7.27664540 -0.06673972 14680
7.27664540 -0.07228467 14681
7.27664540 -0.07820725 14682
7.27664540 -0.08453318 14683
7.27664540 -0.09128994 14684
7.27664540 -0.09850685 14685
7.27664540 -0.10621528 14686
7.27664540 -0.11444870 14687
7.27664540 -0.12324286 14688
7.27664540 -0.13263597 14689
7.27664540 -0.14266883 14690
7.27664540 -0.15338502 14691
7.27664540 -0.16483109 14692
7.27664540 -0.17705676 14693
7.27664540 -0.19011514 14694
7.27664540 -0.20406297 14695
7.27664540 -0.21896084 14696
7.27664540 -0.23487349 14697
7.27664540 -0.25187005 14698
7.27664540 -0.27002439 14699
7.27664540 -0.28941539 14700
7.27664540 -0.31012733 14701
7.27664540 -0.33225023 14702
7.27664540 -0.35588024 14703
7.27664540 -0.38112009 14704
7.27664540 -0.40807948 14705
7.27664540 -0.43687563 14706
7.27664540 -0.46763375 14707
7.27664540 -0.50048758 14708
7.27664540 -0.53557999 14709
7.27664540 -0.57306360 14710
7.27664540 -0.61310147 14711
7.27664540 -0.65586775 14712
7.27664540 -0.70154851 14713
7.27664540 -0.75034252 14714
7.27664540 -0.80246212 14715
7.27664540 -0.85813415 14716
7.27664540 -0.91760094 14717
7.27664540 -0.98112138 14718
7.27664540 -1.04897206 14719
7.27664540 -1.12144845 14720
7.27664540 -1.19886623 14721
7.27664540 -1.28156263 14722
7.27664540 -1.36989795 14723
7.27664540 -1.46425712 14724
7.27664540 -1.56505136 14725
7.27664540 -1.67272003 14726
7.27664540 -1.78773249 14727
7.27664540 -1.91059021 14728
7.27664540 -2.04182892 14729
7.27664540 -2.18202096 14730
7.27664540 -2.33177777 14731
7.27664540 -2.49175255 14732
7.27664540 -2.66264308 14733
7.27664540 -2.84519477 14734
7.27664540 -3.04020384 14735
7.27664540 -3.24852076 14736
7.27664540 -3.47105389 14737
7.27664540 -3.70877332 14738
7.27664540 -3.96271498 14739
7.27664540 -4.23398502 14740
7.27664540 -4.52376434 14741
7.27664540 -4.83331350 14742
7.27664540 -5.16397779 14743
7.27664540 -5.51719266 14744
7.27664540 -5.89448930 14745
7.27664540 -6.29750056 14746
7.27664540 -6.72796705 14747
7.27664540 -7.18774345 14748
7.27664540 -7.67880504 14749
7.27664540 -8.20325428 14750
7.27664540 -8.76332748 14751
7.27664540 -9.36140147 14752
7.27664540 -10.00000000 14753
7.62978035 -0.00100000 14754
7.62978035 -0.00206810 14755
7.62978035 -0.00320893 14756
7.62978035 -0.00442745 14757
7.62978035 -0.00572894 14758
7.62978035 -0.00711907 14759
7.62978035 -0.00860386 14760
7.62978035 -0.01018975 14761
7.62978035 -0.01188365 14762
7.62978035 -0.01369289 14763
7.62978035 -0.01562534 14764
7.62978035 -0.01768938 14765
7.62978035 -0.01989399 14766
7.62978035 -0.02224872 14767
7.62978035 -0.02476380 14768
7.62978035 -0.02745016 14769
7.62978035 -0.03031946 14770
7.62978035 -0.03338416 14771
7.62978035 -0.03665756 14772
7.62978035 -0.04015388 14773
7.62978035 -0.04388830 14774
7.62978035 -0.04787703 14775
7.62978035 -0.05213740 14776
7.62978035 -0.05668791 14777
7.62978035 -0.06154831 14778
7.62978035 -0.06673972 14779
7.62978035 -0.07228467 14780
7.62978035 -0.07820725 14781
7.62978035 -0.08453318 14782
7.62978035 -0.09128994 14783
7.62978035 -0.09850685 14784
7.62978035 -0.10621528 14785
7.62978035 -0.11444870 14786
7.62978035 -0.12324286 14787
7.62978035 -0.13263597 14788
7.62978035 -0.14266883 14789
7.62978035 -0.15338502 14790
7.62978035 -0.16483109 14791
7.62978035 -0.17705676 14792
7.62978035 -0.19011514 14793
7.62978035 -0.20406297 14794
7.62978035 -0.21896084 14795
7.62978035 -0.23487349 14796
7.62978035 -0.25187005 14797
7.62978035 -0.27002439 14798
7.62978035 -0.28941539 14799
7.62978035 -0.31012733 14800
7.62978035 -0.33225023 14801
7.62978035 -0.35588024 14802
7.62978035 -0.38112009 14803
7.62978035 -0.40807948 14804
7.62978035 -0.43687563 14805
7.62978035 -0.46763375 14806
7.62978035 -0.50048758 14807
7.62978035 -0.53557999 14808
7.62978035 -0.57306360 14809
7.62978035 -0.61310147 14810
7.62978035 -0.65586775 14811
7.62978035 -0.70154851 14812
7.62978035 -0.75034252 14813
7.62978035 -0.80246212 14814
7.62978035 -0.85813415 14815
7.62978035 -0.91760094 14816
7.62978035 -0.98112138 14817
7.62978035 -1.04897206 14818
7.62978035 -1.12144845 14819
7.62978035 -1.19886623 14820
7.62978035 -1.28156263 14821
7.62978035 -1.36989795 14822
7.62978035 -1.46425712 14823
7.62978035 -1.56505136 14824
7.62978035 -1.67272003 14825
7.62978035 -1.78773249 14826
7.62978035 -1.91059021 14827
7.62978035 -2.04182892 14828
7.62978035 -2.18202096 14829
7.62978035 -2.33177777 14830
7.62978035 -2.49175255 14831
7.62978035 -2.66264308 14832
7.62978035 -2.84519477 14833
7.62978035 -3.04020384 14834
7.62978035 -3.24852076 14835
7.62978035 -3.47105389 14836
7.62978035 -3.70877332 14837
7.62978035 -3.96271498 14838
7.62978035 -4.23398502 14839
7.62978035 -4.52376434 14840
7.62978035 -4.83331350 14841
7.62978035 -5.16397779 14842
7.62978035 -5.51719266 14843
7.62978035 -5.89448930 14844
7.62978035 -6.29750056 14845
7.62978035 -6.72796705 14846
7.62978035 -7.18774345 14847
7.62978035 -7.67880504 14848
7.62978035 -8.20325428 14849
7.62978035 -8.76332748 14850
7.62978035 -9.36140147 14851
7.62978035 -10.00000000 14852
8.00057206 -0.00100000 14853
8.00057206 -0.00206810 14854
8.00057206 -0.00320893 14855
8.00057206 -0.00442745 14856
8.00057206 -0.00572894 14857
8.00057206 -0.00711907 14858
8.00057206 -0.00860386 14859
8.00057206 -0.01018975 14860
8.00057206 -0.01188365 14861
8.00057206 -0.01369289 14862
8.00057206 -0.01562534 14863
8.00057206 -0.01768938 14864
8.00057206 -0.01989399 14865
8.00057206 -0.02224872 14866
8.00057206 -0.02476380 14867
8.00057206 -0.02745016 14868
8.00057206 -0.03031946 14869
8.00057206 -0.03338416 14870
8.00057206 -0.03665756 14871
8.00057206 -0.04015388 14872
8.00057206 -0.04388830 14873
8.00057206 -0.04787703 14874
8.00057206 -0.05213740 14875
8.00057206 -0.05668791 14876
8.00057206 -0.06154831 14877
8.00057206 -0.06673972 14878
8.00057206 -0.07228467 14879
8.00057206 -0.07820725 14880
8.00057206 -0.08453318 14881
8.00057206 -0.09128994 14882
8.00057206 -0.09850685 14883
8.00057206 -0.10621528 14884
8.00057206 -0.11444870 14885
8.00057206 -0.12324286 14886
8.00057206 -0.13263597 14887
8.00057206 -0.14266883 14888
8.00057206 -0.15338502 14889
8.00057206 -0.16483109 14890
8.00057206 -0.17705676 14891
8.00057206 -0.19011514 14892
8.00057206 -0.20406297 14893
8.00057206 -0.21896084 14894
8.00057206 -0.23487349 14895
8.00057206 -0.25187005 14896
8.00057206 -0.27002439 14897
8.00057206 -0.28941539 14898
8.00057206 -0.31012733 14899
8.00057206 -0.33225023 14900
8.00057206 -0.35588024 14901
8.00057206 -0.38112009 14902
8.00057206 -0.40807948 14903
8.00057206 -0.43687563 14904
8.00057206 -0.46763375 14905
8.00057206 -0.50048758 14906
8.00057206 -0.53557999 14907
8.00057206 -0.57306360 14908
8.00057206 -0.61310147 14909
8.00057206 -0.65586775 14910
8.00057206 -0.70154851 14911
8.00057206 -0.75034252 14912
8.00057206 -0.80246212 14913
8.00057206 -0.85813415 14914
8.00057206 -0.91760094 14915
8.00057206 -0.98112138 14916
8.00057206 -1.04897206 14917
8.00057206 -1.12144845 14918
8.00057206 -1.19886623 14919
8.00057206 -1.28156263 14920
8.00057206 -1.36989795 14921
8.00057206 -1.46425712 14922
8.00057206 -1.56505136 14923
8.00057206 -1.67272003 14924
8.00057206 -1.78773249 14925
8.00057206 -1.91059021 14926
8.00057206 -2.04182892 14927
8.00057206 -2.18202096 14928
8.00057206 -2.33177777 14929
8.00057206 -2.49175255 14930
8.00057206 -2.66264308 14931
8.00057206 -2.84519477 14932
8.00057206 -3.04020384 14933
8.00057206 -3.24852076 14934
8.00057206 -3.47105389 14935
8.00057206 -3.70877332 14936
8.00057206 -3.96271498 14937
8.00057206 -4.23398502 14938
8.00057206 -4.52376434 14939
8.00057206 -4.83331350 14940
8.00057206 -5.16397779 14941
8.00057206 -5.51719266 14942
8.00057206 -5.89448930 14943
8.00057206 -6.29750056 14944
8.00057206 -6.72796705 14945
8.00057206 -7.18774345 14946
8.00057206 -7.67880504 14947
8.00057206 -8.20325428 14948
8.00057206 -8.76332748 14949
8.00057206 -9.36140147 14950
8.00057206 -10.00000000 14951
8.38990335 -0.00100000 14952
8.38990335 -0.00206810 14953
8.38990335 -0.00320893 14954
8.38990335 -0.00442745 14955
8.38990335 -0.00572894 14956
8.38990335 -0.00711907 14957
8.38990335 -0.00860386 14958
8.38990335 -0.01018975 14959
8.38990335 -0.01188365 14960
8.38990335 -0.01369289 14961
8.38990335 -0.01562534 14962
8.38990335 -0.01768938 14963
8.38990335 -0.01989399 14964
8.38990335 -0.02224872 14965
8.38990335 -0.02476380 14966
8.38990335 -0.02745016 14967
8.38990335 -0.03031946 14968
8.38990335 -0.03338416 14969
8.38990335 -0.03665756 14970
8.38990335 -0.04015388 14971
8.38990335 -0.04388830 14972
8.38990335 -0.04787703 14973
8.38990335 -0.05213740 14974
8.38990335 -0.05668791 14975
8.38990335 -0.06154831 14976
8.38990335 -0.06673972 14977
8.38990335 -0.07228467 14978
8.38990335 -0.07820725 14979
8.38990335 -0.08453318 14980
8.38990335 -0.09128994 14981
8.38990335 -0.09850685 14982
8.38990335 -0.10621528 14983
8.38990335 -0.11444870 14984
8.38990335 -0.12324286 14985
8.38990335 -0.13263597 14986
8.38990335 -0.14266883 14987
8.38990335 -0.15338502 14988
8.38990335 -0.16483109 14989
8.38990335 -0.17705676 14990
8.38990335 -0.19011514 14991
8.38990335 -0.20406297 14992
8.38990335 -0.21896084 14993
8.38990335 -0.23487349 14994
8.38990335 -0.25187005 14995
8.38990335 -0.27002439 14996
8.38990335 -0.28941539 14997
8.38990335 -0.31012733 14998
8.38990335 -0.33225023 14999
8.38990335 -0.35588024 15000
8.38990335 -0.38112009 15001
8.38990335 -0.40807948 15002
8.38990335 -0.43687563 15003
8.38990335 -0.46763375 15004
8.38990335 -0.50048758 15005
8.38990335 -0.53557999 15006
8.38990335 -0.57306360 15007
8.38990335 -0.61310147 15008
8.38990335 -0.65586775 15009
8.38990335 -0.70154851 15010
8.38990335 -0.75034252 15011
8.38990335 -0.80246212 15012
8.38990335 -0.85813415 15013
8.38990335 -0.91760094 15014
8.38990335 -0.98112138 15015
8.38990335 -1.04897206 15016
8.38990335 -1.12144845 15017
8.38990335 -1.19886623 15018
8.38990335 -1.28156263 15019
8.38990335 -1.36989795 15020
8.38990335 -1.46425712 15021
8.38990335 -1.56505136 15022
8.38990335 -1.67272003 15023
8.38990335 -1.78773249 15024
8.38990335 -1.91059021 15025
8.38990335 -2.04182892 15026
8.38990335 -2.18202096 15027
8.38990335 -2.33177777 15028
8.38990335 -2.49175255 15029
8.38990335 -2.66264308 15030
8.38990335 -2.84519477 15031
8.38990335 -3.04020384 15032
8.38990335 -3.24852076 15033
8.38990335 -3.47105389 15034
8.38990335 -3.70877332 15035
8.38990335 -3.96271498 15036
8.38990335 -4.23398502 15037
8.38990335 -4.52376434 15038
8.38990335 -4.83331350 15039
8.38990335 -5.16397779 15040
8.38990335 -5.51719266 15041
8.38990335 -5.89448930 15042
8.38990335 -6.29750056 15043
8.38990335 -6.72796705 15044
8.38990335 -7.18774345 15045
8.38990335 -7.67880504 15046
8.38990335 -8.20325428 15047
8.38990335 -8.76332748 15048
8.38990335 -9.36140147 15049
8.38990335 -10.00000000 15050
8.79870121 -0.00100000 15051
8.79870121 -0.00206810 15052
8.79870121 -0.00320893 15053
8.79870121 -0.00442745 15054
8.79870121 -0.00572894 15055
8.79870121 -0.00711907 15056
8.79870121 -0.00860386 15057
8.79870121 -0.01018975 15058
8.79870121 -0.01188365 15059
8.79870121 -0.01369289 15060
8.79870121 -0.01562534 15061
8.79870121 -0.01768938 15062
8.79870121 -0.01989399 15063
8.79870121 -0.02224872 15064
8.79870121 -0.02476380 15065
8.79870121 -0.02745016 15066
8.79870121 -0.03031946 15067
8.79870121 -0.03338416 15068
8.79870121 -0.03665756 15069
8.79870121 -0.04015388 15070
8.79870121 -0.04388830 15071
8.79870121 -0.04787703 15072
8.79870121 -0.05213740 15073
8.79870121 -0.05668791 15074
8.79870121 -0.06154831 15075
8.79870121 -0.06673972 15076
8.79870121 -0.07228467 15077
8.79870121 -0.07820725 15078
8.79870121 -0.08453318 15079
8.79870121 -0.09128994 15080
8.79870121 -0.09850685 15081
8.79870121 -0.10621528 15082
8.79870121 -0.11444870 15083
8.79870121 -0.12324286 15084
8.79870121 -0.13263597 15085
8.79870121 -0.14266883 15086
8.79870121 -0.15338502 15087
8.79870121 -0.16483109 15088
8.79870121 -0.17705676 15089
8.79870121 -0.19011514 15090
8.79870121 -0.20406297 15091
8.79870121 -0.21896084 15092
8.79870121 -0.23487349 15093
8.79870121 -0.25187005 15094
8.79870121 -0.27002439 15095
8.79870121 -0.28941539 15096
8.79870121 -0.31012733 15097
8.79870121 -0.33225023 15098
8.79870121 -0.35588024 15099
8.79870121 -0.38112009 15100
8.79870121 -0.40807948 15101
8.79870121 -0.43687563 15102
8.79870121 -0.46763375 15103
8.79870121 -0.50048758 15104
8.79870121 -0.53557999 15105
8.79870121 -0.57306360 15106
8.79870121 -0.61310147 15107
8.79870121 -0.65586775 15108
8.79870121 -0.70154851 15109
8.79870121 -0.75034252 15110
8.79870121 -0.80246212 15111
8.79870121 -0.85813415 15112
8.79870121 -0.91760094 15113
8.79870121 -0.98112138 15114
8.79870121 -1.04897206 15115
8.79870121 -1.12144845 15116
8.79870121 -1.19886623 15117
8.79870121 -1.28156263 15118
8.79870121 -1.36989795 15119
8.79870121 -1.46425712 15120
8.79870121 -1.56505136 15121
8.79870121 -1.67272003 15122
8.79870121 -1.78773249 15123
8.79870121 -1.91059021 15124
8.79870121 -2.04182892 15125
8.79870121 -2.18202096 15126
8.79870121 -2.33177777 15127
8.79870121 -2.49175255 15128
8.79870121 -2.66264308 15129
8.79870121 -2.84519477 15130
8.79870121 -3.04020384 15131
8.79870121 -3.24852076 15132
8.79870121 -3.47105389 15133
8.79870121 -3.70877332 15134
8.79870121 -3.96271498 15135
8.79870121 -4.23398502 15136
8.79870121 -4.52376434 15137
8.79870121 -4.83331350 15138
8.79870121 -5.16397779 15139
8.79870121 -5.51719266 15140
8.79870121 -5.89448930 15141
8.79870121 -6.29750056 15142
8.79870121 -6.72796705 15143
8.79870121 -7.18774345 15144
8.79870121 -7.67880504 15145
8.79870121 -8.20325428 15146
8.79870121 -8.76332748 15147
8.79870121 -9.36140147 15148
8.79870121 -10.00000000 15149
9.22793895 -0.00100000 15150
9.22793895 -0.00206810 15151
9.22793895 -0.00320893 15152
9.22793895 -0.00442745 15153
9.22793895 -0.00572894 15154
9.22793895 -0.00711907 15155
9.22793895 -0.00860386 15156
9.22793895 -0.01018975 15157
9.22793895 -0.01188365 15158
9.22793895 -0.01369289 15159
9.22793895 -0.01562534 15160
9.22793895 -0.01768938 15161
9.22793895 -0.01989399 15162
9.22793895 -0.02224872 15163
9.22793895 -0.02476380 15164
9.22793895 -0.02745016 15165
9.22793895 -0.03031946 15166
9.22793895 -0.03338416 15167
9.22793895 -0.03665756 15168
9.22793895 -0.04015388 15169
9.22793895 -0.04388830 15170
9.22793895 -0.04787703 15171
9.22793895 -0.05213740 15172
9.22793895 -0.05668791 15173
9.22793895 -0.06154831 15174
9.22793895 -0.06673972 15175
9.22793895 -0.07228467 15176
9.22793895 -0.07820725 15177
9.22793895 -0.08453318 15178
9.22793895 -0.09128994 15179
9.22793895 -0.09850685 15180
9.22793895 -0.10621528 15181
9.22793895 -0.11444870 15182
9.22793895 -0.12324286 15183
9.22793895 -0.13263597 15184
9.22793895 -0.14266883 15185
9.22793895 -0.15338502 15186
9.22793895 -0.16483109 15187
9.22793895 -0.17705676 15188
9.22793895 -0.19011514 15189
9.22793895 -0.20406297 15190
9.22793895 -0.21896084 15191
9.22793895 -0.23487349 15192
9.22793895 -0.25187005 15193
9.22793895 -0.27002439 15194
9.22793895 -0.28941539 15195
9.22793895 -0.31012733 15196
9.22793895 -0.33225023 15197
9.22793895 -0.35588024 15198
9.22793895 -0.38112009 15199
9.22793895 -0.40807948 15200
9.22793895 -0.43687563 15201
9.22793895 -0.46763375 15202
9.22793895 -0.50048758 15203
9.22793895 -0.53557999 15204
9.22793895 -0.57306360 15205
9.22793895 -0.61310147 15206
9.22793895 -0.65586775 15207
9.22793895 -0.70154851 15208
9.22793895 -0.75034252 15209
9.22793895 -0.80246212 15210
9.22793895 -0.85813415 15211
9.22793895 -0.91760094 15212
9.22793895 -0.98112138 15213
9.22793895 -1.04897206 15214
9.22793895 -1.12144845 15215
9.22793895 -1.19886623 15216
9.22793895 -1.28156263 15217
9.22793895 -1.36989795 15218
9.22793895 -1.46425712 15219
9.22793895 -1.56505136 15220
9.22793895 -1.67272003 15221
9.22793895 -1.78773249 15222
9.22793895 -1.91059021 15223
9.22793895 -2.04182892 15224
9.22793895 -2.18202096 15225
9.22793895 -2.33177777 15226
9.22793895 -2.49175255 15227
9.22793895 -2.66264308 15228
9.22793895 -2.84519477 15229
9.22793895 -3.04020384 15230
9.22793895 -3.24852076 15231
9.22793895 -3.47105389 15232
9.22793895 -3.70877332 15233
9.22793895 -3.96271498 15234
9.22793895 -4.23398502 15235
9.22793895 -4.52376434 15236
9.22793895 -4.83331350 15237
9.22793895 -5.16397779 15238
9.22793895 -5.51719266 15239
9.22793895 -5.89448930 15240
9.22793895 -6.29750056 15241
9.22793895 -6.72796705 15242
9.22793895 -7.18774345 15243
9.22793895 -7.67880504 15244
9.22793895 -8.20325428 15245
9.22793895 -8.76332748 15246
9.22793895 -9.36140147 15247
9.22793895 -10.00000000 15248
NMARK= 2
MARKER_TAG= airfoil
MARKER_ELEMS= 52
3 5000 5100
3 5100 5200
3 5200 5300
3 5300 5400
3 5400 5500
3 5500 5600
3 5600 5700
3 5700 5800
3 5800 5900
3 5900 6000
3 6000 6100
3 6100 6200
3 6200 6300
3 6300 6400
3 6400 6500
3 6500 6600
3 6600 6700
3 6700 6800
3 6800 6900
3 6900 7000
3 7000 7100
3 7100 7200
3 7200 7300
3 7300 7400
3 7400 7500
3 7500 7600
3 7600 7700
3 7700 7800
3 7800 7900
3 7900 8000
3 8000 8100
3 8100 8200
3 8200 8300
3 8300 8400
3 8400 8500
3 8500 8600
3 8600 8700
3 8700 8800
3 8800 8900
3 8900 9000
3 9000 9100
3 9100 9200
3 9200 9300
3 9300 9400
3 9400 9500
3 9500 9600
3 9600 9700
3 9700 9800
3 9800 9900
3 9900 10000
3 10000 10100
3 10100 5000
MARKER_TAG= farfield
MARKER_ELEMS= 350
3 99 199
3 199 299
3 299 399
3 399 499
3 499 599
3 599 699
3 699 799
3 799 899
3 899 999
3 999 1099
3 1099 1199
3 1199 1299
3 1299 1399
3 1399 1499
3 1499 1599
3 1599 1699
3 1699 1799
3 1799 1899
3 1899 1999
3 1999 2099
3 2099 2199
3 2199 2299
3 2299 2399
3 2399 2499
3 2499 2599
3 2599 2699
3 2699 2799
3 2799 2899
3 2899 2999
3 2999 3099
3 3099 3199
3 3199 3299
3 3299 3399
3 3399 3499
3 3499 3599
3 3599 3699
3 3699 3799
3 3799 3899
3 3899 3999
3 3999 4099
3 4099 4199
3 4199 4299
3 4299 4399
3 4399 4499
3 4499 4599
3 4599 4699
3 4699 4799
3 4799 4899
3 4899 4999
3 4999 5099
3 5099 5199
3 5199 5299
3 5299 5399
3 5399 5499
3 5499 5599
3 5599 5699
3 5699 5799
3 5799 5899
3 5899 5999
3 5999 6099
3 6099 6199
3 6199 6299
3 6299 6399
3 6399 6499
3 6499 6599
3 6599 6699
3 6699 6799
3 6799 6899
3 6899 6999
3 6999 7099
3 7099 7199
3 7199 7299
3 7299 7399
3 7399 7499
3 7499 7599
3 7599 7699
3 7699 7799
3 7799 7899
3 7899 7999
3 7999 8099
3 8099 8199
3 8199 8299
3 8299 8399
3 8399 8499
3 8499 8599
3 8599 8699
3 8699 8799
3 8799 8899
3 8899 8999
3 8999 9099
3 9099 9199
3 9199 9299
3 9299 9399
3 9399 9499
3 9499 9599
3 9599 9699
3 9699 9799
3 9799 9899
3 9899 9999
3 9999 10099
3 10099 10199
3 10199 10298
3 10298 10397
3 10397 10496
3 10496 10595
3 10595 10694
3 10694 10793
3 10793 10892
3 10892 10991
3 10991 11090
3 11090 11189
3 11189 11288
3 11288 11387
3 11387 11486
3 11486 11585
3 11585 11684
3 11684 11783
3 11783 11882
3 11882 11981
3 11981 12080
3 12080 12179
3 12179 12278
3 12278 12377
3 12377 12476
3 12476 12575
3 12575 12674
3 12674 12773
3 12773 12872
3 12872 12971
3 12971 13070
3 13070 13169
3 13169 13268
3 13268 13367
3 13367 13466
3 13466 13565
3 13565 13664
3 13664 13763
3 13763 13862
3 13862 13961
3 13961 14060
3 14060 14159
3 14159 14258
3 14258 14357
3 14357 14456
3 14456 14555
3 14555 14654
3 14654 14753
3 14753 14852
3 14852 14951
3 14951 15050
3 15050 15149
3 15149 15248
3 1 0
3 2 1
3 3 2
3 4 3
3 5 4
3 6 5
3 7 6
3 8 7
3 9 8
3 10 9
3 11 10
3 12 11
3 13 12
3 14 13
3 15 14
3 16 15
3 17 16
3 18 17
3 19 18
3 20 19
3 21 20
3 22 21
3 23 22
3 24 23
3 25 24
3 26 25
3 27 26
3 28 27
3 29 28
3 30 29
3 31 30
3 32 31
3 33 32
3 34 33
3 35 34
3 36 35
3 37 36
3 38 37
3 39 38
3 40 39
3 41 40
3 42 41
3 43 42
3 44 43
3 45 44
3 46 45
3 47 46
3 48 47
3 49 48
3 50 49
3 51 50
3 52 51
3 53 52
3 54 53
3 55 54
3 56 55
3 57 56
3 58 57
3 59 58
3 60 59
3 61 60
3 62 61
3 63 62
3 64 63
3 65 64
3 66 65
3 67 66
3 68 67
3 69 68
3 70 69
3 71 70
3 72 71
3 73 72
3 74 73
3 75 74
3 76 75
3 77 76
3 78 77
3 79 78
3 80 79
3 81 80
3 82 81
3 83 82
3 84 83
3 85 84
3 86 85
3 87 86
3 88 87
3 89 88
3 90 89
3 91 90
3 92 91
3 93 92
3 94 93
3 95 94
3 96 95
3 97 96
3 98 97
3 99 98
3 0 15150
3 15150 15151
3 15151 15152
3 15152 15153
3 15153 15154
3 15154 15155
3 15155 15156
3 15156 15157
3 15157 15158
3 15158 15159
3 15159 15160
3 15160 15161
3 15161 15162
3 15162 15163
3 15163 15164
3 15164 15165
3 15165 15166
3 15166 15167
3 15167 15168
3 15168 15169
3 15169 15170
3 15170 15171
3 15171 15172
3 15172 15173
3 15173 15174
3 15174 15175
3 15175 15176
3 15176 15177
3 15177 15178
3 15178 15179
3 15179 15180
3 15180 15181
3 15181 15182
3 15182 15183
3 15183 15184
3 15184 15185
3 15185 15186
3 15186 15187
3 15187 15188
3 15188 15189
3 15189 15190
3 15190 15191
3 15191 15192
3 15192 15193
3 15193 15194
3 15194 15195
3 15195 15196
3 15196 15197
3 15197 15198
3 15198 15199
3 15199 15200
3 15200 15201
3 15201 15202
3 15202 15203
3 15203 15204
3 15204 15205
3 15205 15206
3 15206 15207
3 15207 15208
3 15208 15209
3 15209 15210
3 15210 15211
3 15211 15212
3 15212 15213
3 15213 15214
3 15214 15215
3 15215 15216
3 15216 15217
3 15217 15218
3 15218 15219
3 15219 15220
3 15220 15221
3 15221 15222
3 15222 15223
3 15223 15224
3 15224 15225
3 15225 15226
3 15226 15227
3 15227 15228
3 15228 15229
3 15229 15230
3 15230 15231
3 15231 15232
3 15232 15233
3 15233 15234
3 15234 15235
3 15235 15236
3 15236 15237
3 15237 15238
3 15238 15239
3 15239 15240
3 15240 15241
3 15241 15242
3 15242 15243
3 15243 15244
3 15244 15245
3 15245 15246
3 15246 15247
3 15247 15248
